:020000040800F2
:1000000028460120ED010008B51A0108F9DF0008B3
:10001000511401082912000811AA0108000000006B
:10002000000000000000000000000000513B01083B
:1000300061320008000000000124010809430108A2
:10004000070200080702000807020008070200086C
:10005000070200080702000807020008070200085C
:10006000070200080702000807020008092D00081F
:10007000192D0008292D0008392D0008492D0008E8
:10008000070200080702000807020008070200082C
:1000900085A80108D9360008E936000807020008DB
:1000A000070200080702000807020008070200080C
:1000B00007020008070200080702000807020008FC
:1000C00007020008070200080702000807020008EC
:1000D00007020008A9710108B9710108C971010876
:1000E00007020008070200080702000807020008CC
:1000F00007020008070200080702000807020008BC
:1001000007020008070200080702000807020008AB
:100110005D5401086D540108070200080702000839
:10012000070200080702000807020008070200088B
:10013000070200080702000807020008070200087B
:10014000070200080702000807020008070200086B
:10015000070200080702000807020008070200085B
:10016000070200080702000807020008070200084B
:100170000702000807020008D94301080702000827
:10018000070200080702000807020008070200082B
:100190000702000800000000F936000809370008CF
:1001A000193700082937000807020008070200086D
:1001B0000702000807020008592D0008070200087E
:1001C00007020008070200080702000807020008EB
:1001D0000702000807020008DFF80CD000F03AFC24
:1001E00000480047FDE001082846012006488047F6
:1001F00006480047FEE7FEE7FEE7FEE7FEE7FEE70C
:10020000FEE7FEE7FEE7FEE7C5430108D901000867
:100210002DE9F05F0546002092469B46884606463B
:10022000814640241BE0284641464746224600F0CE
:10023000B0FA53465A46C01A914110D31146184697
:10024000224600F097FA2D1A67EB01084F46224626
:100250000120002100F08EFA17EB00094E41201E0C
:10026000A4F10104DFDC484631462A464346BDE896
:10027000F09F40EA01039B0703D009E008C9121F61
:1002800008C0042AFAD203E011F8013B00F8013B50
:10029000521EF9D27047D2B201E000F8012B491E7C
:1002A000FBD270470022F6E710B513460A46044613
:1002B0001946FFF7F0FF204610BD421C10F8011B45
:1002C0000029FBD1801A7047034611F8012B00F872
:1002D000012B002AF9D11846704730B50546002099
:1002E000034600E05B1C934205D2EC5CC85C201A1C
:1002F00001D1002CF6D130BD2DE9FE4F804681EAB8
:100300000300C00F0C46009021F0004123F000458F
:10031000B8EB0200A94105D24046214690461C4652
:100320000B46024623F00040104347D0270DC7F389
:100330000A00C3F30A510290401A019040286BDA78
:10034000C3F3130040F4801B0098924620B10023B1
:10035000D2EB030A63EB0B0B01985946C0F1400244
:10036000504600F007FA06460D4650465946019A97
:1003700000F01FFA10EB08006141002487EA1152D7
:1003800084EAE7731A4340D0009A62B3019A012AC3
:100390004FEA075215DC001B61EB02014FF00042EF
:1003A00002EA0752CDE90042001C41F580113246B5
:1003B0002B4600F07FFA03B0BDE8F08F404621469F
:1003C000F9E7001B61EB0201001C41F580130018E6
:1003D0005B412018A2F5001747EB030140EAD570F6
:1003E000B6196D4111E06D084FEA360645EAC07551
:1003F0004FEA0752001B61EB0201001C41F580111E
:1004000049084FEA30000019514132462B4603B0EB
:10041000BDE8F04F00F03FBA0098012240000023F1
:10042000D0EB020263EBE073009821464FEAE074E0
:10043000B8EB000061EB0401E9E783F000435BE700
:1004400081F0004158E72DE9FE4F81EA030404F0F2
:10045000004421F0004100944FF0000B23F00043D2
:1004600050EA01045ED052EA03045BD0C3F30A549D
:10047000C1F30A552C44A4F2F3340194A0FB0254B6
:10048000C1F3130141F48011C3F3130343F4801348
:1004900001FB024400FB034E840A970A44EA81549C
:1004A00047EA8357A4FB076802958D0A05FB078579
:1004B0004FEA932C04FB0C542705029D4FEA065883
:1004C00047EA1637B5EB08056EEB070C870E920E60
:1004D00047EA811742EA8312A7FB0201B6EB0B0140
:1004E00064EB00042B0D43EA0C335E1844EB1C5004
:1004F000DA465146E7FB0201C5F313044FEA0B331A
:1005000043EA14534FEA0432019C43EA0603A4F180
:100510000C040294009CCDE900B400F0CBF903B0C8
:10052000BDE8F08F00200146F9E72DE9F04D81EAA2
:10053000030404F0004B21F0004514464FF0000A7C
:1005400023F0004150EA050220D054EA01021DD0F8
:10055000C5F30A570246C5F31303C1F31300C1F3F1
:100560000A5640F4801543F48013A7EB0608101BCD
:10057000D64608F2FD3873EB050002D308F10108F6
:1005800001E092185B41B8F1000F03DA0020014648
:10059000BDE8F08D00204FF48011064684460EE041
:1005A000171B73EB050705D3121B63EB050306430B
:1005B0004CEA010C49084FEA300092185B4150EABE
:1005C0000107EDD152EA030012D082EA040083EA67
:1005D0000501084305D0101BAB4106D201220023C0
:1005E00006E000224FF0004302E06FF001025310DA
:1005F0001AEB06004CEB085110EB0A0041EB0B0123
:10060000BDE8F04D00F047B930B5041E71F10004AB
:1006100004DB4FF00044404264EB0101141E73F10F
:10062000000405DB1C464FF00043524263EB040319
:10063000101A8B4101D3012030BD002030BD0EB512
:10064000C10F80EAE0700844CA07002140F233433A
:100650008DE80E000A460B4600F02CF903B000BDF1
:100660000EB540F2334102910021CDE900110A4656
:100670000B4600F01FF903B000BD70B5C1F30A527C
:1006800001F000450024C1F3130140F2FF3341F4AF
:1006900080119A4201DA002070BD40F233439A4241
:1006A000A2F2334203DC524200F073F800E09040C3
:1006B0002C43F1D0404270BDC1F30A5210B5C1F3D2
:1006C000130140F2FF3341F480119A4201DA002015
:1006D00010BD40F233439A42A2F2334203DC52424D
:1006E00000F057F810BD904010BD00F0004230F00F
:1006F00000400AD0C10D01F56071C0F3160042EA56
:100700000151C2084007114370470020014670475D
:1007100001F0004330B421F0004150EA010206D05C
:100720000A0DA2F56072C1F31301002A02DC30BC8D
:1007300000207047440F44EAC104C100E01830BCF7
:1007400000EBC25000F047B830B50B460146002020
:100750002022012409E021FA02F59D4205D303FA83
:1007600002F5491B04FA02F52844151EA2F1010204
:10077000F1DC30BD202A04DB203A00FA02F100202F
:1007800070479140C2F1200320FA03F319439040CF
:100790007047202A04DB203A21FA02F0002170473A
:1007A00021FA02F3D040C2F12002914008431946D9
:1007B0007047202A06DBCB17203A41FA02F043EAC1
:1007C000E07306E041FA02F3D040C2F1200291400A
:1007D0000843194670470029A8BF7047401C4900CC
:1007E00008BF20F00100704710B4B0FA80FC00FA96
:1007F0000CF050EA010404BF10BC704749B1CCF1C1
:10080000200421FA04F411FA0CF118BF012121434C
:100810000843A3EB0C01CB1D4FEA00614FEA102007
:1008200042BF002010BC704700EBC35010440029A9
:10083000A4BF10BC7047401C490008BF20F0010055
:1008400010BC7047F0B400F0004221F0004120F0ED
:100850000040CE0DC30DC1F3160141F40001C0F3F9
:1008600016004C42154640F40000761E09E010EBDD
:10087000440002D582F0004240428842F7D840004E
:100880005B1EB342F9DA18B1F0BC0021FFF7ACBF30
:100890002846F0BC704710B5141E73F1000408DA46
:1008A000401C41F1000192185B411A4301D120F034
:1008B000010010BD2DE9F04D92469B4611B1B1FAF1
:1008C00081F202E0B0FA80F220329046FFF752FF48
:1008D00004460F4640EA0A0041EA0B0153465A46D5
:1008E000084313D0114653EA010019D0C8F1400261
:1008F0005046FFF74EFF05460E46504659464246C3
:10090000FFF738FF084305D0012004E020463946B0
:10091000BDE8F08D0020054346EAE0762C433743DE
:100920000A986305E40AA0EB08000022FD0A44EAE5
:1009300047540A3002D500200146E9E701051019A5
:100940006941DDE9084500196941BDE8F04DA2E7BC
:100950002DE9F04D00231A461B1A8A4103DB0020C3
:100960000146BDE8F08DC1F30A52C1F3130141F411
:1009700080154FF0000BD10702D100186D41521EB7
:100980000027044640F2FF11384601EB620A3E465A
:100990008046024600204FF48011FFF7FAFEC2198C
:1009A0007141BB1846EB0100B4EB030C75EB000C76
:1009B00004D3E41A65EB000517460E46241908F126
:1009C00001006D4180463428E3DDF91946EB06004D
:1009D000091BA84103D24FF0FF32134601E0002269
:1009E00013461BEB070046EB0A51BDE8F04DFFF73D
:1009F00052BFC1F30A52C1F3130140F2FF3341F475
:100A000080119A4202DA00200146704740F23343D7
:100A10009A42A2F2334202DC5242FFF7BABEFFF71B
:100A2000A9BE000030B5041E71F1000404DB4FF0D4
:100A30000044404264EB0101141E73F1000405DB25
:100A40001C464FF00043524263EB0403994208BF37
:100A5000904230BD1CB509480090094801900546F8
:100A6000009C06E0E06840F0010394E80700984726
:100A70001034AC42F6D3FFF7B3FB0000B41C0208FD
:100A8000D41C020870B58C1810F8015B15F0070330
:100A900001D110F8013B2A1106D110F8012B03E017
:100AA00010F8016B01F8016B5B1EF9D12B0705D41F
:100AB0000023521E0DD401F8013BFAE710F8013B68
:100AC000CB1A921C03E013F8015B01F8015B521E84
:100AD000F9D5A142D8D3002070BD000085B08DEDBE
:100AE000040A0390CDED020A8DED011ACDED001A36
:100AF0009DED040A039890ED001A30EE410A9DED39
:100B0000001A9DED012A21EE021AB4EE410AF1EE1F
:100B100010FA17DDFFE7039890ED000AB5EE400AE2
:100B2000F1EE10FA0EDCFFE79DED000A9DED012AC3
:100B3000039890ED001A20EE020A30EE010A80EDD3
:100B4000000A84E09DED040A039890ED001A30EE4F
:100B5000410A9DED001A9DED022A21EE021AB4EE23
:100B6000410AF1EE10FA17DDFFE7039890ED000A55
:100B7000B5EE400AF1EE10FA0EDDFFE79DED000A3A
:100B80009DED022A039890ED001A20EE020A30EE45
:100B9000010A80ED000A59E09DED040A039890EDEA
:100BA000001A30EE410A9DED001A9DED022A21EE59
:100BB000421AB4EE410AF1EE10FA17DAFFE7039891
:100BC00090ED000AB5EE400AF1EE10FA0EDCFFE7F8
:100BD0009DED001A9DED022A039890ED000A21EE8A
:100BE000021A30EE410A80ED000A2EE09DED040A63
:100BF000039890ED001A30EE410A9DED001A9DED2C
:100C0000012A21EE421AB4EE410AF1EE10FA17DA87
:100C1000FFE7039890ED000AB5EE400AF1EE10FAF6
:100C20000EDDFFE79DED001A9DED012A039890ED82
:100C3000000A21EE021A30EE410A80ED000A03E0BC
:100C4000049803990860FFE7FFE7FFE7FFE705B0B7
:100C50007047000082B08DED010ACDED000A9DEDD8
:100C6000011A40F20801C2F20001D1F83A0000EE88
:100C7000100A30EE010A10EE100AC1F83A009DED9C
:100C8000001AD1F83E0000EE100A30EE010A10EE14
:100C9000100AC1F83E0002B07047000080B584B071
:100CA000039041F20400CEF2000090ED000AB8EE8D
:100CB000400A9FED161A80EE010ABCEEC00A10EE43
:100CC000100A40F20801C2F200010191C1F80500CA
:100CD00044F68041C2F200010020088044F67E41C3
:100CE000C2F2000101200870039940F25450C2F290
:100CF000000002902F22FFF7BCFA01990298D0F869
:100D00000100C1F8010004B080BD00BF00002A430B
:100D100080B58AB040F25451C2F20001D1F80E0001
:100D2000D1F81610049100EE100A44F64440C2F2C5
:100D3000000090ED011A30EE410A10EE100AFFF7A4
:100D4000D4FC0246049805920A46059942EC101B11
:100D500052EC101B9FED2E0B53EC10CBDB0F63F30B
:100D6000DF7242EC101B8DED060BFFF7BEFC9DED14
:100D7000061B41EC100B51EC110B53EC102BFFF741
:100D800043FCE8BBFFE740F25451C2F20001D1F846
:100D90001200D1F81A10009100EE100A44F64440F7
:100DA000C2F2000090ED021A30EE410A10EE100A75
:100DB000FFF79BFC0246009801920A46019942EC1B
:100DC000101B52EC101B9FED120B53EC10CBDB0FE2
:100DD00063F3DF7242EC101B8DED020BFFF785FC15
:100DE0009DED021B41EC100B51EC110B53EC102B41
:100DF000FFF70AFC20B9FFE701208DF8270003E088
:100E000000208DF82700FFE79DF827000AB080BD7D
:100E1000000000000000000080B58AB009900020AA
:100E20008DF82300FFE79DF82300042814DCFFE77A
:100E300040F25800C2F2000000689DF8232040F202
:100E4000BC51C2F2000141F82200FFE79DF82300E7
:100E500001308DF82300E6E7FFE702F045FF40F29E
:100E60000801C2F200010220087040F25800C2F2EC
:100E700000000068C1F8310045F2BD30C2F2000048
:100E80000078632808DCFFE740F20801C2F20001A5
:100E9000012081F8350007E040F20801C2F20001AC
:100EA000002081F83500FFE744F64440C2F200001C
:100EB0000290416840F20802C2F200020692C2F8B3
:100EC0000D10C16881F00041C2F81510816881F0F1
:100ED0000041C2F811100169C2F8191090ED010A21
:100EE0009FED3A1A8DED031A20EE010A1EF04CFF19
:100EF00002989DED031A8DED010A40F21061C2F2D5
:100F00000001049191ED0E0A8DED000A90ED010AA9
:100F100020EE010A1EF0D4FD9DED003A02989DEDF1
:100F2000031A0499069AB0EE402A9DED010A91ED4C
:100F30000F4A22EE042A20EE030A30EE020A10EED7
:100F4000101AC2F8251090ED010A20EE010A1EF0D9
:100F50001BFF02989DED031A04998DED070A91ED90
:100F60000F0A8DED050A90ED010A20EE010A1EF030
:100F7000A7FD04999DED052A0698B0EE401A9DED57
:100F8000070A91ED0E3A21EE031A20EE020A30EE26
:100F9000410A10EE101AC0F8291041F20401CEF2F5
:100FA000000191ED000AB8EE400A9FED091A80EEAB
:100FB000010ABCEEC00A10EE101AC0F80910422156
:100FC00019F0CCFC01201DF0FDF846E735FA8E3C07
:100FD00000002A4380B541F20000C4F60000082159
:100FE000012206F0A7FE80BD80B541F20000C4F6E4
:100FF00000000821002206F09DFE80BD80B541F270
:101000000000C4F600001021012206F093FE80BD0E
:1010100080B541F20000C4F600001021002206F065
:1010200089FE80BD80B586B005908DF813100598B7
:1010300040F25401C2F20001086046F6A061C2F21B
:1010400000010291002008701CF0CEFD02990246BA
:101050000878104308701CF0A5FE02990246087833
:101060001043087044F6F860C2F2000003904FF697
:101070000001C0F607011422FFF7FBF8039890ED7A
:10108000000AB7EE001AB4EE410AF1EE10FA48D0A9
:10109000FFE79DF81300012843D1FFE740F2845099
:1010A000C2F20000009000F04FFE009944F6F86292
:1010B000C2F2000201924FF07E501060486A506008
:1010C000886A9060C86AD060086B106191ED0C1A54
:1010D0009FED260A80EE010A81ED080A0020C4F285
:1010E000202088617F2002F0EFFB019802684368AE
:1010F0004FF60000C0F6070002F0C0FD01988268BC
:10110000C3684FF60800C0F6070002F0B7FD01986B
:10111000026943694FF61000C0F6070002F0AEFD09
:101120001CE044F6F860C2F20000426840F28451CC
:10113000C2F200014A6282688A62C268CA620069B9
:10114000086391ED0C1A9FED090A80EE010A81ED0A
:10115000080A0020C4F220208861FFE746F6A0605C
:10116000C2F20000007806B080BD00BFC3F51C418C
:1011700080B584B08DF80F0002918DF807209DF89E
:101180000F0040F0800000F027F8FFE79DF807000F
:1011900070B1FFE7552000F01FF80299087002981F
:1011A000013002909DF8070001388DF80700EDE747
:1011B00004B080BD80B582B08DF8070000919DF825
:1011C000070040F0800000F007F8552000F004F818
:1011D0000099087002B080BD80B582B08DF807001C
:1011E00040F25400C2F2000000686A464FF47A717F
:1011F00011600DF107010DF10602012309F0F0FE67
:101200009DF8060002B080BD80B582B08DF8070061
:101210008DF806109DF80700FFF7DEFF9DF8060029
:10122000FFF7DAFF02B080BDFFE7FEE780B582B0CE
:1012300047F67840C2F2000001900AF03DFB0198A9
:1012400000210BF0A7F802B080BD000081B08DF83E
:1012500003009DF8030040F2D851C2F2000108706B
:1012600001B0704783B08DF80B009DF80B0001466C
:101270000091152800F2C2810099DFE811F01600F4
:101280001C002F00430057006B007F009300A70055
:10129000BB00CF00E300F7000B011F013301470142
:1012A0005B016F0183019701AB013220ADF80800AB
:1012B00064200190A2E13220ADF80800BDF80810CA
:1012C0004FF68060C0F62120B0FBF1F042F22D31E4
:1012D000C0F2FA01A0FB011001908FE13220ADF8BD
:1012E0000800BDF808104FF68060C0F62120B0FB62
:1012F000F1F049F2C551C0F6EE51A0FB0110000912
:1013000001907BE13220ADF80800BDF808104FF6DF
:101310008060C0F62120B0FBF1F048F2C701C0F6B2
:101320006941A0FB01100009019067E13220ADF88E
:101330000800BDF808104FF68060C0F62120B0FB11
:10134000F1F048F20941C0F6BC31A0FB01100009E0
:10135000019053E13220ADF80800BDF808104FF6B7
:101360008060C0F62120B0FBF1F04BF61541C0F2D1
:101370009C21A0FB0110800801903FE13220ADF8D4
:101380000800BDF808104FF68060C0F62120B0FBC1
:10139000F1F042F29501C0F64F11A0FB01100009D7
:1013A00001902BE13220ADF80800BDF808104FF68F
:1013B0008060C0F62120B0FBF1F049F69D71C0F6C7
:1013C0004A01A0FB01100009019017E13220ADF89D
:1013D0000800BDF808104FF68060C0F62120B0FB71
:1013E000F1F04EF6E941C0F2D471A0FB0110000902
:1013F000019003E13220ADF80800BDF808104FF667
:101400008060C0F62120B0FBF1F04AF63711C0F63B
:10141000F451A0FB011040090190EFE03220ADF83B
:101420000800BDF808104FF68060C0F62120B0FB20
:10143000F1F042F69111C0F23761A0FB01100009F2
:101440000190DBE03220ADF80800BDF808104FF63F
:101450008060C0F62120B0FBF1F048F20941C0F6EF
:10146000BC31A0FB011040090190C7E03220ADF86B
:101470000800BDF808104FF68060C0F62120B0FBD0
:10148000F1F04BF61541C0F29C21A0FB0110C00801
:101490000190B3E03220ADF80800BDF808104FF617
:1014A0008060C0F62120B0FBF1F042F29501C0F659
:1014B0004F11A0FB0110400901909FE03220ADF8D0
:1014C0000800BDF808104FF68060C0F62120B0FB80
:1014D000F1F049F69D71C0F64A01A0FB01104009E8
:1014E00001908BE03220ADF80800BDF808104FF6EF
:1014F0008060C0F62120B0FBF1F04EF6E941C0F269
:10150000D471A0FB01104009019077E03220ADF8C2
:101510000800BDF808104FF68060C0F62120B0FB2F
:10152000F1F049F6D561C0F6F151A0FB0110800938
:10153000019063E03220ADF80800BDF808104FF6C6
:101540008060C0F62120B0FBF1F042F69111C0F2AC
:101550003761A0FB0110400901904FE03220ADF847
:101560000800BDF808104FF68060C0F62120B0FBDF
:10157000F1F04BF6EB21C1F27471A0FB0110C00930
:1015800001903BE03220ADF80800BDF808104FF69E
:101590008060C0F62120B0FBF1F04BF61541C0F29F
:1015A0009C21A0FB01100009019027E03220ADF83A
:1015B0000800BDF808104FF68060C0F62120B0FB8F
:1015C000F1F042F29501C0F64F11A0FB0110800925
:1015D000019013E03220ADF80800BDF808104FF676
:1015E0008060C0F62120B0FBF1F049F69D71C0F695
:1015F0004A01A0FB011080090190FFE7BDF8080037
:10160000013847F67841C2F2000109688862FFE7B5
:101610000198013847F67841C2F200010A68D062A9
:1016200001980138C860FFE70198400847F6784103
:10163000C2F200010968486303B0704780B547F6FD
:101640007840C2F2000000210AF0A4FE80BD000034
:1016500080B547F67840C2F2000000210AF0E6FFAC
:1016600080BD000080B59AB01990FFF7DFFDFFE75D
:1016700040F2D850C2F200000078014616911228BC
:1016800000F243821699DFE811F0130020008B006E
:10169000A700C300F40040024002400240024002A2
:1016A000100136015C018201A801CE01F4011A0289
:1016B00000201590FFF7D6FD159840F2D851C2F2E0
:1016C00000010870FFF7C4FF1FE2FFF7B7FF082013
:1016D000FFF7C8FDC82010901CF074FD0020149086
:1016E000FFF7C0FD322011901CF06CFD09200F9017
:1016F000FFF7B8FD10981CF065FD1498FFF7B2FDD8
:1017000011981CF05FFD0A20FFF7ACFD10981CF04B
:1017100059FD1498FFF7A6FD11981CF053FD0F9882
:10172000FFF7A0FD10981CF04DFD1498FFF79AFDEF
:1017300011981CF047FD0C201290FFF793FD1098B4
:101740001CF040FD1498FFF78DFD11981CF03AFD38
:101750000E20FFF787FD10981CF034FD1498FFF75A
:1017600081FD11981CF02EFD0D201390FFF77AFDDE
:101770004FF4FA701CF026FD1298FFF773FDFA2063
:101780001CF020FD1398FFF76DFD40F2EE201CF0D9
:1017900019FD149840F2D851C2F200010870B4E16A
:1017A000FFF74CFF0820FFF75DFDC8200E901CF0EE
:1017B00009FD0A20FFF756FD0E981CF003FD0C20D2
:1017C000FFF750FD0E981CF0FDFC40F2D851C2F21C
:1017D00000010020087098E1FFF730FF0C20FFF7B0
:1017E00041FDC8200D901CF0EDFC0A20FFF73AFDEA
:1017F0000D981CF0E7FC0820FFF734FD0D981CF055
:10180000E1FC40F2D851C2F20001002008707CE1F6
:10181000FFF714FF0E200990FFF724FD32200A90F5
:101820001CF0D0FC00200C90FFF71CFD96200B90C4
:101830001CF0C8FC0998FFF715FD0A981CF0C2FCC3
:101840000C98FFF70FFD0B981CF0BCFC0998FFF7F4
:1018500009FD0A981CF0B6FC0C98FFF703FD0B98E5
:101860001CF0B0FC0C9840F2D851C2F20001087094
:101870004BE1FFF7E3FE0E20FFF7F4FCC8200890D1
:101880001CF0A0FC0C20FFF7EDFC08981CF09AFC63
:101890000A20FFF7E7FC08981CF094FC40F2D851AE
:1018A000C2F20001002008702FE1FFF7C7FE002000
:1018B0008DF86300FFE79DF86300002814DCFFE764
:1018C0000C20FFF7CFFC642007901CF07BFC00206D
:1018D000FFF7C8FC07981CF075FCFFE79DF8630054
:1018E00001308DF86300E6E740F2D851C2F2000102
:1018F0000020087009E1FFF7A1FE00208DF86200CA
:10190000FFE79DF86200012814DCFFE70C20FFF7D9
:10191000A9FC642006901CF055FC0020FFF7A2FCF7
:1019200006981CF04FFCFFE79DF8620001308DF82F
:101930006200E6E740F2D851C2F2000100200870D0
:10194000E3E0FFF77BFE00208DF86100FFE79DF8E4
:101950006100022814DCFFE70C20FFF783FC642001
:1019600005901CF02FFC0020FFF77CFC05981CF074
:1019700029FCFFE79DF8610001308DF86100E6E782
:1019800040F2D851C2F2000100200870BDE0FFF71C
:1019900055FE00208DF86000FFE79DF860000328E9
:1019A00014DCFFE70C20FFF75DFC642004901CF0C2
:1019B00009FC0020FFF756FC04981CF003FCFFE72D
:1019C0009DF8600001308DF86000E6E740F2D851E4
:1019D000C2F200010020087097E0FFF72FFE002000
:1019E0008DF85F00FFE79DF85F00042814DCFFE737
:1019F0000C20FFF737FC642003901CF0E3FB002071
:101A0000FFF730FC03981CF0DDFBFFE79DF85F005B
:101A100001308DF85F00E6E740F2D851C2F20001D4
:101A20000020087071E0FFF709FE00208DF85E00CD
:101A3000FFE79DF85E00052814DCFFE70C20FFF7A8
:101A400011FC642002901CF0BDFB0020FFF70AFC93
:101A500002981CF0B7FBFFE79DF85E0001308DF89F
:101A60005E00E6E740F2D851C2F2000100200870A3
:101A70004BE0FFF7E3FD00208DF85D00FFE79DF8E8
:101A80005D00062814DCFFE70C20FFF7EBFB642069
:101A900001901CF097FB0020FFF7E4FB01981CF07D
:101AA00091FBFFE79DF85D0001308DF85D00E6E7F2
:101AB00040F2D851C2F200010020087025E0FFF783
:101AC000BDFD00208DF85C00FFE79DF85C00072855
:101AD00014DCFFE70C20FFF7C5FB642000901CF02E
:101AE00071FB0020FFF7BEFB00981CF06BFBFFE7CB
:101AF0009DF85C0001308DF85C00E6E740F2D851BB
:101B0000C2F2000100200870FFE70A201CF05AFB17
:101B1000AEE5000080B58AB00990002002900390E5
:101B200004900590012101910691079040F2FF7009
:101B30000890099803A904F0D5FD029B099869460D
:101B40000B600222114604F029FE0199029A0998BD
:101B500004F074FC0AB080BD80B584B047F2E85050
:101B6000C2F20000019005F01BFD47F24C60C2F28A
:101B70000000029005F014FD47F2B060C2F20000D0
:101B8000039005F00DFD0198FFF7C4FF0298FFF7E1
:101B9000C1FF0398FFF7BEFF04B080BD80B58EB0D3
:101BA0000D90ADF832100B92BDF83200029000207B
:101BB00003900490082105910690079008900990E1
:101BC0000A90FFE70D9804F03DFF50B9FFE7019838
:101BD000013001900198B0F57A7F01D9FFE700E06C
:101BE000F0E70D980B9A02A904F02EFD0EB080BD0F
:101BF00084B08DF80F000291ADF806209DF80F001B
:101C00000146009123281DD80099DFE801F0121346
:101C10001415161B1B1B1B1B1B1B1B1B1B1B1B1B26
:101C20001B1B1B1B1B1B1B1B1B1B1B1B1B1B17180B
:101C3000191A08E007E006E005E004E003E002E02E
:101C400001E000E0FFE7002004B07047002070478B
:101C500080B582B046F6B460C2F20000009046F251
:101C6000F051C2F200010022019215F0E7FD009848
:101C700045F6F051C2F2000115F0C6FD019802B020
:101C800080BD000080B584B003900291039946F6B0
:101C9000B460C2F20000019015F0B6FD019815F095
:101CA0005DFD03980299096818F040FE002004B019
:101CB00080BD000083B0029001918DF803200020C8
:101CC0008DF802009DF9020003B0704780B586B020
:101CD0000490ADF80E1000208DF80D0046F6B460AB
:101CE000C2F20000D0F8BC0202900298D0F81402B0
:101CF00020B1FFE701208DF8170013E00499BDF82B
:101D00000E2046F6B460C2F20000019015F096FD78
:101D1000019815F081FE8DF80D009DF80D008DF8ED
:101D20001700FFE79DF8170006B080BD80B547F2A9
:101D3000B060C2F2000044210022FFF72FFF0EF036
:101D400067FCFFF709FF80BD80B592B005A902913D
:101D50001190002010900F9001F094F940F208606B
:101D6000C2F2000080ED000AFFE701F08BF940F2BB
:101D70000860C2F2000090ED001A30EE410AB2EEA7
:101D8000041AB4EE410AF1EE10FA1ADDFFE71199D8
:101D900043F6AC00C3F622304862119941F2B060BC
:101DA000C3F6CE1088621199C862119941F23F6062
:101DB000C4F21B10086311990020C4F2202088612E
:101DC000F6E29FEDE40A01F0E5F8119900200863BE
:101DD00011994862119988621199C862ADF8120090
:101DE000FFE7BDF8120040F28E01C2F2000109883F
:101DF000884280F2E781FFE7FFF7F6F89220FFF7CD
:101E0000EBF912200FA901910622FFF7B1F9FFF7B4
:101E1000E1F89DF83C009DF83D1040EA0120ADF846
:101E20003A00BDF93A0000EE100AB8EEC00A40F2DE
:101E30004C00C2F2000090ED001A20EE010A119948
:101E400081ED000A9DF83E109DF83F2041EA0221F5
:101E5000ADF83A10BDF93A1000EE101AB8EEC00A0B
:101E600090ED001A20EE010A119981ED010A9DF80A
:101E700040109DF8412041EA0221ADF83A10BDF929
:101E80003A1000EE101AB8EEC00A90ED001A20EEDB
:101E9000010A119880ED020A119890ED001A90ED58
:101EA000012A90ED020A22EE022A21EE011A31EEF9
:101EB000021A20EE000A30EE010A1EF06AF80298BB
:101EC00080ED020A90ED021A119890ED0C0A30EEA6
:101ED000010A80ED0C0AFFF79BF801990020082207
:101EE000FFF746F9FFF78AF89DF83C000F285FD10D
:101EF000FFE79DF83E009DF83F1040EA0120ADF855
:101F00003A00BDF93A0000EE100AB8EEC00A40F2FD
:101F10005000C2F2000090ED001A20EE010A119963
:101F200081ED030A119991ED031A91ED090A30EE42
:101F3000010A81ED090A9DF840109DF8412041EA0F
:101F40000221ADF83A10BDF93A1000EE101AB8EEC1
:101F5000C00A90ED001A20EE010A119981ED040AE1
:101F6000119991ED041A91ED0A0A30EE010A81ED02
:101F70000A0A9DF842109DF8432041EA0221ADF87B
:101F80003A10BDF93A1000EE101AB8EEC00A90ED02
:101F9000001A20EE010A119880ED050A119890EDC3
:101FA000051A90ED0B0A30EE010A80ED0B0AFFE7EF
:101FB000BDF8120038BBFFE7079806900798059018
:101FC00000208DF81100FFE79DF81100022819DCB0
:101FD000FFE711989DF8112000EB8200C0680BA963
:101FE00041F8220011989DF8112000EB8200C06892
:101FF00008A941F82200FFE79DF8110001308DF893
:102000001100E1E764E0029890ED020A90ED011AF8
:10201000B4EE410AF1EE10FA03DDFFE707980690EF
:10202000FFE7029890ED020A90ED001AB4EE410A23
:10203000F1EE10FA03DAFFE707980590FFE70020BA
:102040008DF81000FFE79DF8100002283FDCFFE745
:1020500011989DF8101000EB810090ED030A0BA879
:1020600000EB810090ED001AB4EE410AF1EE10FA97
:102070000ADDFFE711989DF8102000EB8200C06890
:102080000BA941F82200FFE711989DF8101000EB12
:10209000810090ED030A08A800EB810090ED001A82
:1020A000B4EE410AF1EE10FA0ADAFFE711989DF852
:1020B000102000EB8200C06808A941F82200FFE769
:1020C000FFE79DF8100001308DF81000BBE7FFE737
:1020D000029890ED010A90ED001A30EE410A46F6A2
:1020E000A460C2F2000080ED000A00208DF80F000D
:1020F000FFE79DF80F0002281DDCFFE79DF80F1099
:102100000BA800EB810090ED000A08A800EB81000D
:1021100090ED001A30EE410A46F6A860C2F20000C7
:1021200000EB810080ED000AFFE79DF80F00013011
:102130008DF80F00DDE746F6A460C2F2000090EDD6
:10214000000AB6EE001AB4EE410AF1EE10FA2DDCE8
:1021500002E000BF0AD7A33B46F6A860C2F2000027
:1021600090ED000A9FED981AB4EE410AF1EE10FAD4
:102170001CDCFFE746F6A860C2F2000090ED010A01
:102180009FED911AB4EE410AF1EE10FA0EDCFFE772
:1021900046F6A860C2F2000090ED020A9FED8A1A8E
:1021A000B4EE410AF1EE10FA01DDFFE70AE09FED1F
:1021B000870A00F0EFFEFFE7BDF812000130ADF82E
:1021C00012000EE640F28E00C2F20000008800EE1F
:1021D000100AB8EE401A119890ED0C0A80EE010A30
:1021E00080ED0C0A00208DF80E00FFE79DF80E0030
:1021F00002281BDCFFE740F28E00C2F200000088DC
:1022000000EE100AB8EE401A11989DF80E1000EB7F
:10221000810090ED090A80EE010A80ED090AFFE7CE
:102220009DF80E0001308DF80E00DFE7FEF7DCFEB2
:10223000A220FEF7D1FF22200FA90222FEF798FF6D
:10224000FEF7C8FE9DF83C009DF83D10C00040EA36
:102250005110ADF83A00BDF93A00B0F5806F07DBD8
:10226000FFE7BDF83A00A0F50060ADF83A00FFE7DF
:10227000BDF93A0000EE100AB8EEC00AB4EE001A3A
:1022800020EE010AB3EE071A30EE010A119880ED34
:10229000060A46F69861C2F20001088801300880FB
:1022A000FFE746F6A460C2F2000090ED000A0120AC
:1022B000B6EE001AB4EE410AF1EE10FA009071DCAD
:1022C000FFE7119890ED0C0A9FED411A30EE010ADC
:1022D000B0EEC00A0120B6EE001AB4EE410AF1EEEB
:1022E00010FA00905EDCFFE746F6A860C2F200003C
:1022F00090ED000A01209FED341AB4EE410AF1EE90
:1023000010FA00904EDCFFE746F6A860C2F200002B
:1023100090ED010A01209FED2C1AB4EE410AF1EE76
:1023200010FA00903EDCFFE746F6A860C2F200001B
:1023300090ED020A01209FED241AB4EE410AF1EE5D
:1023400010FA00902EDCFFE7119890ED090AB0EE2C
:10235000C00A01209FED1F1AB4EE410AF1EE10FAF7
:1023600000901FDCFFE7119890ED0A0AB0EEC00A5A
:1023700001209FED181AB4EE410AF1EE10FA009018
:1023800010DCFFE7119890ED0B0AB0EEC00A9FED4C
:10239000111A0020B4EE410AF1EE10FAC8BF012074
:1023A0000090FFE70098C00700287FF4DEACFFE74D
:1023B000119890ED0C1A9FED080A80EE010A80ED4D
:1023C000080A12B080BD00BF9A99193E6F12033AF5
:1023D000CDCC1CC10AD7233CC3F51C4180B5A2B0AB
:1023E00021904FF47A701BF0EDFE40F21060C2F2C3
:1023F00000001C9000F5D270B1EE040A8DED1D0AAC
:102400009FEDDF2A8DED1E2ADFEDDE2ACDED1F2A9E
:10241000F0EE420AB0EE421AF0EE421A0FF0F0FE71
:102420001C989DED1D0A9DED1E2ADDED1F2A00F56D
:10243000F870F0EE420AB0EE421AF0EE421A0FF0D7
:10244000DFFE1C989DED1D0A9DED1E2ADDED1F2A65
:1024500000F50F70F0EE420AB0EE421AF0EE421AAA
:102460000FF0CEFE1C989DED1D0A9DED1E2ADDEDA0
:102470001F2A00F52270F0EE420AB0EE421AF0EE8A
:10248000421A0FF0BDFEFFE740F21060C2F20000FA
:102490001A905C3000F0AAFD1A988DED200A44F6DF
:1024A000E041C2F200011091D1F828E0D1F860C0FB
:1024B000D1F89830D1F8D0208EF0004E00EE10EA1E
:1024C00001EE10CA30EE410A01EE103A30EE010A78
:1024D00001EE102A30EE010A9FEDAB1A20EE010A40
:1024E00080ED0B0AD1F828E0D1F860C0D1F898301F
:1024F000D1F8D02002EE10EA00EE10CA30EE420A07
:1025000002EE103A30EE420A02EE102A30EE020AD3
:1025100020EE010A80ED0C0AD1F828C00B6ED1F82C
:102520009820D1F8D0108CF0004C00EE10CA02EECA
:10253000103A30EE420A02EE102A30EE420A02EE63
:10254000101A30EE420A20EE010A9FED901A80EE3A
:10255000010A80ED0D0A9DED202A90ED0B0A90ED09
:10256000111A20EE020A30EE010A80ED110A9DEDEB
:10257000202A90ED0C0A90ED121A20EE020A30EE9D
:10258000010A80ED120A9DED202A90ED0D0A90EDD2
:10259000131A20EE020A9FED7E2A8DED162A20EEF8
:1025A000020A30EE010A80ED130A90ED0B0A8DED60
:1025B000130A90ED180A1DF0E7FB1A988DED120A28
:1025C00090ED0C0A8DED110A90ED180A1DF078FAC5
:1025D0009DED111A9DED122A1A98B0EE403A9DED2C
:1025E000130A21EE031A20EE020A30EE010A80EDF2
:1025F0000F0A90ED0B0A8DED170A90ED180A1DF0E9
:102600005FFA1A988DED150A90ED0C0A8DED140AFB
:1026100090ED180A1DF0B8FB9DED141A9DED153ACA
:102620009DED162A1A98B0EE404A9DED170A21EE4C
:10263000041A20EE030A30EE410A80ED0E0A416BC7
:1026400001649DED203A90ED0E0A90ED141A20EEF3
:10265000030A30EE010A80ED140A9DED203A90ED58
:102660000F0A90ED151A20EE030A30EE010A80EDF4
:10267000150A9DED203A90ED100A90ED161A20EE05
:10268000030A20EE020A30EE010A80ED160A45F236
:102690008421C2F200011B9191ED030ADDED201AA5
:1026A0000830F2EE080ACDED180A9FED3A1A8DEDCA
:1026B000191AFEF713FADDED180A9DED191A1A988A
:1026C0001B9991ED040ADDED201A0C30FEF706FA95
:1026D0001A981B9991ED050ADDED201A1030DFEDF7
:1026E0002E0A9FED2E1AFEF7F9F91A991B988A689F
:1026F0004A61CA688A610A69CA6190ED0D0A9FED54
:10270000281A20EE010A9FED271A80EE010A81EDBA
:10271000180A90F83B00052846D1FFE740F2106008
:10272000C2F200000E900021016290ED061A90EDB9
:10273000180AB7EE082A21EE021A8DED0F1A1DF0C5
:10274000BFF90E988DED0D0A90ED050A8DED0C0A7E
:1027500090ED180A1DF018FB9DED0C1A9DED0D2A49
:102760000E99B0EE403A9DED0F0A21EE031A20EECD
:10277000020A30EE010A81ED090A0869886263E005
:102780000000000000007A46EE87103939B4483E58
:10279000E02E654200004842E1E57442201A7F4382
:1027A000DB0F4940000034C340F21060C2F2000069
:1027B0000A9090ED050A8DED070A90ED180A1DF0BC
:1027C0007FF90A988DED060A90ED060A8DED050A4F
:1027D00090ED180A1DF0D8FA9DED051A9DED062A18
:1027E0000A98B0EE403A9DED070A21EE031A20EE5A
:1027F000020A30EE010A80ED080A90ED060A8DED1E
:102800000B0A90ED180A1DF05BF90A988DED090A84
:1028100090ED050A8DED080A90ED180A1DF0B4FA46
:102820009DED081A9DED092A0A99B0EE403A9DEDFA
:102830000B0A21EE031A20EE020A30EE410A81ED66
:10284000090A08698862FFE740F21060C2F20000DE
:10285000049090ED082A90ED091A90ED0A0AB1EE65
:10286000411A31EE421A9FEDDD2A20EE020A30EEC7
:10287000010A80ED190A90ED083A90ED091A90EDE1
:102880000A0A31EE431A20EE020A30EE010A80ED08
:102890001A0A90ED081A90ED093A90ED0A0A31EE05
:1028A000431A20EE020A30EE010A80ED1B0A90ED79
:1028B000083A90ED091A90ED0A0A31EE031A20EE5B
:1028C000020A30EE010A80ED1C0A90ED190A9FED14
:1028D000C41A8DED021A80EE010A44F6E041C2F2FC
:1028E00000010391896A00EE901A00F5D2700FF092
:1028F000ADFC9DED021A0399049890ED1A0A80EE42
:10290000010A096E00EE901A00F5F8700FF09EFCB7
:102910009DED021A0399049890ED1B0A80EE010ABE
:10292000D1F8981000EE901A00F50F700FF08EFCA1
:102930009DED021A0399049890ED1C0A80EE010A9D
:10294000D1F8D01000EE901A00F522700FF07EFC46
:1029500045F28420C2F2000090F83B00052813D114
:10296000FFE740F21060C2F2000090ED790A9FED9F
:102970009D1A20EE010A80ED790A90ED8C0A20EE76
:10298000010A80ED8C0AFFE745F28420C2F20000C4
:1029900090F83E00012840F09D80FFE745F2BD30F1
:1029A000C2F20000408900EE100AB8EEC02A45F2DB
:1029B000A830C2F20000008900EE100AB8EEC03A5A
:1029C0009FED890A30EE430AB9EE041A20EE010A9F
:1029D00030EE020A45F28420C2F2000090F83A106C
:1029E0001922514301EE101AB8EEC11AB3EE0E4A85
:1029F00031EE041A21EE031A81EE021A30EE010ABA
:102A000040F21061C2F2000181ED010A90ED100A5E
:102A1000B2EE001AB4EE410AF1EE10FA27DBFFE73E
:102A200045F28420C2F2000090ED100AB2EE0C1ABA
:102A3000B4EE410AF1EE10FA19DCFFE745F284200A
:102A4000C2F2000090ED100ABAEE001A30EE010A50
:102A5000B1EE081A80EE011A40F21060C2F20000D6
:102A600090ED010A20EE010A80ED010A31E045F205
:102A70008420C2F2000090ED100AB2EE001AB4EE0B
:102A8000410AF1EE10FA23DAFFE745F2BD30C2F257
:102A90000000408900EE100AB8EEC01A45F2A830D6
:102AA000C2F20000008900EE100AB8EEC02A9FEDC5
:102AB0004E0A30EE420AB9EE042A20EE020A30EE47
:102AC000010A40F21060C2F2000080ED010AFFE747
:102AD000FFE722E045F2BD30C2F20000408900EE7F
:102AE000100AB8EEC01A45F2A830C2F20000008900
:102AF00000EE100AB8EEC02A9FED3B0A30EE420A03
:102B0000B9EE042A20EE020A30EE010A40F210600B
:102B1000C2F2000080ED010AFFE740F21060C2F24D
:102B2000000090ED010AB5EE400AF1EE10FA07DA66
:102B3000FFE740F21061C2F2000100204860FFE7A9
:102B400040F21060C2F2000090ED010A44F6E0414C
:102B5000C2F200010FF086FC45F28420C2F20000B0
:102B6000007848B3FFE740F21060C2F2000090ED39
:102B7000793A90ED8C2A90ED9F1A90EDB20ABDEE55
:102B8000C33A13EE102ABDEEC22A12EE103ABDEE81
:102B9000C11A11EE100ABDEEC00A10EE10CA694645
:102BA000C1F804C0086047F2E850C2F200004FF4D8
:102BB00000710EF0E5FC0DE0684600234360036001
:102BC00047F2E850C2F200004FF400711A460EF0CE
:102BD000D7FCFFE701201BF0F5FA55E439B448BEF5
:102BE000EE87103A9A99993E0000344280B584B03D
:102BF00003900020029040F25630C2F200000068BC
:102C000046F63C61C2F20001886332201BF0DAFA1A
:102C1000FFE711F00FFB029849F69811C1F69911E0
:102C20004CF6CD42CCF6CC4200FB02104FEA7000CD
:102C3000884201D8FFE7FFE7029849F69812C1F6EB
:102C400099124CF6CD41CCF6CC4100FB01204FEA65
:102C5000B0004CF6CC41C0F6CC41884220D8FFE70A
:102C600044F65010C2F20000826846F60461C2F2D7
:102C700000010A6042684A60D0F8AC00886046F6FD
:102C80003C60C2F2000001903822FDF7F2FA01998F
:102C900047F68060C2F200003C220AF0A3FFFFE783
:102CA00002984BF65002C0F21E5245F62941CCF272
:102CB0008F2100FB01204FEAB00045F62841C0F209
:102CC0008F21884201D8FFE7FFE7029842F2D842FD
:102CD000C0F2061247F6D501C2F2E96100FB0120FD
:102CE0004FEAF00048F63611C0F24101884203D89D
:102CF000FFE700200290FFE70298013002900120D8
:102D00001BF060FA85E7000080B547F22820C2F288
:102D1000000003F099F980BD80B547F2E820C2F2C7
:102D2000000003F091F980BD80B547F2A830C2F2EF
:102D3000000003F089F980BD80B547F26840C2F217
:102D4000000003F081F980BD80B547F22850C2F23F
:102D5000000003F079F980BD80B547F2E820C2F2A7
:102D6000000003F06BF880BD84B003900398006806
:102D700040F20741C4F20201884211D8FFE740F651
:102D80000000C4F2020000900398007808384CF666
:102D9000CD41CCF6CC41A0FB01100009019012E01E
:102DA00040F62000C4F20200009003980078083832
:102DB0004CF6CD41CCF6CC41A0FB0101082000EB44
:102DC00011100190FFE700980290029803994A6C55
:102DD00022F0030210448864039940F68000C4F294
:102DE0000200C864019800F01F0101208840039987
:102DF000086504B07047000082B0019001984068F7
:102E000000F07F000090009940F6FC00C4F2020040
:102E100000EB810001994865019940F64010C4F229
:102E2000020088650098013800F01F0101208840E9
:102E30000199C86502B0704784B003900291019275
:102E400000930398C16C006D48600398406D28B1F1
:102E5000FFE70398816DC06D4860FFE70398016C40
:102E6000406C00F01F0201209040486000980399D8
:102E70000968486003988068102809D1FFE7019825
:102E8000039909688860029803990968C86008E096
:102E90000298039909688860019803990968C860D5
:102EA000FFE704B07047000086B08DED050ACDED58
:102EB000040A8DED031A02909DED030A9DED041A9C
:102EC00030EE410A8DED010A049800909DED050A4F
:102ED0009DED001A30EE410A029901208840013828
:102EE00001EE100AB8EEC11A20EE010A9DED011A9A
:102EF00080EE010ABDEEC00A10EE100A06B070475F
:102F000086B005908DED040ACDED030A02919DED8A
:102F1000030A9DED041A30EE410A8DED010A049872
:102F200000909DED050AB8EEC00A9DED011A20EE55
:102F3000010A029901208840013801EE100AB8EE1A
:102F4000C11A80EE010A9DED001A30EE010A06B0AA
:102F50007047000081B041F20400CEF2000000682A
:102F60000090009840F20061C2F2000109688842B6
:102F700008D2FFE740F20461C2F2000108680130A4
:102F80000860FFE7009840F20061C2F200010860AB
:102F900001B0704783B08DED020A41F20400CEF219
:102FA00000000068019002980090FFE741F20400E1
:102FB000CEF2000000680199401A00EE100AB8EE47
:102FC000400A9DED001A40F2E850C2F2000090ED78
:102FD000002AB8EE422A21EE021AB4EE410AF1EEBE
:102FE00010FA01DAFFE7E1E703B0704780B584B07B
:102FF000039041F20400CEF20000006802900298B3
:1030000003990968401A00EE100AB8EE400A40F22F
:10301000E850C2F2000090ED001AB8EE411A80EEBE
:10302000010A8DED010A029803990860FFF792FFEB
:103030009DED010A04B080BD80B582B000F092F829
:1030400045F2E060C2F20000016883884FF47A72B2
:1030500001FB023100EE101AB8EE401AC08800EEF3
:10306000100AB8EEC00A9FED062A20EE020A30EEE2
:10307000010A8DED010A9DED010A02B080BD00BF7D
:103080006F12833A80B582B000F06CF845F2E060D0
:10309000C2F2000090ED000AB8EE401A818800EEFE
:1030A000101AB8EEC00A9FED0B2A20EE020A30EE8D
:1030B000011AC08800EE100AB8EEC00A9FED062A79
:1030C00020EE020A30EE010A8DED010A9DED010AA3
:1030D00002B080BD6F12833ABD37863581B0009053
:1030E0004EF6FC51CEF20001086840F08070086096
:1030F00041F20401CEF200010020086041F200021A
:10310000CEF20002116841F001011160009944F211
:103110004022C0F20F024A4340F2E851C2F20001DD
:103120000A600A6844F6D353C1F26203A2FB033279
:10313000920940F2EC53C2F200031A6009684DF69E
:103140008362C4F21B32A1FB0221890C40F2F052CF
:10315000C2F20002116040F20461C2F20001086094
:1031600001B07047B0B586B041F20400CEF2000065
:1031700000680590FFF7EEFE40F20460C2F2000026
:1031800001680598002302934FF0FF3C1A46E1FBCB
:103190000C0240F2F851C2F2000100914A6008604E
:1031A0000868496840F2E854C2F200042268FDF75A
:1031B0002FF8029B02468C46009944F61810C2F282
:1031C0000000C0F804C00260D1F800C04968D0F81F
:1031D00000E042682468AEFB04E502FB0452BCEB4D
:1031E0000E0C61EB020244F62011C2F200010391C1
:1031F000C1F800C04A60006845F2E062C2F2000215
:10320000049210600868496840F2EC52C2F2000271
:1032100001921268FCF7FCFFDDF804C0029B049ADF
:10322000014603989180016840689288DCF800C0EC
:1032300002FB0CF28A1A60F1000044F62811C2F277
:1032400000010A6048600868496840F2F052C2F222
:1032500000021268FCF7DCFF0499C88006B0B0BD1C
:103260007047000080B58AB00990FFE745F20C2056
:10327000C2F200004188013141804088B0F5FA7FF8
:103280000ADBFFE745F20C21C2F2000100200870C2
:103290004FF4FA704880FFE745F20C20C2F20000BC
:1032A0000078C8B9FFE710F0C7F845F20C21C2F268
:1032B00000010791002008904887C1F83600C1F846
:1032C0003200C1F82E00C1F82A00C1F82600C1F86A
:1032D0002200C1F81E00FFE744F68040C2F2000061
:1032E0000188013101800088B0F5FA7F0EDBFFE72D
:1032F00044F67E41C2F200010020087044F680418D
:10330000C2F200014FF4FA700880FFE740F2DA5091
:10331000C2F2000001880131018040F2DC52C2F2A9
:10332000000211880131118040F2DE52C2F2000227
:103330001188013111800088652813DBFFE70DF04B
:103340003BF947F2E850C2F20000069004F028F979
:103350000698FEF7DFFB40F2DA51C2F200010020CE
:103360000880FFE740F2DC50C2F2000000886528C8
:1033700013DBFFE70DF04CF947F24C60C2F200009E
:10338000059004F00DF90598FEF7C4FB40F2DC51FE
:10339000C2F2000100200880FFE740F2DE50C2F2D6
:1033A00000000088652813DBFFE70DF05DF947F2A8
:1033B000B060C2F20000049004F0F2F80498FEF746
:1033C000A9FB40F2DE51C2F2000100200880FFE7B5
:1033D00044F6E040C2F20000418E01314186408E49
:1033E000642808DBFFE744F6E041C2F20001002058
:1033F00081F83400FFE744F6E040C2F20000408E5E
:103400006F2807DBFFE744F6E041C2F200016420C9
:103410004886FFE744F6E040C2F20000B0F86A10C8
:103420000131A0F86A10B0F86A00642808DBFFE7F1
:1034300044F6E041C2F20001002081F86C00FFE791
:1034400044F6E040C2F20000B0F86A006F2808DBE2
:10345000FFE744F6E041C2F200016420A1F86A00EF
:10346000FFE744F6E040C2F20000B0F8A2100131DC
:10347000A0F8A210B0F8A200642808DBFFE744F629
:10348000E041C2F20001002081F8A400FFE744F609
:10349000E040C2F20000B0F8A2006F2808DBFFE7AE
:1034A00044F6E041C2F200016420A1F8A200FFE767
:1034B00044F6E040C2F20000B0F8DA100131A0F8A2
:1034C000DA10B0F8DA00642808DBFFE744F6E041E0
:1034D000C2F20001002081F8DC00FFE744F6E04082
:1034E000C2F20000B0F8DA006F2808DBFFE744F60C
:1034F000E041C2F200016420A1F8DA00FFE744F6DF
:10350000E040C2F20000B0F882110131A0F882114F
:10351000B0F88201642808DBFFE744F6E041C2F21C
:103520000001002081F88401FFE744F6E040C2F288
:103530000000B0F882016F2808DBFFE744F6E041A5
:10354000C2F200016420A1F88201FFE744F6E040E6
:10355000C2F20000B0F8BA110131A0F8BA11B0F807
:10356000BA01642808DBFFE744F6E041C2F200013B
:10357000002081F8BC01FFE744F6E040C2F2000001
:10358000B0F8BA016F2808DBFFE744F6E041C2F269
:1035900000016420A1F8BA01FFE744F6E040C2F25E
:1035A0000000B0F84A110131A0F84A11B0F84A0100
:1035B000642808DBFFE744F6E041C2F20001002086
:1035C00081F84C01FFE744F6E040C2F20000B0F899
:1035D0004A016F2808DBFFE744F6E041C2F2000130
:1035E0006420A1F84A01FFE744F6E040C2F200007F
:1035F000B0F8F2110131A0F8F211B0F8F20164282C
:1036000008DBFFE744F6E041C2F20001002081F848
:10361000F401FFE744F6E040C2F20000B0F8F20126
:103620006F2808DBFFE744F6E041C2F200016420A6
:10363000A1F8F201FFE744F6E040C2F20000B0F862
:1036400012110131A0F81211B0F81201642808DB40
:10365000FFE744F6E041C2F20001002081F81401C6
:10366000FFE744F6E040C2F20000B0F812016F2814
:1036700008DBFFE744F6E041C2F200016420A1F854
:103680001201FFE744F6E040C2F20000B0F8120178
:103690006E2815D1FFE747F24C60C2F2000002909D
:1036A000062101910EF03AF8012003901AF08AFDEC
:1036B000019902980EF046F803981AF083FDFFE78F
:1036C00001201AF07FFDD1E581B0EFF3108072B6D2
:1036D0000090FFE7FEE7000080B547F2E850C2F235
:1036E000000003F0BFF980BD80B547F2E850C2F298
:1036F000000003F0B7F980BD80B547F24C60C2F21C
:10370000000003F0AFF980BD80B547F24C60C2F213
:10371000000003F0A7F980BD80B547F2B060C2F2A7
:10372000000003F09FF980BD80B547F2B060C2F29F
:10373000000003F097F980BD83B002904AF2004088
:10374000C4F2000000900298006846F60001C4F23E
:103750000001884205D1FFE7009800F55470009001
:10376000FFE70298006846F60041C4F20001884273
:1037700005D1FFE7009800F5D4600090FFE70098BE
:103780000299086402980068D0F8800020F4F810CC
:10379000029A1168526B40EA0240C1F8800000981A
:1037A00070300299486402980068D0F8800020F0D8
:1037B0007060029A1168926B40EA0260C1F8800062
:1037C0000098B03002998864009800F5C47002999E
:1037D000C864009800F5187002990865009800F513
:1037E0001E700299486500980190FFE701980099C2
:1037F00001F55471884208D2FFE701990020086062
:10380000FFE7019804300190F0E703B07047000033
:1038100088B007900691059204930698406848B9CD
:10382000FFE70698016882680069104340EA81401A
:10383000039009E006980168826800691043084314
:1038400040F080400390FFE70698D0F820C0C168A0
:1038500042698369C06940EA0C601843104340EA3A
:10386000014002900798406D049901EBC10100EB03
:10387000C1000190039801990860019804300190FB
:10388000029801990860019804300190002000908E
:10389000FFE700980699CA6841F20871C0F6020174
:1038A000895C88420DD2FFE705980099405801993C
:1038B0000860019804300190FFE700980430009000
:1038C000E7E708B07047000080B588B08DF81F00AA
:1038D00004F02CF8FFE742F21001C4F202014FF4A9
:1038E00000400860FFE7002002900390022104914D
:1038F0009DF81F100591012106918DF80700FFE743
:103900009DF807001D280EDCFFE703A802A903F0BD
:103910008BFE08B9FFE706E0FFE79DF807000130DE
:103920008DF80700ECE703F053FF08B080BD0000FE
:1039300081B040F23040C2F20000007F8DF80300F9
:103940009DF80300012805D0FFE79DF80300032838
:103950001FD1FFE742F20001C4F20201086820F41F
:1039600000700860FFE742F20001C4F2020108683B
:1039700040F400600860086820F400600860FFE719
:1039800042F20001C4F20201086840F400700860CD
:10399000FFE79DF80300022805D0FFE79DF803002C
:1039A000032817D1FFE7FFE742F20001C4F202014A
:1039B000086840F480500860086820F4805008606F
:1039C000FFE742F20001C4F20201086840F480609F
:1039D0000860FFE740F23041C2F2000100200877A2
:1039E00001B0704781B0009042F22000C4F20200A2
:1039F0000068400200281ED5FFE79DF80000C007C0
:103A000048B1FFE742F21401C4F20201086840F035
:103A100004000860FFE79DF800008007002809D532
:103A2000FFE742F21401C4F20201086840F40040CA
:103A30000860FFE709E042F21401C4F202010868DD
:103A400048F2040210430860FFE742F21401C4F296
:103A50000201086840F48030086001B0704700003F
:103A600082B00190009142F22000C4F2020000688E
:103A70004002002809D4FFE742F21401C4F2020117
:103A8000086820F40060086017E09DF80000C00797
:103A900048B1FFE742F21401C4F20201086820F4C1
:103AA0000060086008E042F21401C4F202010868F4
:103AB00040F400600860FFE7FFE742F21401C4F23F
:103AC0000201086820F47E709DF8042040EAC200DC
:103AD0000860086840F002000860086840F4803020
:103AE000086002B07047000084B003900193009218
:103AF00042F21401C4F20201086840F001000860BB
:103B0000009803990860BFF36F8F0198039948608C
:103B100004B0704789B00590049140208DF80F00E3
:103B2000059802900498019042F21401C4F2020137
:103B3000086840F480200860EFF310800690069833
:103B40000090EFF3108072B60790FFE701980068CD
:103B500002990860029804300290019804300190A4
:103B60009DF80F0001388DF80F00FFE79DF80F005A
:103B70000028EBD1FFE700980890089880F31088A0
:103B800009B0704780B584B0029004F0E9F8019064
:103B9000FFE742F21000C4F202000068C0030028F0
:103BA0000DD5FFE704F0DCF80199401A029988422C
:103BB00004D9FFE703208DF80F005AE0E9E742F24D
:103BC0001000C4F2020000684CF2FA310840009084
:103BD000009860B3FFE7009A40F23041C2F2000162
:103BE000486810434860FFE79DF8030010F0F00FAD
:103BF0000BD0FFE7009800F0704242F21801C4F2C7
:103C00000201086810430860FFE70098000148B10E
:103C1000FFE7009820F0704042F21001C4F2020168
:103C20000860FFE7FFE701208DF80F0021E0012089
:103C300050B9FFE742F21800C4F20200006800F039
:103C40000100012808D010E042F21000C4F2020086
:103C50000068C00748B1FFE7FFE742F21001C4F275
:103C6000020101200860FFE7FFE700208DF80F0048
:103C7000FFE79DF80F0004B080BD000080B586B05E
:103C800005900393029203F051FEFFE742F2100108
:103C9000C4F202014FF400400860FFE7FFE742F280
:103CA0001001C4F202014FF480300860FFE70020E9
:103CB0008DF80700FFE79DF807001D2810DCFFE7DF
:103CC0000599029A039B002003F09AFD08B9FFE7CB
:103CD00006E0FFE79DF8070001308DF80700EAE7EE
:103CE00003F076FD06B080BD80B584B002A80090D8
:103CF00045F2B630C2F20000D0F8030000EE100A20
:103D000040F2D050C2F2000090ED001AB4EE410A29
:103D1000F1EE10FA7CD0FFE745F2B630C2F20000B7
:103D2000D0F8030000EE100AB2EE001AB4EE410A19
:103D3000F1EE10FA6CDDFFE745F2B630C2F200009A
:103D4000D0F80300FCF7D1FC41EC100B9FED381BC1
:103D500053EC112B51EC100BFCF756FC002857D1FB
:103D6000FFE704208DF80F00FFE79DF80F00012802
:103D700013DBFFE79DF80F2040F2BC51C2F20001B7
:103D800001EB820050F8040C41F82200FFE79DF897
:103D90000F0001388DF80F00E7E745F2B630C2F2A8
:103DA0000000D0F8030040F2BC51C2F200010860EC
:103DB000002002908DF80700FFE79DF80700042817
:103DC00018DCFFE700989DF8072040F2BC51C2F2D2
:103DD000000101EB820191ED001A90ED000A30EE36
:103DE000010A80ED000AFFE79DF8070001308DF819
:103DF0000700E2E7009890ED000AB1EE041A80EEA9
:103E0000010A40F25800C2F2000080ED000AFFE70C
:103E100045F2B630C2F20000D0F8030040F2D051B3
:103E2000C2F20001086004B080BD00BF00BF00BF47
:103E3000000000000000394080B588B045F28420C1
:103E4000C2F2000090F83B0038B9FFE745F2842148
:103E5000C2F200010020486141E145F28420C2F233
:103E6000000090F83B00012807D1FFE745F28421CC
:103E7000C2F200010020486130E145F28420C2F224
:103E8000000090F83B00022825D1FFE745F284208E
:103E9000C2F200000790D0ED0D0A45F22030C2F2C8
:103EA000000005909FED8F0A0EF0D0F9059890ED77
:103EB000100A40F21060C2F20000D0ED0D0A45F287
:103EC000D420C2F2000006900EF0C0F906980799BF
:103ED000006C486101E145F28420C2F2000090F8D4
:103EE0003B00032823D1FFE745F28420C2F2000003
:103EF000049090F83D1000EE101AB8EEC00ABEEE25
:103F0000001A30EE010A30EE000A9FED7B1A20EE17
:103F1000010AD0ED0D0A45F2D420C2F20000039050
:103F20000EF094F903980499006C4861D4E045F2CE
:103F30008420C2F2000090F83B00042840F0828008
:103F4000FFE745F2D030C2F2000090ED000A44F6DF
:103F50004810C2F2000090ED002A9FED631A20EE97
:103F6000010A30EE020A80ED000A90ED000AB4EE7C
:103F7000410AF1EE10FA07DDFFE744F64811C2F2FC
:103F8000000100200860FFE745F28420C2F2000033
:103F900090F83C00D8B1FFE744F64810C2F20000A8
:103FA00090ED000A1BF0F0FE9FED501A20EE010A82
:103FB000B2EE0C1A20EE010A9FED4E1A30EE010A05
:103FC00045F28420C2F2000080ED050A1AE044F6B2
:103FD0004810C2F2000090ED000A1BF0D5FE9FEDE4
:103FE000431A20EE010AB2EE0C1A20EE010A9FEDF0
:103FF000401A30EE010A45F28420C2F2000080ED42
:10400000050AFFE745F28420C2F2000090ED050AA0
:1040100090F83A1001EE101AB8EEC11AB7EE002A65
:1040200031EE021A20EE010AB1EE081A80EE010A02
:1040300080ED050A44F6E041C2F200010020C1F81B
:10404000E40048E045F28420C2F2000090F83B0012
:1040500005283FD1FFE745F28420C2F2000090ED31
:104060000D0AB1EE041AB4EE410AF1EE10FA0EDCBC
:10407000FFE745F28420C2F2000090ED0D0AB9EE90
:10408000041AB4EE410AF1EE10FA18DAFFE745F22D
:104090008420C2F200000290022180F83B10D0ED93
:1040A0000D0A45F2D420C2F2000001909FED0D0AE6
:1040B0000EF0CCF801980299006C486109E045F2D5
:1040C0008421C2F20001052081F83B0000204861F4
:1040D000FFE7FFE7FFE7FFE7FFE7FFE7FFE708B0DE
:1040E00080BD00BF00000000DB0FC940CDCC4C3EBE
:1040F000333333C1333333410000344280B584B0AD
:1041000047F29050C1F6FF700068039047F2945058
:10411000C1F6FF700068029047F29850C1F6FF7038
:10412000006801900199039808440390039888B1AE
:10413000FFE7039840F23C31C2F2000100910231E6
:1041400008220AF0EFFE00990298123104220AF0C8
:10415000E9FEFFE704B080BD80B596B0159044F647
:104160005010C2F2000011902030B3EE040A9FED0F
:10417000C11A9FEDC12A8DED122ADFEDC02AF0EEA3
:10418000420AF0EE421A0EF03BF811989DED121A19
:104190006C30B2EE040AF7EE000ADFEDB91A9FEDBB
:1041A000B92ADFEDB92ACDED132A0EF029F81198BE
:1041B0009DED122AB830B1EE040A9FEDB41ADFED7E
:1041C000B42AF0EE420AF0EE421A0EF019F81198F5
:1041D0009DED121ADDED132A00F582709FEDAD0AF8
:1041E000F0EE080ADFEDAC1A9FEDAC2A0EF008F8ED
:1041F0000020ADF85200FFE7BDF85200B0F5806F27
:104200001BDAFFE7BDF852C040F6EC03C2F2000330
:1042100003EBCC0142F20002C0F6070202EBCC0035
:1042200052F83C2043F83C2040684860FFE7BDF866
:1042300052000130ADF85200DEE70020ADF850002A
:10424000FFE7BDF85000B0F5806F1FDAFFE7BDF85B
:1042500050C040F6EC00C2F2000000EBCC0303F5C6
:10426000005144F20002C0F6070202EBCC0052F803
:104270003C204FF4005C43F80C2040684860FFE7A6
:10428000BDF850000130ADF85000DAE7FFE744F622
:104290004441C2F200018A6844F65010C2F20000A4
:1042A000C2618A69826045F28422C2F2000292F8F9
:1042B0003820027091ED010A40F25451C2F200011F
:1042C000D1F80A1001EE101A30EE410A80ED050A0D
:1042D00090ED050A9FED721AB4EE410AF1EE10FA64
:1042E0000DDDFFE744F65010C2F2000090ED050A24
:1042F0009FED6C1A30EE010A80ED050A1BE044F6D2
:104300005010C2F2000090ED050A9FED671AB4EE5E
:10431000410AF1EE10FA0DDAFFE744F65010C2F24E
:10432000000090ED050A9FED611A30EE010A80ED64
:10433000050AFFE7FFE744F65010C2F200000078DC
:1043400002281FD1FFE740F25450C2F2000040792A
:10435000C0B1FFE744F65010C2F2000090ED020A2F
:1043600090ED051A30EE410A45F28421C2F20001B7
:1043700081ED060A40F25450C2F20000D0F8060067
:10438000C861FFE745F28420C2F20000C16944F62B
:104390005012C2F20002109291618069FCF7A5F9F7
:1043A00041EC100B8DED0E0B46F6F050C2F2000002
:1043B00090ED000A8DED0D0AFEF764FEB0EE401A96
:1043C0009DED0D0A20EE010A10EE100AFCF78DF9A2
:1043D00041EC100B1BF074FC51EC100B9FEDC60B65
:1043E00053EC102BFCF72FF89DED0E0B41EC110B4D
:1043F00051EC110B53EC102BFBF77EFF41EC100B33
:1044000051EC100BFCF784F901461098416044F61A
:10441000E041C2F20001D1F8E81000EE101A9FED61
:10442000BE1A30EE010A80ED040A90ED040A9FEDF9
:10443000B61AB4EE410AF1EE10FA0DDBFFE744F6CE
:104440005010C2F2000090ED040A9FEDB21A30EE57
:10445000010A80ED040AFFE744F65010C2F20000A2
:1044600090ED040A9FEDA91AB4EE410AF1EE10FA9C
:104470002BDC1DE000800944000000000000164312
:104480000000824200007A44000080460000484359
:104490000000C8420000C84300007A4300007A458B
:1044A000000034430000B4C3000034C30000B44330
:1044B00044F65010C2F2000090ED040A9FED941AE9
:1044C00030EE010A80ED040AFFE744F65010C2F214
:1044D00000000790016945F28422C2F200020C92AA
:1044E000516390ED010AD0ED020A20300DF0AEFECE
:1044F000079890ED180A44F6E041C2F200010391DA
:10450000D1F8081101EE101A40F21061C2F2000158
:1045100091ED0D2A9FED813A82EE032A9FED803ABC
:1045200022EE032A71EE020A6C300DF08FFE07981E
:1045300090ED060AD0ED070AB8300DF087FE03991A
:10454000079890ED3E0AD1F8301181F0004100EE5D
:10455000901A00F582700DF079FE039807990C9A75
:1045600092ED010A8DED040A01F1AC02089291ED81
:104570002B0A8DED020AD0F8E810D0F8080100EE01
:10458000101A00EE900A40F25C30C2F200000CF00B
:1045900061FF9DED022A039807990C9AB0EE401A2C
:1045A0009DED040A20EE020A30EE010A81ED2B0A8D
:1045B00092ED010A8DED060A01F5A272099291EDC4
:1045C000510A8DED050AD0F82011D0F8300100EE27
:1045D000101A00EE900A40F22010C2F200000CF017
:1045E00039FF9DED052A9DED061A0799089821EEE1
:1045F000021A30EE410A81ED510A9FED420A8DED1B
:104600000A0ADFED480ACDED0B0A0BF07BFE099894
:104610009DED0A0ADDED0B0A0BF074FE0C98007894
:10462000002843D0FFE744F64440C2F2000000787F
:10463000E0B3FFE744F65010C2F20000407840B10A
:10464000FFE747F24C60C2F2000006210DF01CF9B2
:1046500015E044F65010C2F2000090ED2B2A47F20C
:104660004C60C2F200000621DFED251AB0EE610AAF
:10467000F0EE610AB0EE611A0DF078F8FFE744F64B
:104680005010C2F2000090ED510ABDEEC00A10EECB
:10469000103A684600224260026047F2B060C2F2FF
:1046A00000004FF4FF710CF06BFF1EE06846002322
:1046B0004360036047F2B060C2F200004FF4FF7144
:1046C0001A460CF05DFF47F24C60C2F20000062172
:1046D0009FED0B2AB0EE420AF0EE420AB0EE421A0B
:1046E000F0EE421A0DF042F8FFE7012019F06AFDE2
:1046F000CDE500BF00BF00BF0000000000003E404D
:10470000000000000000804600003443000034C375
:104710000000B4430000B4C38AEFB842DB0F49C0C5
:1047200000003E43000080C680B5AEB02C902B91B7
:1047300000208DF8AB002B98006808B1FFE7FFE779
:10474000FFE72C9890F85800012804D1FFE70220D9
:104750008DF8B7005DE12C99012081F85800FFE742
:10476000FFE70020259026902C980068B0F1A04F1C
:1047700006D1FFE740F20010C5F200000E9015E0F0
:104780002C98006840F20041C5F20001884207D130
:10479000FFE740F20050C5F200000E900C9003E0DD
:1047A00000200E900C90FFE70C98FFE70E9878B968
:1047B000FFE72C99C86D40F02000C865FFE72C99F1
:1047C000002081F85800FFE701208DF8B70020E1B4
:1047D0000E980BF0B7FC0D902C9800680BF0B2FC13
:1047E000002840F00281FFE70D98002840F0FD808E
:1047F000FFE72C9801680120B1F1A04F0B900CD07D
:10480000FFE72C9800684FF60071CAF6FF71084464
:10481000B0FA80F040090B90FFE70B98C10740F217
:104820000070C5F2000000291CBF40F20030C5F244
:10483000000029902B980068002872D0FFE7299883
:10484000806820F460402B9949682C9A92F83820AF
:1048500041EA42310843299988602C980168012077
:10486000B1F1A04F0A900CD0FFE72C9800684FF6EA
:104870000071CAF6FF710844B0FA80F040090A904E
:10488000FFE70A98C10740F20070C5F20000002956
:104890001CBF40F20030C5F2000040F20031C5F20A
:1048A0000001884210D1FFE74FF0A0400BF032FC2E
:1048B000089040F20010C5F200000BF02BFC0146FE
:1048C0000898084309901BE040F20040C5F2000040
:1048D0000BF020FC069040F20050C5F200000BF0F7
:1048E00019FC014606980843079040F20060C5F2A3
:1048F00000000BF00FFC0146079808430990FFE702
:10490000099868B9FFE72998806840F61F718843C5
:104910002B9A116892681143084329998860FFE730
:1049200062E02999886820F4604088602C980168CA
:104930000120B1F1A04F05900CD0FFE72C98006842
:104940004FF60071CAF6FF710844B0FA80F04009D2
:104950000590FFE70598C10740F20070C5F200001E
:1049600000291CBF40F20030C5F2000040F20031C7
:10497000C5F20001884210D1FFE74FF0A0400BF0D4
:10498000C9FB039040F20010C5F200000BF0C2FB1F
:1049900001460398084304901BE040F20040C5F232
:1049A00000000BF0B7FB019040F20050C5F2000090
:1049B0000BF0B0FB014601980843029040F2006002
:1049C000C5F200000BF0A6FB0146029808430490D4
:1049D000FFE7049838B9FFE72999886840F61F7205
:1049E00090438860FFE7FFE708E02C99C86D40F02E
:1049F0002000C86501208DF8AB00FFE7FFE72C9988
:104A0000002081F85800FFE79DF8AB008DF8B70053
:104A1000FFE79DF8B7002EB080BD000080B5C4B0A0
:104A20002490239100208DF88B001F902398C0685C
:104A30000021C4F27F01884201D0FFE700E0FFE7D8
:104A4000FFE7249890F85800012805D1FFE70220DD
:104A50008DF8970000F059BC2499012081F8580086
:104A6000FFE7FFE7249800680BF064FB002840F0A4
:104A70003884FFE72498006823990A6849680BF096
:104A800069FB249800680BF055FB1E902498006881
:104A90000BF028FB1D901E98002840F0B881FFE71E
:104AA0001D98002840F0B381FFE723988068B0F19B
:104AB000004F0ED1FFE7249800682399096800226F
:104AC0000BF066FB249800684FF000410BF00CFCE3
:104AD0000CE024980068239A116892680BF058FB48
:104AE0002498006800210BF0FFFBFFE72398406942
:104AF00024990968C96801F0180189088840219043
:104B00002398006904281CD0FFE7249800682399A3
:104B10000A680969219B0BF08DFB24980068239A91
:104B2000116992690BF0B8FB24980068239A116907
:104B3000127F013AB2FA82F2520952060BF098FB48
:104B400064E12498006800210BF0BCFA400348B9E6
:104B5000FFE72498006800210BF0B4FAC0F38460EA
:104B60001C9018E02498006800210BF0ABFA90FA32
:104B7000A0F04290429820B9FFE720208DF80F0165
:104B800005E04298B0FA80F08DF80F01FFE79DF83C
:104B90000F011C90FFE71C981B90239800684003AE
:104BA00030B9FFE723980068C0F384601A9015E0DD
:104BB0002398006890FAA0F04090409820B9FFE751
:104BC00020208DF8070105E04098B0FA80F08DF8BC
:104BD0000701FFE79DF807011A90FFE71B981A9954
:104BE000884207D1FFE724980068002211460BF0A5
:104BF00067FBFFE72498006801210BF063FA40038C
:104C000048B9FFE72498006801210BF05BFAC0F374
:104C10008460199018E02498006801210BF052FA82
:104C200090FAA0F03E903E9820B9FFE720208DF842
:104C3000FF0005E03E98B0FA80F08DF8FF00FFE736
:104C40009DF8FF001990FFE71998189023980068C5
:104C5000400330B9FFE723980068C0F384601790E1
:104C600015E02398006890FAA0F03C903C9820B999
:104C7000FFE720208DF8F70005E03C98B0FA80F0BF
:104C80008DF8F700FFE79DF8F7001790FFE71898F9
:104C90001799884207D1FFE7249800680121002274
:104CA0000BF00EFBFFE72498006802210BF00AFAD4
:104CB000400348B9FFE72498006802210BF002FA8C
:104CC000C0F38460169018E02498006802210BF06D
:104CD000F9F990FAA0F03A903A9820B9FFE720202D
:104CE0008DF8EF0005E03A98B0FA80F08DF8EF000B
:104CF000FFE79DF8EF001690FFE7169815902398B0
:104D00000068400330B9FFE723980068C0F384606F
:104D1000149015E02398006890FAA0F03890389825
:104D200020B9FFE720208DF8E70005E03898B0FAB9
:104D300080F08DF8E700FFE79DF8E7001490FFE7AB
:104D400015981499884207D1FFE72498006802213A
:104D500000220BF0B5FAFFE72498006803210BF05E
:104D6000B1F9400348B9FFE72498006803210BF02C
:104D7000A9F9C0F38460139018E024980068032117
:104D80000BF0A0F990FAA0F03690369820B9FFE722
:104D900020208DF8DF0005E03698B0FA80F08DF81D
:104DA000DF00FFE79DF8DF001390FFE713981290F4
:104DB00023980068400330B9FFE723980068C0F3E8
:104DC0008460119015E02398006890FAA0F0349068
:104DD000349820B9FFE720208DF8D70005E03498FB
:104DE000B0FA80F08DF8D700FFE79DF8D70011905A
:104DF000FFE712981199884207D1FFE724980068CD
:104E0000032100220BF05CFAFFE7FFE7FFE724989D
:104E100000680BF077F9002840F04481FFE7249800
:104E20000068239A1168D2680BF0CEF92398C06805
:104E30000021C4F27F01884240F03381FFE72498CB
:104E40000068109023980068400330B9FFE723986A
:104E50000068C0F384600F9015E02398006890FA12
:104E6000A0F03290329820B9FFE720208DF8CF00D3
:104E700005E03298B0FA80F08DF8CF00FFE79DF89A
:104E8000CF000F90FFE70F98013000F01F000928B6
:104E90007DD8FFE723980068400330B9FFE72398E7
:104EA0000068C0F384600E9015E02398006890FAC3
:104EB000A0F03090309820B9FFE720208DF8C7008F
:104EC00005E03098B0FA80F08DF8C700FFE79DF854
:104ED000C7000E90FFE70E98013000F01F0080061B
:104EE0000D9023980068400330B9FFE723980068CD
:104EF000C0F384600C9015E02398006890FAA0F04D
:104F00002E902E9820B9FFE720208DF8BF0005E0F5
:104F10002E98B0FA80F08DF8BF00FFE79DF8BF0033
:104F20000C90FFE70D980C99013101F01F0201214F
:104F3000914008430B9023980068400330B9FFE785
:104F400023980068C0F384600A9015E023980068F5
:104F500090FAA0F02C902C9820B9FFE720208DF833
:104F6000B70005E02C98B0FA80F08DF8B700FFE7A5
:104F70009DF8B7000A90FFE70B980A99013101F0FC
:104F80001F0101EB410140EA0150099082E02398A2
:104F90000068400330B9FFE723980068C0F38460DD
:104FA000089015E02398006890FAA0F02A902A98BB
:104FB00020B9FFE720208DF8AF0005E02A98B0FA6D
:104FC00080F08DF8AF00FFE79DF8AF000890FFE795
:104FD0000898013000F01F008006079023980068B1
:104FE000400330B9FFE723980068C0F3846006905F
:104FF00015E02398006890FAA0F02890289820B92E
:10500000FFE720208DF8A70005E02898B0FA80F08F
:105010008DF8A700FFE79DF8A7000690FFE7079827
:105020000699013101F01F020121914008430590CA
:1050300023980068400330B9FFE723980068C0F365
:105040008460049015E02398006890FAA0F0269000
:10505000269820B9FFE720208DF89F0005E02698CC
:10506000B0FA80F08DF89F00FFE79DF89F00049054
:10507000FFE705990498013000F01F0000EB4002A3
:105080000020CFF6206000EB0250084340F0007093
:105090000990FFE710980999239A92680BF078F825
:1050A000FFE7FFE72398408848F20801084200F034
:1050B0001781FFE7249801680120B1F1A04F039008
:1050C0000CD0FFE7249800684FF60071CAF6FF7114
:1050D0000844B0FA80F040090390FFE70398C10745
:1050E00040F20070C5F2000000291CBF40F2003001
:1050F000C5F200000AF0DEFF20902398006840F21D
:105100000001CCF22131884208D0FFE723980068E3
:105110001021C9F2C00188425AD1FFE79DF88200F0
:105120000006002854D4FFE724980068B0F1A04F8F
:1051300009D0FFE72498006840F20061C5F2000141
:10514000884244D1FFE7249801680120B1F1A04FC3
:1051500002900CD0FFE7249800684FF60071CAF661
:10516000FF710844B0FA80F040090290FFE702980E
:10517000C10740F20070C5F2000000291CBF40F2D8
:105180000030C5F20000209941F400010BF044F812
:1051900040F2FC10C2F2000000684FEA901042F6A4
:1051A0006351C0F23E51A0FB01104FEA901000EB9A
:1051B00040014FF00C0000EB81001F90FFE71F98AB
:1051C00020B1FFE71F9801381F90F8E7FFE786E05E
:1051D000239800680021CCF2527188423ED1FFE74B
:1051E0009DF88300C007C8BBFFE72498006840F221
:1051F0000011C5F2000188422FD0FFE72498006813
:1052000040F20051C5F20001884226D0FFE7249801
:1052100001680120B1F1A04F01900CD0FFE7249864
:1052200000684FF60071CAF6FF710844B0FA80F0CA
:1052300040090190FFE70198C10740F20070C5F2F4
:10524000000000291CBF40F20030C5F20000209988
:1052500041F080710AF0E0FFFFE73FE0239800682B
:105260000021CCF68431884236D1FFE79DF88200D8
:105270004006002830D4FFE72498006840F200116F
:10528000C5F20001884226D0FFE72498016801207A
:10529000B1F1A04F00900CD0FFE7249800684FF6C2
:1052A0000071CAF6FF710844B0FA80F0400900901E
:1052B000FFE70098C10740F20070C5F20000002926
:1052C0001CBF40F20030C5F20000209941F480017B
:1052D0000AF0A2FFFFE700E0FFE7FFE7FFE7FFE7D5
:1052E00008E02499C86D40F02000C86501208DF8C1
:1052F0008B00FFE7FFE72499002081F85800FFE7C3
:105300009DF88B008DF89700FFE79DF8970044B05B
:1053100080BD000080B58EB00C9000208DF82F006D
:1053200007900C9820B9FFE701208DF83700DCE1E9
:105330000C98406940B1FFE70C9890F824000128D0
:1053400001D1FFE7FFE7FFE70C98C06D50B9FFE719
:105350000C9800F0CFF90C99002008660C9981F8A0
:105360005800FFE70C9800680AF0C4FE28B1FFE778
:105370000C9800680AF082FEFFE70C9800680AF0BB
:10538000D1FEF0B9FFE70C9800680AF083FE40F206
:10539000FC10C2F200000068800942F66351C0F2BE
:1053A0003E51A0FB01108109022000EB4100079053
:1053B000FFE7079820B1FFE7079801380790F8E763
:1053C000FFE70C9800680AF0ADFE70B9FFE70C9992
:1053D000C86D40F01000C8650C99086E40F00100DF
:1053E000086601208DF82F00FFE70C9800680AF08E
:1053F000A1FE09900C98C06DC006002800F16781DD
:10540000FFE70998002840F06281FFE70C98C06D23
:1054100040F0020020F480700C99C8650C98006878
:105420000AF070FE00287CD1FFE70C98016801208B
:10543000B1F1A04F06900CD0FFE70C9800684FF632
:105440000071CAF6FF710844B0FA80F04009069076
:10545000FFE70698C10740F20070C5F2000000297E
:105460001CBF40F20030C5F2000040F20031C5F22E
:105470000001884210D1FFE74FF0A0400AF042FE41
:10548000049040F20010C5F200000AF03BFE014615
:105490000498084305901BE040F20040C5F200006C
:1054A0000AF030FE029040F20050C5F200000AF00F
:1054B00029FE014602980843039040F20060C5F2BD
:1054C00000000AF01FFE0146039808430590FFE71D
:1054D000059828BBFFE70C9801680120B1F1A04FA7
:1054E00001900CD0FFE70C9800684FF60071CAF6E7
:1054F000FF710844B0FA80F040090190FFE701987D
:10550000C10740F20070C5F2000000291CBF40F244
:105510000030C5F200000C9949680AF06FFEFFE701
:10552000FFE70C994A7FC86B40EA42308A68CB6833
:105530001843104391F8241040EA01400A900C9857
:1055400090F8240001280BD1FFE70C98816A002015
:10555000CFF6FE7000EB41410A9808430A90FFE73E
:105560000C98C06A50B1FFE70C99C86A096B00F447
:10557000787001430A9808430A90FFE70C98006886
:10558000C06844F20701CFF6F07108400A99084359
:105590000C990968C8600C980068006920F04060A8
:1055A0000C9A1168526B104308610C9800680AF05D
:1055B00099FD08900998002868D1FFE7089800280D
:1055C00064D1FFE70C99087F91F83810800340EA16
:1055D00041000A900C980068C06844F202018843B8
:1055E0000A9908430C990968C8600C980069A0B131
:1055F000FFE70C980168086940F4803008610C9856
:105600000068D0F8C00043F6FF7188430C9A116817
:1056100012691043C1F8C00011E00C9801680869D4
:1056200020F4803008610C980068D0F8C00043F680
:10563000FF7188430C990968C1F8C000FFE70C9816
:1056400090F84000012819D1FFE70C980068006924
:1056500040F2FD7120EA01020C9B1968586CD3F8E6
:1056600048E0D3F84CC040EA0E0040EA0C001B6D45
:105670001843104340F00100086106E00C980168EF
:10568000086920F001000861FFE7FFE70C98406916
:1056900001280CD1FFE70C980068006B20F00F0088
:1056A0000C9A1168126A013A1043086306E00C98DC
:1056B0000168086B20F00F000863FFE70C98C06DCD
:1056C00040F0010020F002000C99C86508E00C9938
:1056D000C86D40F01000C86501208DF82F00FFE76D
:1056E0009DF82F008DF83700FFE79DF837000EB0CA
:1056F00080BD000080B59EB01D9000201C901B90C6
:105700001A901990189003A85421FAF7CBFD1D9810
:10571000006840F20041C5F2000188423AD1FFE73B
:105720004FF4803003904FF00040159003A804F030
:10573000F1F918B1FFE7FDF7C7FFFFE7FFE741F217
:105740004C00C4F20200016841F48041016000682D
:1057500000F4804002900298FFE7FFE741F24C001E
:10576000C4F20200016841F010010160006800F01D
:10577000100001900198FFE78020189003201990F5
:1057800000201A9041F20000C4F6000018A902F0AF
:10579000F9F8FFE71EB080BD87B00690059104922E
:1057A00000208DF80F001F2002909DF81400C00704
:1057B00020B9FFE701208DF80F004BE0FFE70299C9
:1057C000481E02900020019051B1FFE70598029910
:1057D00001F01F0120FA01F1012088430190FFE749
:1057E0000198C00708B1FFE7E9E70498009018287E
:1057F0002BD80099DFE801F028292929292929290E
:105800001F29292929292929162929292929292925
:105810000D000298072804D3FFE701208DF80F0040
:10582000FFE716E00298082804D3FFE701208DF86F
:105830000F00FFE70DE00298102804D3FFE70120D6
:105840008DF80F00FFE704E003E001208DF80F0062
:10585000FFE7FFE79DF80F0078B9FFE70598069985
:105860000968486106980068806820F0180004996B
:105870000843069909688860FFE79DF80F0007B0A4
:105880007047000080B582B00090009820B9FFE713
:1058900001208DF8070057E00098407F38B9FFE7F6
:1058A000009900200877009800F052F8FFE700996F
:1058B000022048770098007980B9FFE700980168D6
:1058C00041F6B750C0F2C140486100980068806856
:1058D00020F018000099096888600BE00098816842
:1058E000C268FFF759FF20B1FFE701208DF80700DC
:1058F0002AE0FFE70098407930B9FFE70098016897
:105900004FF0FF30086104E0009801680069086109
:10591000FFE700980068806820F06000009A116836
:1059200052691043886000980068806820F0800009
:10593000009A1168926910438860009901204877A5
:1059400000208DF80700FFE79DF8070002B080BD3A
:1059500082B001900198006843F20001C4F2020194
:10596000884210D1FFE7FFE741F24800C4F202008D
:10597000016841F480510160006800F4805000909B
:105980000098FFE7FFE702B07047000080B58AB0DB
:1059900008900791069200208DF81700089818B11A
:1059A000FFE7079820B9FFE701208DF82700B5E150
:1059B0000798C069012801D1FFE7FFE707988068D1
:1059C000042801D1FFE706E007984069022801D1C9
:1059D000FFE7FFE7FFE7FFE708984079012804D1D8
:1059E000FFE702208DF8270098E10899012048710F
:1059F000FFE7FFE7089902200871079880680428EC
:105A000078D1FFE702F0ACF90290069848BBFFE7B7
:105A1000FFE708980068406B000400281BD5FFE7EB
:105A200002F09EF90299401A022813D3FFE7089862
:105A30000068406B000400280BD5FFE7089908694F
:105A400040F0080008610899032008718DF82700CC
:105A500064E1FFE7DDE70798406A08990968086490
:105A600026E0FFE708980068406BC00FD0B1FFE761
:105A700002F076F90299401A022812D3FFE708983B
:105A80000068406BC00F58B1FFE70899086940F003
:105A9000080008610899032008718DF827003DE18E
:105AA000FFE7DFE70798406A089909684864FFE75D
:105AB00008980068806C069901F0100240F2FF31EE
:105AC000914088430799896A914008430899096879
:105AD000886408980068C06C069901F01002FF21E4
:105AE000914088430799C96A914008430899096819
:105AF000C864FFE70798C06901281ED1FFE708982E
:105B00000068806B0490069800F010011F2000FAD6
:105B100001F10498884304900798006A0390039861
:105B2000069901F0100100FA01F10498084304906D
:105B30000498089909688863FFE708980068C06BB3
:105B40000490069800F01001072000FA01F1049873
:105B50008843049007988069012803D1FFE700205B
:105B6000009013E007988069022803D1FFE7012025
:105B700000900AE00798406918B9FFE701200090FB
:105B800002E000200090FFE7FFE7FFE70799886841
:105B900049690843009908430390069800F01001F2
:105BA0004FF4807000FA01F104988843049007983C
:105BB0000279039840F48071012A08BF08460390D7
:105BC000069800F010014FF4007000FA01F10498FB
:105BD0008843049007984279039840F40071012AA1
:105BE00008BF08460390049820F4404004900798AA
:105BF0000068022820D1FFE704F0DCFB0190019847
:105C000046F60101C0F68911884205D3FFE70498E2
:105C100040F4004004900EE001984BF20141C0F2C4
:105C2000C441884205D3FFE7049840F480400490C3
:105C300000E0FFE7FFE705E00798016804980843E4
:105C40000490FFE70398069901F0100100FA01F1B2
:105C5000049808430490049808990968C863069852
:105C600000F010014FF4804000FA01F2089801683A
:105C700008689043086008980068006804900698D7
:105C800000F0100140F6FE7000FA01F1049888431C
:105C900004900798C06803900398069901F01001DA
:105CA00000FA01F1049808430490049808990968DF
:105CB0000860069800F01001C02000FA01F2089870
:105CC00001680868904308600798C068C0F38300C3
:105CD00003900798006900F03C01039840EA8110A6
:105CE000039008980068006E069901F0100240F6D3
:105CF0000F719140884303999140084308990968BE
:105D00000866089901200871FFE70899002048718A
:105D1000FFE79DF817008DF82700FFE79DF82700A3
:105D20000AB080BD80B582B00090009820B9FFE72E
:105D300001208DF8070016E00098007938B9FFE7D8
:105D4000009900204871009800F012F8FFE70099D0
:105D500002200871009900200861009A0121117148
:105D60008DF80700FFE79DF8070002B080BD000036
:105D700082B001900198006841F20001C5F2000173
:105D8000884210D1FFE7FFE741F24C00C4F2020065
:105D9000016841F480210160006800F480200090D7
:105DA0000098FFE7FFE702B07047000083B0019062
:105DB0000091019890F82500012837D1FFE7FFE70F
:105DC000019890F82400012804D1FFE702208DF803
:105DD0000B002FE00199012081F82400FFE7FFE785
:105DE0000198806C006800F07F00009AD368002161
:105DF000CFF6F87101EBC341D2F800C0536841EA15
:105E00000C611943137A41EA0341527A41EA422173
:105E100008430199896C0860FFE70199002081F827
:105E20002400FFE700208DF80B0003E001208DF82F
:105E30000B00FFE79DF80B0003B0704780B582B000
:105E400001900198C06C00680199096D084218D052
:105E5000FFE70198816C086820F480700860019861
:105E6000C16C006D48600199C86B40F40070C86354
:105E70000198406B20B1FFE70198416B8847FFE72D
:105E8000FFE70198406D08B3FFE70198806D006857
:105E90000199C96D084218D0FFE70198416D086863
:105EA00020F4807008600198816DC06D4860019990
:105EB000C86B40F48060C8630198406B20B1FFE775
:105EC0000198416B8847FFE7FFE7FFE702B080BD1D
:105ED00083B0019000208DF80300019820B9FFE7FE
:105EE00001208DF80B0049E0019890F82500022868
:105EF00007D0FFE701990420C86301208DF8030053
:105F00002DE001980168086820F001000860019800
:105F10000168086820F00E0008600198816C08682C
:105F200020F4807008600198016C406C00F01F0242
:105F30000120904048600198C16C006D4860019854
:105F4000406D58B1FFE70198416D086820F48070FA
:105F500008600198816DC06D4860FFE7FFE7019917
:105F6000012081F82500FFE70199002081F8240035
:105F7000FFE79DF803008DF80B00FFE79DF80B008D
:105F800003B0704780B582B0019000208DF8030007
:105F9000019890F82500022811D0FFE7019904200C
:105FA000C8630199012081F82500FFE701990020CD
:105FB00081F82400FFE701208DF803003FE00198FD
:105FC0000168086820F0010008600198016808680D
:105FD00020F00E0008600198816C086820F4807041
:105FE00008600198016C406C00F01F020120904095
:105FF00048600198C16C006D48600198406D58B1CF
:10600000FFE70198416D086820F4807008600198EE
:10601000816DC06D4860FFE70199012081F825007E
:10602000FFE70199002081F82400FFE70198806BC9
:1060300020B1FFE70198816B8847FFE7FFE79DF8F4
:10604000030002B080BD000080B584B003900398C7
:10605000006C006802900398006800680190029844
:106060000399496C01F01F01C8404007002825D55D
:10607000FFE79DF80400400700281FD5FFE70398BD
:10608000006800688006002807D4FFE703980168CD
:10609000086820F004000860FFE70398016C406C7A
:1060A00000F01F020420904048600398006B20B16C
:1060B000FFE70398016B8847FFE76EE002980399BA
:1060C000496C01F01F01C840800700282FD5FFE769
:1060D0009DF804008007002829D5FFE70398006891
:1060E0000068800600280BD4FFE703980168086861
:1060F00020F00A0008600399012081F82500FFE7DD
:106100000398016C406C00F01F0202209040486030
:10611000FFE70399002081F82400FFE70398C06A95
:1061200020B1FFE70398C16A8847FFE734E002988F
:106130000399496C01F01F01C8400007002829D5C8
:10614000FFE79DF804000007002823D5FFE7039828
:106150000168086820F00E0008600398026C406C2B
:1061600000F01F01012000FA01F151600399C8639A
:10617000039981F82500FFE70399002081F82400A6
:10618000FFE70398406B20B1FFE70398416B884716
:10619000FFE700E0FFE7FFE7FFE704B080BD000096
:1061A00080B584B00290029820B9FFE701208DF8F5
:1061B0000F009EE00298006840F20741C4F202011D
:1061C000884218D8FFE7029908684FF6F872CBF6B4
:1061D000FD7210444CF6CD42CCF6CC42A0FB02023C
:1061E0006FF0030000EA9200486402990020C4F2B4
:1061F0000200086418E0029908684FF6F832CBF6FE
:10620000FD7210444CF6CD42CCF6CC42A0FB02020B
:106210006FF0030000EA92004864029940F20040E7
:10622000C4F202000864FFE70299022081F8250009
:106230000298006800680190019847F6F071884361
:10624000019002998868D1F80CC00B694A6940EA4C
:106250000C00184310438A691043CA691043096A45
:106260000143019808430190019802990968086068
:106270000298FCF779FD02988068B0F5804F04D150
:10628000FFE7029900204860FFE702994868896C9F
:1062900000F07F0008600298C16C006D48600298B1
:1062A000406888B1FFE70298406804280CD8FFE7EF
:1062B0000298FCF7A1FD0298416D00200860029849
:1062C000816DC06D486007E0029900204865029921
:1062D00088650299C865FFE702990020C863029AA1
:1062E000012182F82510029981F824008DF80F0011
:1062F000FFE79DF80F0004B080BD000080B586B0B8
:10630000049003910292019300208DF80300FFE7AF
:10631000049890F82400012804D1FFE702208DF8AA
:10632000170065E00499012081F82400FFE7FFE7EA
:10633000049890F8250001284BD1FFE7049902202A
:1063400081F8250004990020C86304980168086852
:1063500020F00100086004980399029A019BFCF761
:106360006BFD0498006B38B1FFE70498016808687A
:1063700040F00E0008600CE004980168086820F006
:106380000400086004980168086840F00A0008608A
:10639000FFE70498806C0068C003002807D5FFE77A
:1063A0000498816C086840F480700860FFE70498E6
:1063B000406D38B1FFE70498416D086840F4807083
:1063C0000860FFE704980168086840F00100086071
:1063D00009E0FFE70499002081F82400FFE702208C
:1063E0008DF80300FFE79DF803008DF81700FFE725
:1063F0009DF8170006B080BD80B584B0039001F011
:10640000AFFC0290039801900198013048B1FFE77A
:1064100040F22050C2F20000016801980844019047
:10642000FFE7FFE701F09CFC0299401A01998842BE
:1064300001D2FFE7F6E704B080BD000086B004900B
:1064400003910292049890F85C008DF80700BDF863
:106450000C0010F4C07F01D0FFE7FFE79DF80700B4
:10646000012806D0FFE79DF80700022840F0DE80F3
:10647000FFE704980068806D00909DF80C004007CD
:1064800030B1FFE79DF80000C007002847D0FFE7C4
:106490009DF80C0010F0380F06D0FFE79DF80000C3
:1064A000800700283BD5FFE7BDF80C0010F4E07F23
:1064B00006D0FFE79DF80000400700282FD5FFE732
:1064C0009DF80D0010F01E0F06D0FFE79DF80000AC
:1064D0000007002823D5FFE79DF80D0010F0E00F1E
:1064E00006D0FFE79DF80000C006002817D5FFE79B
:1064F0009DF80E00800730B1FFE79DF80000800690
:1065000000280CD5FFE79DF80E0010F0FC0F0DD011
:10651000FFE79DF800004006002807D4FFE7049835
:106520000168C86D40F00100C865FFE79DF80C00E8
:10653000400730B1FFE79DF80000C007002847D1B1
:10654000FFE79DF80C0010F0380F06D0FFE79DF82C
:106550000000800700283BD4FFE7BDF80C0010F4D2
:10656000E07F06D0FFE79DF80000400700282FD409
:10657000FFE79DF80D0010F01E0F06D0FFE79DF815
:1065800000000007002823D4FFE79DF80D0010F05D
:10659000E00F06D0FFE79DF80000C006002817D4E2
:1065A000FFE79DF80E00800730B1FFE79DF800007F
:1065B000800600280CD4FFE79DF80E0010F0FC0FB9
:1065C0000DD0FFE79DF800004006002807D5FFE743
:1065D00004980168C86D40F00200C865FFE79DF8A7
:1065E0000C000006002809D5FFE7029A049801680C
:1065F000D1F8DC001043C1F8DC00FFE79DF80D0086
:10660000C00748B1FFE7029A04980168D1F8E0009A
:106610001043C1F8E000FFE7039A04980168486D51
:106620001043486500208DF8170008E00499086EB3
:1066300040F00200086601208DF81700FFE79DF882
:10664000170006B07047000080B586B00490039133
:1066500002920398406808B9FFE700E0FFE704985A
:1066600090F85C0002282FD1FFE704980068D0F86A
:10667000C4008002002809D5FFE70499086E40F4A1
:106680000070086601208DF8170026E00498006865
:10669000D0F8C400C0F30140019004980399029A15
:1066A000019BFDF7B5F80199012000FA01F1049A68
:1066B0001268C2F8CC100199884004998865FFE7F8
:1066C00000208DF8170008E00499086E40F00800DB
:1066D000086601208DF81700FFE79DF8170006B047
:1066E00080BD000087B005900491059890F85C008B
:1066F0008DF803009DF80300012805D0FFE79DF801
:10670000030002283CD1FFE704980068B8B9FFE70E
:1067100004998868CB680A694969800740EAC360C0
:1067200040EA0240084303900598006C04994968C8
:1067300000EB810001900398019908601CE0049827
:10674000C168006940EA417003900498816840691B
:1067500040EA817002900598406C0499496800EB0A
:10676000C1000190039801990860019804300190DC
:10677000029801990860FFE700208DF81B0008E0EF
:106780000599086E40F00200086601208DF81B0094
:10679000FFE79DF81B0007B07047000085B0DDF8EB
:1067A00014C00390029101920093039890F85C004A
:1067B000012819D1FFE703980068D0F8800020F085
:1067C0003F0002990901019A41EA8201009A41EAD7
:1067D0004201059A1143084303990968C1F88000F2
:1067E00000208DF8130008E00399086E40F00400C3
:1067F000086601208DF81300FFE79DF8130005B02F
:106800007047000081B0009001B0704782B00190E5
:10681000009102B0704700008AB00890079106927C
:106820000593089890F85C008DF803009DF803002C
:10683000022840F0FA80FFE7079840283ED1FFE7A2
:1068400008980068D0F89000000748B9FFE7089959
:10685000086E40F48070086601208DF82700EDE096
:1068600008980068D0F89000C0F3012001900898C3
:106870000068D0F8900000F080710120B0EB116F3B
:1068800012D1FFE708980068D0F8800000F400718A
:106890000120B0EB512F06D1FFE70198013000F045
:1068A00003000190FFE7FFE70898806C019901EB76
:1068B000C10100EBC1000490FFE73DE008980068CB
:1068C000D0F89800000748B9FFE70899086E40F42F
:1068D0008070086601208DF82700AFE008980068F6
:1068E000D0F89800C0F30120019008980068D0F813
:1068F000980000F080710120B0EB116F12D1FFE71A
:1069000008980068D0F8800000F480710120B0EB96
:10691000112F06D1FFE70198013000F0030001902C
:10692000FFE7FFE70898C06C019901EBC10100EB9C
:10693000C1000490FFE7FFE70498006800F0804082
:10694000069948600698406838B9FFE704980068DF
:10695000C0F38A400699086006E00498006820F0B9
:10696000604006990860FFE70498006800F0005056
:10697000069988600498006800F000400699086154
:10698000049804300490049800880699C86104981B
:106990000068C0F303400699C8600498006800F4DA
:1069A0008010069948610498006800F40010069968
:1069B000886104980068C0F306600699086204982C
:1069C0000068C00F06994862049804300490049847
:1069D000039000200290FFE702980699CA6841F2EE
:1069E0000871C0F60201895C88420AD2FFE7039869
:1069F000029A805C05998854FFE702980130029062
:106A0000EAE70798402806D1FFE701980899096846
:106A1000C1F8940005E0019808990968C1F89C0044
:106A2000FFE700208DF8270008E00899086E40F085
:106A30000800086601208DF82700FFE79DF8270071
:106A40000AB0704782B0019001980068D0F8C40085
:106A500000F007000090009802B0704781B00090ED
:106A600001B0704780B58AB0099009980068006D40
:106A700000F4E050089009980068416D08980840BB
:106A8000089009980068006D00F0070007900998C9
:106A90000068416D07980840079009980068006DEC
:106AA00000F03800069009980068416D069808408B
:106AB000069009980068006D00F47100059009982F
:106AC0000068416D05980840059009980068006DC0
:106AD00000F46020049009980068416D0498084013
:106AE000049009980068406D019009980068006D55
:106AF00000909DF8000000F040010020B0EB911FD5
:106B000012D0FFE79DF8040000F040010020B0EB38
:106B1000911F08D0FFE7099801684020086509988F
:106B2000FFF79CFFFFE7FFE79DF80100C007E0B11A
:106B3000FFE79DF80500C007B0B1FFE709980068BE
:106B4000D0F8D800029009980068D0F8E0100298B8
:106B500008400290099801684FF480700865099810
:106B6000029900F04BFDFFE7FFE7089848B1FFE707
:106B700008980999096808650998089900F04AFD7C
:106B8000FFE7079848B1FFE7079809990968086582
:106B90000998079900F06CFBFFE7069848B1FFE7FA
:106BA00006980999096808650998069900F0F2FCA9
:106BB000FFE79DF8010000F002010020B0EB510F4B
:106BC00013D0FFE79DF8050000F002010020B0EBB4
:106BD000510F09D0FFE7099801684FF4007008656C
:106BE000099800F01DFDFFE7FFE79DF80010002069
:106BF000B0EBD11F1DD0FFE79DF804100020B0EBD3
:106C0000D11F15D0FFE709980068D0F8D400039091
:106C100009980068D0F8DC100398084003900998A0
:106C20000168802008650998039900F0EDFCFFE7F2
:106C3000FFE79DF8010000F020010020B0EB511F9C
:106C400013D0FFE79DF8050000F020010020B0EB15
:106C5000511F09D0FFE7099801684FF400500865FB
:106C6000099800F0C7FCFFE7FFE79DF8011000203E
:106C7000B0EBD11F11D0FFE79DF805100020B0EB5D
:106C8000D11F09D0FFE7099801684FF4004008655B
:106C9000099800F0ABFCFFE7FFE79DF8010000F06A
:106CA00040010020B0EB911F15D0FFE79DF80500D3
:106CB00000F040010020B0EB911F0BD0FFE70998D6
:106CC00001684FF4804008650999086E40F0800023
:106CD0000866FFE7FFE7049848B1FFE704980999C1
:106CE0000968086509980499FFF790FDFFE7059882
:106CF00050B1FFE70598099909680865059A09994F
:106D0000086E10430866FFE70998006E20B1FFE7A0
:106D10000998FFF777FDFFE70AB080BD80B584B022
:106D20000290029820B9FFE701208DF80F0057E18B
:106D30000298006846F20041C4F20001884201D185
:106D4000FFE7FFE702988068B0F5407F01D1FFE7D9
:106D5000FFE7029890F85C0040B9FFE70299002035
:106D600081F85D00029800F03FF9FFE702980168A2
:106D7000886920F01000886100F0F2FF0190FFE7C1
:106D80000298006880690007002815D5FFE700F029
:106D9000E7FF0199401A0B280DD3FFE70299086E0F
:106DA00040F0010008660299032081F85C00012090
:106DB0008DF80F0014E1E3E702980168886940F05C
:106DC0000100886100F0CCFF0190FFE702980068A5
:106DD0008069C007A8B9FFE700F0C2FF0199401A17
:106DE0000B280DD3FFE70299086E40F001000866FA
:106DF0000299032081F85C0001208DF80F00EFE07C
:106E0000E4E702980168886940F00200886102980E
:106E1000006846F20041C4F20001884208D1FFE751
:106E20000298406846F20051C4F200010860FFE792
:106E30000298007C012807D1FFE702980168886961
:106E400020F04000886106E002980168886940F0FF
:106E500040008861FFE70298407C012807D1FFE7E6
:106E600002980168886940F48040886106E00298D1
:106E70000168886920F480408861FFE70298807C7F
:106E8000012807D1FFE702980168886920F4805043
:106E9000886106E002980168886940F48050886142
:106EA000FFE702980068806920F44070029A116838
:106EB00092681043886102980168886920F0A400F4
:106EC000886102980168086920F010000861029842
:106ED000C068012807D1FFE702980168886940F07F
:106EE000040088612BE00298C06830B3FFE7029885
:106EF000C068022819D0FFE702980168886940F04D
:106F00008000886102980168086940F010000861FB
:106F10000298C068032807D1FFE7029801688869D2
:106F200040F020008861FFE706E002980168886968
:106F300040F020008861FFE700E0FFE7FFE7029AEA
:106F4000116853699069D2F81CE0A0F1010C6FF050
:106F5000FF0000EB0E2040EA4C60126A013A104339
:106F60000022CFF6FF7202EB03421043C861029881
:106F70008068B0F5407F1CD1FFE7029A1168536A20
:106F8000906AD2F82CE001386FF0FF0C0CEB0E2C5D
:106F900040EA0C00D2F830C06FF00F0202EB0C1286
:106FA00010430022CFF6FF7202EB03421043C86089
:106FB000FFE702980168C26BD1F8C0001043C1F826
:106FC000C0000298FCF7B8FB02990020886502997E
:106FD0000866029A012182F85C108DF80F00FFE725
:106FE0009DF80F0004B080BD80B5AEB02D9000209C
:106FF0002C902B902A902990289013A85421F9F7CF
:1070000051F92D98006846F20041C4F2000188420F
:107010005ED1FFE74FF4805013904FF00070219045
:1070200013A802F077FD18B1FFE7FCF74DFBFFE76F
:1070300044F6A020C2F2000001680131016000683E
:10704000012810D1FFE7FFE741F25800C4F2020027
:10705000016841F000710160006800F0007012905A
:107060001298FFE7FFE7FFE741F24C00C4F202008D
:10707000016841F002010160006800F00200119017
:107080001198FFE74FF440702890022029900020CB
:107090000B902A902B9009202C9040F20040C4F6CF
:1070A000000028A900F06EFC0B9A1520099005211C
:1070B0000A9101F09BF8099801F08EF80A990B9A51
:1070C00016200C9001F092F80C9801F085F8CDE0B4
:1070D0002D98006846F60001C4F2000188425DD197
:1070E000FFE74FF4805013904FF00070219013A8E9
:1070F00002F010FD18B1FFE7FCF7E6FAFFE744F6EF
:10710000A020C2F20000016801310160006801287E
:1071100010D1FFE7FFE741F25800C4F20200016816
:1071200041F000710160006800F00070109010984C
:10713000FFE7FFE7FFE741F24C00C4F202000168FD
:1071400041F002010160006800F002000F900F980A
:10715000FFE76020289002202990002007902A90C5
:107160002B9009202C9040F20040C4F6000028A982
:1071700000F008FC079A562005900521069101F0C1
:1071800035F8059801F028F80699079A57200890D5
:1071900001F02CF8089801F01FF866E02D980068BF
:1071A00046F60041C4F2000188425DD1FFE74FF48A
:1071B000805013904FF00070219013A802F0AAFCA9
:1071C00018B1FFE7FCF780FAFFE744F6A020C2F20F
:1071D00000000168013101600068012810D1FFE75B
:1071E000FFE741F25800C4F20200016841F000716B
:1071F0000160006800F000700E900E98FFE7FFE756
:10720000FFE741F24C00C4F20200016841F00201C4
:107210000160006800F002000D900D98FFE7182053
:10722000289002202990002003902A902B900B2078
:107230002C9040F20040C4F6000028A900F0A2FB08
:10724000039A582001900521029100F0CFFF019888
:1072500000F0C2FF0299039A5920049000F0C6FF83
:10726000049800F0B9FFFFE7FFE7FFE72EB080BD0D
:1072700080B58EB00D900C910D9840F2E053C2F2A3
:107280000003402102AAFFF7C7FA0D9847F2E85120
:10729000C2F20001884207D1FFE740F2DA51C2F2A0
:1072A000000100200880FFE70D9847F24C61C2F210
:1072B0000001884207D1FFE740F2DC51C2F2000131
:1072C00000200880FFE70D9847F2B061C2F200018C
:1072D000884207D1FFE740F2DE51C2F200010020F0
:1072E0000880FFE70298ADF806000D9847F2B061FC
:1072F000C2F20001884214D1FFE7BDF8060040F257
:10730000062188420DD1FFE744F6E040C2F20000BA
:1073100000F58C7140F2E050C2F200000AF06CF906
:1073200036E10D9847F24C61C2F20001884213D158
:10733000FFE7BDF80600B0F5837F0DD1FFE744F607
:10734000E040C2F2000000F1E00140F2E050C2F281
:1073500000000AF0ADFA1AE10D9847F24C61C2F252
:107360000001884213D1FFE7BDF80600B0F5017FA8
:107370000DD1FFE744F6E040C2F2000000F5E071F5
:1073800040F2E050C2F200000AF036F9FEE00D983B
:1073900047F2B061C2F20001884214D1FFE7BDF8A4
:1073A000060040F2022188420DD1FFE744F6E0409A
:1073B000C2F2000000F5A87140F2E050C2F20000F5
:1073C0000AF01AF9E1E00D9847F2B061C2F200014B
:1073D000884214D1FFE7BDF8060040F2012188423F
:1073E0000DD1FFE744F6E040C2F2000000F5C471A1
:1073F00040F2E050C2F200000AF0FEF8C4E00D983E
:1074000047F2E851C2F20001884212D1FFE7BDF80D
:10741000060040F2012188420BD1FFE740F2E05024
:10742000C2F2000044F6E041C2F200010AF0E4F8C2
:10743000A9E00D9847F2E851C2F20001884214D148
:10744000FFE7BDF8060040F2022188420DD1FFE7B8
:1074500044F6E040C2F2000000F1380140F2E05092
:10746000C2F200000AF0C8F88CE00D9847F2E8512B
:10747000C2F20001884214D1FFE7BDF8060040F2D5
:10748000032188420DD1FFE744F6E040C2F200003C
:1074900000F1700140F2E050C2F200000AF0ACF8D6
:1074A0006FE00D9847F2E851C2F20001884213D113
:1074B000FFE7BDF80600B0F5017F0DD1FFE744F608
:1074C000E040C2F2000000F1A80140F2E050C2F238
:1074D00000000AF091F853E00D9847F2E851C2F22B
:1074E000000188420CD1FFE7BDF80600312807D122
:1074F000FFE740F2E050C2F200000CF0CFFE3EE0A9
:107500000D9847F2B061C2F2000188420CD1FFE74A
:10751000BDF80600022807D1FFE740F2E050C2F2B2
:10752000000007F0CBFB29E00D9847F2B061C2F2F2
:10753000000188420CD1FFE7BDF80600212807D1E1
:10754000FFE740F2E050C2F200000BF017FE14E03B
:107550000D9847F2B061C2F2000188420CD1FFE7FA
:10756000BDF80600222807D1FFE740F2E050C2F242
:1075700000000BF071FEFFE7FFE7FFE7FFE7FFE723
:10758000FFE7FFE7FFE7FFE7FFE7FFE7FFE7FFE7CB
:107590000EB080BD82B00190009102B07047000033
:1075A00082B00090009890F85C00012810D1FFE7AD
:1075B0000099022081F85C0000980168886920F039
:1075C000010088610099002008668DF8070008E036
:1075D0000099086E40F00400086601208DF807004D
:1075E000FFE79DF8070002B07047000081B00090EF
:1075F00001B0704781B0009001B0704782B0019037
:10760000009102B07047000082B00190009102B07A
:107610007047000082B00190009102B070470000F6
:1076200081B0009001B0704780B586B0049003919E
:10763000FFE740F23040C2F200000078012804D198
:10764000FFE702208DF81700BDE040F23041C2F2A2
:10765000000101200870FFE7FFE74FF47A70FCF7A4
:1076600091FA8DF80B009DF80B00002840F09E80E9
:10767000FFE740F23041C2F200010020486042F2D0
:107680000000C4F2020000688005002820D5FFE752
:1076900042F20000C4F202000068400500280FD545
:1076A000FFE742F20001C4F20201086820F48060A2
:1076B000086040F23041C2F200010320087706E082
:1076C00040F23041C2F2000101200877FFE71FE0DD
:1076D00042F20000C4F202000068400500280FD505
:1076E000FFE742F20001C4F20201086820F4806062
:1076F000086040F23041C2F200010220087706E043
:1077000040F23041C2F2000100200877FFE7FFE7B6
:1077100004980068012814D1FFE704984068FCF73A
:1077200061F94FF47A70FCF72DFA8DF80B0042F2F4
:107730001401C4F20201086848F204029043086090
:1077400031E003994FF0FF300860049880680190A1
:10775000FFE70198049A9168D2681144884221D2C7
:10776000FFE7019804994968FCF77AF94FF47A70B9
:10777000FCF708FA8DF80B0042F21401C4F2020182
:10778000086840F2FA32904308609DF80B0020B17F
:10779000FFE701980399086004E0FFE701980130D2
:1077A0000190D6E7FFE7FCF7C3F8FFE7FFE740F2F9
:1077B0003041C2F2000100200870FFE79DF80B0085
:1077C0008DF81700FFE79DF8170006B080BD000098
:1077D00081B001208DF8030042F21400C4F20200CF
:1077E000016841F0004101600068C00F20B1FFE76F
:1077F00000208DF80300FFE79DF8030001B07047FB
:1078000080B588B006900591039302920020009005
:10781000FFE740F23040C2F200000078012804D1B6
:10782000FFE702208DF81F007BE040F23041C2F2FA
:10783000000101200870FFE7FFE74FF47A70FCF7C2
:10784000A1F98DF807009DF8070000285CD1FFE73B
:1078500040F23041C2F200010020486042F20000D4
:10786000C4F202000068400500280FD5FFE742F28D
:107870000001C4F20201086820F48060086040F250
:107880003041C2F200010220087706E040F23041A8
:10789000C2F2000100200877FFE7069840B9FFE731
:1078A0000598029A039BFCF71FF90120009016E04F
:1078B0000698012804D0FFE7069802280DD1FFE7BB
:1078C00005980299FCF726F90698022804D1FFE7EB
:1078D0004FF480200090FFE700E0FFE7FFE74FF460
:1078E0007A70FCF74FF98DF80700009848B1FFE770
:1078F000009A42F21401C4F2020108689043086041
:10790000FFE7FCF715F8FFE7FFE740F23041C2F26E
:10791000000100200870FFE79DF807008DF81F00A8
:10792000FFE79DF81F0008B080BD000081B0002077
:107930008DF8030042F21400C4F202000068C00F88
:10794000D8B1FFE742F20801C4F2020140F223106D
:10795000C4F26750086048F6AB10CCF6EF500860F0
:1079600042F21400C4F202000068C00F20B1FFE729
:1079700001208DF80300FFE7FFE79DF8030001B049
:10798000704700008BB00A90099100200890FFE733
:10799000099800680899C840002800F0B181FFE705
:1079A00009980068089A01219140084007900798BB
:1079B000002800F0A181FFE70998406800F003006B
:1079C000012807D0FFE70998406800F0030002286B
:1079D0002FD1FFE70A98806806900898410003209D
:1079E00000FA01F10698884306900998C068089942
:1079F000490000FA01F106980843069006980A9992
:107A000088600A98406806900899012000FA01F100
:107A100006988843069009984068C0F300100899BA
:107A200000FA01F106980843069006980A99486002
:107A3000FFE70998406800F0030003280CD1FFE736
:107A40000998406800F0030003281DD1FFE709985A
:107A50008068012818D0FFE70A98C0680690089847
:107A60004100032000FA01F1069888430690099826
:107A700080680899490000FA01F1069808430690C9
:107A800006980A99C860FFE70998406800F003006B
:107A9000022826D1FFE70A9808996FF0030202EA4C
:107AA00051010844006A0690089800F00700810020
:107AB0000F2000FA01F106988843069009980069A2
:107AC000089901F00701890000FA01F106980843BE
:107AD000069006980A99089B02EA5302114408622C
:107AE000FFE70A980068069008984100032000FA12
:107AF00001F10698884306900998406800F0030059
:107B00000899490000FA01F1069808430690069882
:107B10000A990860099880798007002800F0EB80B6
:107B2000FFE7FFE741F26000C4F20200016841F0A4
:107B300001010160006800F0010005900598FFE771
:107B4000089820F003000821C4F201014058069073
:107B5000089800F0030081000F2000FA01F1069858
:107B6000884306900A98B0F1904F03D1FFE70020B8
:107B7000049042E00A9840F20041C4F600018842B5
:107B800003D1FFE70120039034E00A9840F600019A
:107B9000C4F60001884203D1FFE70220029026E0EC
:107BA0000A9840F60041C4F60001884203D1FFE77D
:107BB0000320019018E00A9841F20001C4F6000188
:107BC000884203D1FFE7042000900AE00A9941F2BD
:107BD0000042C4F600020620914208BF0520009032
:107BE000FFE700980190FFE701980290FFE70298F5
:107BF0000390FFE703980490FFE70498089901F0C9
:107C00000301890000FA01F10698084306900698DE
:107C1000089921F003010822C4F20102885040F2C1
:107C20000840C4F20100006806900799069888434E
:107C3000069009988079C006002805D5FFE70799C6
:107C4000069808430690FFE7069840F20841C4F200
:107C50000101086040F20C40C4F201000068069087
:107C6000079906988843069009988079800600282D
:107C700005D5FFE70799069808430690FFE70698A1
:107C800040F20C41C4F20101086040F20440C4F229
:107C900001000068069007990698884306900998A5
:107CA00080798007002805D5FFE7079906980843E3
:107CB0000690FFE7069840F20441C4F20101086013
:107CC00040F20040C4F2010000680690079906984F
:107CD0008843069009988079C00728B1FFE7079983
:107CE000069808430690FFE7069840F20041C4F268
:107CF00001010860FFE7FFE708980130089047E6B8
:107D00000BB0704782B00190ADF802100198006985
:107D1000BDF80210084204D0FFE701208DF80100F1
:107D200003E000208DF80100FFE79DF8010002B09C
:107D30007047000082B00190ADF802108DF801206C
:107D40009DF8010028B1FFE7BDF8020001998861A4
:107D500004E0BDF8020001998862FFE702B07047B5
:107D600040F26C50C2F201000068704783B001908D
:107D70000091019890F8410020283BD1FFE7FFE7F0
:107D8000019890F84000012804D1FFE702208DF807
:107D90000B0033E00199012081F84000FFE7FFE785
:107DA0000199242081F8410001980168086820F0B9
:107DB0000100086001980168086820F4805008609C
:107DC000009A0198016808681043086001980168EA
:107DD000086840F0010008600199202081F8410006
:107DE000FFE70199002081F84000FFE700208DF8AF
:107DF0000B0003E002208DF80B00FFE79DF80B005D
:107E000003B0704784B002900191029890F841004D
:107E1000202840D1FFE7FFE7029890F840000128B2
:107E200004D1FFE702208DF80F0038E0029901200D
:107E300081F84000FFE7FFE70299242081F8410024
:107E400002980168086820F0010008600298006844
:107E500000680090009820F47060009001990098EC
:107E600040EA012000900098029909680860029891
:107E70000168086840F0010008600299202081F83C
:107E80004100FFE70299002081F84000FFE7002051
:107E90008DF80F0003E002208DF80F00FFE79DF83A
:107EA0000F0004B07047000080B582B000900098C9
:107EB00020B9FFE701208DF807007BE0009890F8DB
:107EC000410040B9FFE70099002081F84000009888
:107ED00000F074F8FFE70099242081F84100009831
:107EE0000168086820F00100086000980168406897
:107EF00020F07060086100980168886820F40040F4
:107F000088600098C068012807D1FFE700980168E1
:107F1000806840F40040886006E00098016880684E
:107F200040F404408860FFE70098C068022807D149
:107F3000FFE700980168486840F40060486006E088
:107F400000980168486820F400604860FFE70098E6
:107F50000168486848F20002C0F2002210434860FD
:107F600000980168C86820F40040C860009A116851
:107F7000106953699269184340EA0220C860009A68
:107F80001168D069126A1043086000980168086897
:107F900040F001000860009900204864009A202108
:107FA00082F8411000990863009981F842008DF829
:107FB0000700FFE79DF8070002B080BD80B59EB0C6
:107FC0001D9000201C901B901A901990189003A8E7
:107FD0005421F8F767F91D98006845F60001C4F2CE
:107FE000000188423BD1FFE78020039000200B90E6
:107FF00003A801F08FFD18B1FFE7FBF765FBFFE772
:10800000FFE741F24C00C4F20200016841F00101B7
:108010000160006800F0010002900298FFE74FF451
:10802000407018901220199001201A9002201B9085
:1080300004201C904FF0904018A9FFF7A3FCFFE725
:1080400041F25800C4F20200016841F4800101606D
:10805000006800F4800001900198FFE7FFE71EB080
:1080600080BD000040F22050C2F20000026840F2E1
:108070006C51C2F2010108681044086070470000AA
:1080800080B582B000208DF80700032000F0C6F80C
:108090000F2000F00DF820B1FFE701208DF8070058
:1080A00002E000F06FF8FFE79DF8070002B080BD26
:1080B00080B58CB00B90002005900490FFE741F252
:1080C0006000C4F20200016841F4801101600068A0
:1080D00000F4801001900198FFE706A803A902F0C0
:1080E0003FF902F081F9059005984DF68361C4F2DD
:1080F0001B31A0FB01014FF0FF3000EB91400490D9
:1081000047F6E030C2F2000045F20001C4F201017E
:10811000016040F2E731C1600499416000210161D2
:10812000816003F009FB8DF80B009DF80B0028BB64
:10813000FFE747F6E030C2F2000003F03BFC8DF8A9
:108140000B009DF80B00C0B9FFE74E2000F044F88B
:108150000B980F280CD8FFE70B994E20002200F057
:1081600045F80B9840F22451C2F20001086003E088
:1081700001208DF80B00FFE7FFE7FFE79DF80B00FC
:108180000CB080BD80B582B0FFE741F26000C4F260
:108190000200016841F001010160006800F0010087
:1081A00001900198FFE7FFE741F25800C4F2020096
:1081B000016841F080510160006800F0805000903B
:1081C0000098FFE76FF001000F21002200F00EF889
:1081D00001F096FC02B080BD80B582B08DF807003A
:1081E0009DF9070012F030FC02B080BD80B586B06A
:1081F0008DF817000491039212F03EFC02909DF955
:108200001700019002980499039A09F055FC014661
:10821000019812F039FC06B080BD000080B582B034
:108220000190019812F052FC02B080BD80B586B07A
:10823000049000208DF80F00049820B9FFE701207A
:108240008DF81700E9E0049890F83A00052804D169
:10825000FFE701208DF81700DFE0049890F83A005E
:10826000022804D1FFE701208DF81700D5E004981B
:10827000806808B9FFE7FFE70498806908B1FFE765
:10828000FFE704988068402801D1FFE7FFE70498E2
:10829000C06A102801D1FFE7FFE7FFE741F2600065
:1082A000C4F20200016841F001010160006800F0C1
:1082B000010002900298FFE7049890F83A0028B96C
:1082C000FFE70499002081F83900FFE7049800F0E7
:1082D000A9F804988068402805D0FFE704988068D2
:1082E000602838D1FFE704980068006820F010008B
:1082F000049A1168D26A1043086004980068006804
:1083000043F61161CEF200010840049B0193196805
:108310005A68D3F808E0D3F810C042EA0E0242EAE5
:108320000C0293F814E042F4807CBEF1010F08BF08
:108330006246D3F824C042EA0C02D3F828C042EACD
:108340000C02D3F830C042EACC425B6B42EA0362D3
:10835000104308603BE004980068006820F01000BB
:10836000049A1168D26A1043086004980068006893
:1083700043F61161CEF200010840049B0093196896
:108380005A68D3F808E0D3F80CC042EA0E0242EA79
:108390000C02D3F810C042EA0C0293F814E042F445
:1083A000807CBEF1010F08BF6246D3F824C042EAC8
:1083B0000C02D3F828C042EA0C02D3F830C042EADB
:1083C000CC425B6B42EA036210430860FFE704980B
:1083D00000688069C00F88B9FFE704980068806969
:1083E00020F03F00049B19689A69D3F81CC01B6AEF
:1083F00042EA0C021A4310438861FFE7049890F8A0
:108400003A0028B9FFE70499012081F83A00FFE714
:108410009DF80F008DF81700FFE79DF8170006B0D4
:1084200080BD000080B588B00790002006900590C0
:108430000490039002900798006840F21431C4F24F
:10844000010188421ED1FFE7FFE741F24C00C4F270
:108450000200016841F002010160006800F00200C2
:1084600001900198FFE74FF4006002900320039011
:108470000020049040F20040C4F6000002A9FFF77B
:1084800081FAFFE708B080BD82B0019001980068D2
:10849000009001990120C1F8D0020199002081F8D3
:1084A000C802009AB2F8541041F00101A2F8541029
:1084B000009AB2F8541041F00201A2F8541002B030
:1084C0007047000080B584B003908DF80B109DF8C4
:1084D0000B000146019120B1FFE70198012815D05A
:1084E00027E00398407A58B1FFE70BF02BFF4EF6D8
:1084F0001051CEF20001086820F006000860FFE786
:108500000398D0F8D80210F0BBF812E00398D0F826
:10851000D80210F09BF90398407A48B1FFE74EF675
:108520001051CEF20001086840F006000860FFE735
:10853000FFE704B080BD000084B00390ADF80A10DE
:10854000ADF808200193BDF80A00000600280CD5FC
:10855000FFE70398BDF80A1001F0070101EB810164
:1085600000EBC100103000900AE00398BDF80A103B
:1085700001EB810100EBC10000F5A8700090FFE75E
:10858000BDF8080038B9FFE700990020087301988A
:108590000099C8800AE000990120087301980099A9
:1085A0000881BDF8060000994881FFE7002004B06B
:1085B0007047000080B582B001908DF80310019AD9
:1085C000D2F8D8029DF8031001EB810302EBC3023D
:1085D000526A0FF00DFE02B080BD000080B582B07F
:1085E00001908DF80310019AD2F8D8029DF803107B
:1085F00001EB810302EBC302D2F864210FF09EFE6F
:1086000002B080BD80B584B002908DF807109DF84F
:108610000700000600280FD5FFE702989DF8071015
:1086200001F0070101EB810100EBC1001030009067
:108630000099012048700FE002989DF8071001F0A2
:10864000070101EB810100EBC10000F5A87000906B
:10865000009900204870FFE79DF8070000F0070030
:1086600000990870FFE7029890F89002012804D161
:10867000FFE702208DF80F0014E00299012081F835
:108680009002FFE7FFE702980068009911F03AF9BD
:10869000FFE70299002081F89002FFE700208DF8A3
:1086A0000F00FFE79DF80F0004B080BD80B584B0D7
:1086B00002908DF807109DF8070000F00F00029956
:1086C0000979884204D9FFE701208DF80F004DE0B9
:1086D0009DF80700000600280FD5FFE702989DF8D7
:1086E000071001F0070101EB810100EBC100103020
:1086F00000900099012048700FE002989DF8071043
:1087000001F0070101EB810100EBC10000F5A87049
:108710000090009900204870FFE7009900208870C1
:108720009DF8070000F0070000990870FFE7029825
:1087300090F89002012804D1FFE702208DF80F0085
:1087400014E00299012081F89002FFE7FFE7029808
:108750000068009911F0B6FAFFE70299002081F84D
:108760009002FFE700208DF80F00FFE79DF80F0053
:1087700004B080BD80B586B005900491ADF80E20A0
:10878000BDF80E004004002876D5FFE70598006884
:10879000B0F850000499097800EBC1000599096808
:1087A0000844B0F802046FF39F20ADF80C00049861
:1087B0008069BDF80C10884207D3FFE7BDF80C2094
:1087C00004998869801A886103E00499002088610F
:1087D000FFE704988069F8B9FFE7FFE705980068AC
:1087E0000499097830F821004BF68F710840ADF8F4
:1087F0000A00BDF80A0080F40050ADF80A00BDF888
:108800000A0048F28001084305990968049A127821
:1088100021F82200FFE7FFE7BDF80E004006002820
:108820001BD5FFE7FFE7FFE7059800680499097883
:1088300030F8210048F68F710840ADF80800BDF807
:10884000080048F2C001084305990968049A1278A3
:1088500021F82200FFE7FFE7FFE7BDF80C0050B169
:10886000FFE705980068049A51691289BDF80C3039
:1088700012F01AF8FFE775E005980068B0F85000AC
:108880000499097800EBC100059909680844B0F81B
:1088900006046FF39F20ADF80C0004988069BDF8C2
:1088A0000C10884207D3FFE7BDF80C2004998869B3
:1088B000801A886103E0049900208861FFE704982A
:1088C0008069F8B9FFE7FFE705980068049909781F
:1088D00030F821004BF68F710840ADF80600BDF866
:1088E000060080F40050ADF80600BDF8060048F21E
:1088F0008001084305990968049A127821F822003A
:10890000FFE7FFE7BDF80E00400600281BD4FFE795
:10891000FFE7FFE7059800680499097830F821001F
:1089200048F68F710840ADF80400BDF8040048F225
:10893000C001084305990968049A127821F82200B9
:10894000FFE7FFE7FFE7BDF80C0050B1FFE7059830
:108950000068049A51695289BDF80C3011F0A4FFE7
:10896000FFE7FFE7BDF80C0006B080BD80B5AAB0F8
:1089700028902791ADF89A20BDF89A00400600286B
:1089800040F1E181FFE728980068B0F8500027998E
:10899000097800EBC100289909680844B0F802047E
:1089A0006FF39F20ADF8920027988069BDF8921070
:1089B000884207D9FFE7BDF8922027998869801A75
:1089C000886103E0279900208861FFE72798806984
:1089D000002840F0D780FFE7FFE72798407808BBE2
:1089E000FFE7FFE728980068239028980068B0F810
:1089F000501023980844239023982799097800EB76
:108A0000C10000F202402290FFE7229908886FF32C
:108A10009F2008802299088840F400400880FFE7E2
:108A2000FFE71DE027984078012818D1FFE7FFE70E
:108A300028980068209028980068B0F85010209876
:108A40000844209020982799097800EBC10000F293
:108A500002401F901F9900200880FFE7FFE7FFE713
:108A6000FFE7FFE7289800681E902798407808BB2A
:108A7000FFE7FFE7289800681C9028980068B0F886
:108A800050101C9808441C901C982799097800EBFA
:108A9000C10000F206401B90FFE71B9908886FF3A6
:108AA0009F2008801B99088840F400400880FFE759
:108AB000FFE718E027984078012813D1FFE72898AE
:108AC0000068B0F850101E9808441E901E98279910
:108AD000097800EBC10000F206401D901D990020AE
:108AE0000880FFE7FFE7FFE72798C07802281FD13B
:108AF000FFE7FFE7289800682799097830F82100F8
:108B000048F6BF710840ADF86600BDF8660080F019
:108B10002000ADF86600BDF8660048F28001084309
:108B200028990968279A127821F82200FFE7FFE7C1
:108B3000289827990978FFF73DFDBDF89A00400471
:108B400000281BD5FFE7FFE7FFE728980068279973
:108B5000097830F8210048F68F710840ADF86400BC
:108B6000BDF864004CF28001084328990968279AEF
:108B7000127821F82200FFE7FFE7FFE700208DF8D9
:108B8000A700E6E2BDF89A00400400281BD5FFE7E5
:108B9000FFE7FFE7289800682799097830F8210057
:108BA00048F68F710840ADF86200BDF862004CF2E3
:108BB0008001084328990968279A127821F8220031
:108BC000FFE7FFE7FFE7279890F82400012840F02F
:108BD000B880FFE7BDF892202799486910444861A2
:108BE000BDF892202799C8691044C8612798016987
:108BF000006A884209D3FFE7279800692590259AE3
:108C00002799086A801A086216E02798006A40B916
:108C1000FFE7BDF8920025902799002081F82400F5
:108C200009E02799002081F824002799096A2591F5
:108C300027990862FFE7FFE7FFE7279840780028B9
:108C400056D1FFE7FFE7289800681790289800683A
:108C5000B0F850101798084417901798279909787A
:108C600000EBC10000F202401690FFE71699088859
:108C70006FF39F200880259830B9FFE71699088880
:108C800040F40040088030E025983E2815D8FFE7E2
:108C9000FFE72598400815909DF89400C00720B183
:108CA000FFE7159801301590FFE7159A1699088887
:108CB00040EA82200880FFE716E0FFE72598400998
:108CC00015909DF89400C00620B9FFE7159801386B
:108CD0001590FFE7159A1699088840EA822040F41B
:108CE00000400880FFE7FFE7FFE7FFE7FFE71DE041
:108CF00027984078012818D1FFE7FFE728980068F7
:108D0000149028980068B0F85010149808441490F3
:108D100014982799097800EBC10000F202401390E3
:108D2000259813990880FFE7FFE7FFE7FFE72898FA
:108D30000068279A51691289BDF8943011F02AFE13
:108D4000FFE7FFE7DDE128980068B0F850002799B9
:108D5000097800EBC100289909680844B0F80604B6
:108D60006FF39F20ADF8920027988069BDF89210AC
:108D7000884207D3FFE7BDF8922027998869801AB7
:108D8000886103E0279900208861FFE727988069C0
:108D9000002840F0D780FFE7FFE72798407808BB1E
:108DA000FFE7FFE728980068129028980068B0F85D
:108DB000501012980844129012982799097800EBE5
:108DC000C10000F202401190FFE7119908886FF38B
:108DD0009F2008801199088840F400400880FFE730
:108DE000FFE71DE027984078012818D1FFE7FFE74B
:108DF000289800680F9028980068B0F850100F98D5
:108E000008440F900F982799097800EBC10000F2F1
:108E100002400E900E9900200880FFE7FFE7FFE771
:108E2000FFE7FFE7289800680D902798407808BB77
:108E3000FFE7FFE7289800680B9028980068B0F8D3
:108E400050100B9808440B900B982799097800EB69
:108E5000C10000F206400A90FFE70A9908886FF304
:108E60009F2008800A99088840F400400880FFE7A6
:108E7000FFE718E027984078012813D1FFE72898EA
:108E80000068B0F850100D9808440D900D9827997F
:108E9000097800EBC10000F206400C900C9900200C
:108EA0000880FFE7FFE7FFE72798C07802281FD177
:108EB000FFE7FFE7289800682799097830F8210034
:108EC00048F6BF710840ADF82200BDF8220080F0DE
:108ED0002000ADF82200BDF8220048F280010843CE
:108EE00028990968279A127821F82200FFE7FFE7FE
:108EF000289827990978FFF75DFBBDF89A00400490
:108F000000281BD4FFE7FFE7FFE7289800682799B0
:108F1000097830F8210048F68F710840ADF820003C
:108F2000BDF820004CF28001084328990968279A6F
:108F3000127821F82200FFE7FFE7FFE700208DF815
:108F4000A70006E1BDF89A00400400281BD4FFE703
:108F5000FFE7FFE7289800682799097830F8210093
:108F600048F68F710840ADF81E00BDF81E004CF2A7
:108F70008001084328990968279A127821F822006D
:108F8000FFE7FFE7FFE7279890F82400012840F06B
:108F9000B680FFE7BDF892202799486910444861E0
:108FA000BDF892202799C8691044C86127980169C3
:108FB000006A884209D3FFE7279800692590259A1F
:108FC0002799086A801A086216E02798006A40B953
:108FD000FFE7BDF8920025902799002081F8240032
:108FE00009E02798006A25902799002008622799B0
:108FF00081F82400FFE7FFE7FFE728980068069064
:1090000027984078002856D1FFE7FFE728980068A6
:10901000049028980068B0F8501004980844049010
:1090200004982799097800EBC10000F206400390EC
:10903000FFE7039908886FF39F200880259830B9CF
:10904000FFE70399088840F40040088030E0259845
:109050003E2815D8FFE7FFE72598400802909DF8C5
:109060009400C00720B1FFE7029801300290FFE7AB
:10907000029A0399088840EA82200880FFE716E0F8
:10908000FFE72598400902909DF89400C00620B99A
:10909000FFE7029801380290FFE7029A03990888D7
:1090A00040EA822040F400400880FFE7FFE7FFE746
:1090B000FFE7FFE718E027984078012813D1FFE782
:1090C00028980068B0F85010069808440690069852
:1090D0002799097800EBC10000F206400590259819
:1090E00005990880FFE7FFE7FFE728980068279ABF
:1090F00051695289BDF8943011F04CFCFFE7FFE74D
:10910000FFE7FFE7289800682799097830F82100E1
:1091100048F6BF710840ADF80600BDF8060080F0C3
:109120001000ADF80600BDF8060080F02000ADF894
:109130000600BDF8060048F2800108432899096836
:10914000279A127821F82200FFE700208DF8A70067
:10915000FFE79DF8A7002AB080BD000082B0019013
:109160008DF8031001989DF8031001F0070101EB41
:10917000810100EBC100D0F86C0102B07047000023
:1091800080B586B004908DF80F10ADF80C208DF8E6
:109190000B3000208DF80A009DF80F000006002813
:1091A0000FD5FFE704989DF80F1001F0070101EBC0
:1091B000810100EBC100103001900199012048703D
:1091C0000FE004989DF80F1001F0070101EB8101F9
:1091D00000EBC10000F5A8700190019900204870D3
:1091E000FFE79DF80F0000F0070001990870BDF837
:1091F0000C006FF3DF20019908619DF80B000199C5
:10920000C8709DF80B00022804D1FFE701990020E7
:109210000871FFE7FFE7049890F89002012804D155
:10922000FFE702208DF8170015E00499012081F86E
:109230009002FFE7FFE70498006801990FF01EFF16
:10924000FFE70499002081F89002FFE79DF80A00EB
:109250008DF81700FFE79DF8170006B080BD0000ED
:1092600080B586B005908DF813100392029305988F
:109270009DF8131001F0070101EB810100EBC10023
:1092800000F5A8700190039801994861029801992E
:109290008861019900200090C861019948709DF88B
:1092A000130000F007000199087005980068019903
:1092B00010F0EAFD009806B080BD000080B584B0D3
:1092C00002908DF807109DF8070000F00700029942
:1092D0000979884204D9FFE701208DF80F004BE09F
:1092E0009DF80700000600280FD5FFE702989DF8BB
:1092F000071001F0070101EB810100EBC100103004
:1093000000900099012048700DE002989DF8071028
:1093100001EB810100EBC10000F5A87000900099FD
:1093200000204870FFE70099012088709DF8070031
:1093300000F0070000990870FFE7029890F890028B
:10934000012804D1FFE702208DF80F0014E00299F4
:10935000012081F89002FFE7FFE70298006800997A
:1093600010F04EFDFFE70299002081F89002FFE720
:1093700000208DF80F00FFE79DF80F0004B080BDBE
:1093800080B586B005908DF813100392029305986E
:109390009DF8131001F0070101EB810100EBC10002
:1093A00010300190039801994861029801998861F1
:1093B0000199012081F824000299019A1162019A11
:1093C00000210091D161019948709DF8130000F0CF
:1093D00007000199087005980068019910F054FD84
:1093E000009806B080BD000080B582B00190019861
:1093F000006811F04FFA00909DF801000006002867
:1094000004D5FFE7019808F08DFBDFE09DF801002F
:109410004007002810D5FFE701980168B1F8440023
:1094200020F48060A1F84400019800F0D3F901987D
:10943000002100F00FFAC9E09DF801004006002865
:1094400009D5FFE701980168B1F8440020F4804095
:10945000A1F84400BAE09DF801008006002809D573
:10946000FFE701980168B1F8440020F40050A1F82A
:109470004400ABE09DF80100C00600282AD5FFE7B4
:1094800001980168B1F8400020F00400A1F8400004
:1094900001980168B1F8400020F00800A1F84000F0
:1094A000019890F8C802012808D1FFE7019800212F
:1094B00080F8C8120198FFF705F8FFE7019800F05F
:1094C000A5F901980168B1F8440020F48050A1F892
:1094D00044007BE09DF80100000700281CD5FFE751
:1094E00001980168B1F8400040F00800A1F8400080
:1094F00001980168B1F8440020F40060A1F844002C
:1095000001980168B1F8400040F00400A1F8400063
:10951000019800F003FA59E09DF8000000060028C9
:1095200034D5FFE701980168B1F8440020F08000CD
:10953000A1F84400019890F8C80210BBFFE7019819
:109540000168B1F8400040F00400A1F84000019823
:109550000168B1F8400040F00800A1F8400001980F
:10956000012180F8C81201980068B0F8540000F09A
:10957000F0008008019AC2F8CC020198FEF7A2FF21
:1095800003E0019800F0CAF9FFE71FE09DF8010031
:10959000800700280CD5FFE701980168B1F8440066
:1095A00020F40070A1F84400019800F049F90DE0A2
:1095B0009DF80100C00748B1FFE701980168B1F8C4
:1095C000440020F48070A1F84400FFE702B080BDA1
:1095D00080B584B00290029820B9FFE701208DF891
:1095E0000F00BBE0029890F8910240B9FFE70299A2
:1095F000002081F89002029800F0B4F8FFE7029989
:10960000032081F891020298006810F04BFB0020C3
:109610008DF80700FFE79DF8070002990979884255
:1096200039DAFFE702989DF8071001EB810100EBA2
:10963000C101012048749DF80700029900EB8002E7
:1096400001EBC201087402989DF8071001EB81013B
:1096500000EBC1010020C87402999DF8072002EBBD
:10966000820201EBC201086202999DF8072002EB19
:10967000820201EBC201486202999DF8072002EBC9
:10968000820201EBC2018862FFE79DF8070001300A
:109690008DF80700BFE700208DF80700FFE79DF871
:1096A00007000299097988423EDAFFE702989DF89F
:1096B000071001EB810100EBC101002081F851018D
:1096C0009DF80710029A01EB810302EBC30282F8B6
:1096D000501102999DF8072002EB820201EBC201B2
:1096E00081F8530102999DF8072002EB820201EBF9
:1096F000C201C1F8600102999DF8072002EB8202C5
:1097000001EBC201C1F8640102999DF8072002EB48
:10971000820201EBC201C1F86801FFE79DF8070072
:1097200001308DF80700BAE7029A10685168926814
:1097300010F0A4FA0299002008730299012081F820
:1097400091020298807A012804D1FFE70298FEF77F
:109750009BFEFFE700208DF80F00FFE79DF80F004C
:1097600004B080BD80B598B0179002A85421F6F7D8
:1097700099FD1798006845F60041C4F2000188423F
:1097800026D1FFE74FF4005002900020119002A86C
:1097900000F0C0F918B1FFE7F9F796FFFFE7FFE720
:1097A00041F25800C4F20200016841F40001016076
:1097B000006800F4000001900198FFE71420009079
:1097C00005210022FEF712FD0098FEF705FDFFE7D8
:1097D00018B080BD80B582B0019001208DF80300E3
:1097E00001984079022803D0FFE7F9F76DFFFFE702
:1097F0000198D0F8D8029DF803100EF07BFF019875
:10980000D0F8D8020EF0ECFE02B080BD80B582B078
:1098100001900198407A58B1FFE74EF61051CEF210
:109820000001086820F0060008600AF08BFDFFE7E1
:109830000198D0F8D8020EF023FF02B080BD0000DE
:1098400080B582B001900198D0F8D8020EF02AFFBE
:1098500002B080BD80B584B002908DF80710FFE79C
:10986000029890F89002012804D1FFE702208DF8B9
:109870000F0019E00299012081F89002FFE7FFE74D
:109880009DF8070002990873029800689DF8071078
:1098900011F070F8FFE70299002081F89002FFE7CD
:1098A00000208DF80F00FFE79DF80F0004B080BD89
:1098B00080B582B001900199D1F8D80201F52671E6
:1098C0000EF042FF02B080BD80B582B00090FFE78D
:1098D000009890F89002012804D1FFE702208DF84B
:1098E000070017E00099012081F89002FFE7FFE7E9
:1098F0000098006810F0B6FF0098006810F0B2F908
:10990000FFE70099002081F89002FFE700208DF822
:109910000700FFE79DF8070002B080BD80B582B068
:1099200001900198D0F8D8020EF090FF0198407A8B
:1099300048B1FFE74EF61051CEF20001086840F042
:1099400006000860FFE702B080BD000085B003900C
:10995000039800285ED1FFE747F20000C4F2000040
:10996000006800F4C060B0F5806F49D1FFE747F2AE
:109970008001C4F20001086820F48070086047F29A
:109980000002C4F200021168012060F34A21116054
:1099900040F2FC11C2F200010968322251434DF637
:1099A0008362C4F21B32A1FB022100EB91400290C2
:1099B000FFE747F21400C4F20000016800204905E7
:1099C0000029019006D5FFE70298002818BF012062
:1099D0000190FFE70198C00720B1FFE70298013826
:1099E0000290E6E747F21400C4F200000068400568
:1099F000002804D5FFE703208DF813007CE008E081
:109A000047F28001C4F20001086820F48070086009
:109A1000FFE76DE00398B0F5007F5ED1FFE747F206
:109A20000000C4F20000006800F4C060B0F5806F70
:109A300049D1FFE747F28001C4F20001086840F411
:109A40008070086047F20002C4F200021168012031
:109A500060F34A21116040F2FC11C2F20001096872
:109A6000322251434DF68362C4F21B32A1FB022124
:109A700000EB91400290FFE747F21400C4F20000AF
:109A80000168002049050029009006D5FFE70298EB
:109A9000002818BF01200090FFE70098C00720B100
:109AA000FFE7029801380290E6E747F21400C4F29B
:109AB000000000684005002804D5FFE703208DF86A
:109AC000130019E008E047F28001C4F200010868C1
:109AD00040F480700860FFE709E047F20001C4F23B
:109AE00000010868022262F34A200860FFE7FFE7EE
:109AF00000208DF81300FFE79DF8130005B07047B4
:109B000047F20801C4F20001086840F48040086090
:109B10007047000080B586B0059000208DF80B00DE
:109B20008DF80A00059880780007002840F1B5807C
:109B3000FFE700208DF8090041F25800C4F202004E
:109B40000068C000002813D4FFE7FFE741F2580087
:109B5000C4F20200016841F080510160006800F029
:109B6000805001900198FFE701208DF80900FFE780
:109B700047F20001C4F20001086840F480700860F8
:109B8000FEF7EEF80390FFE747F20000C4F2000092
:109B90000068C00500280CD4FFE7FEF7E1F8039940
:109BA000401A032804D3FFE703208DF80B0000E0E0
:109BB000EAE79DF80B0000285BD1FFE741F2900037
:109BC000C4F20200006800F4407004900498C8B128
:109BD000FFE704980599096D884213D0FFE741F229
:109BE0009001C4F20201086820F4407004900868F3
:109BF00040F480300860086820F4803008600498E1
:109C00000860FFE79DF81000C007E0B1FFE7FEF72E
:109C1000A7F80390FFE741F29000C4F20200006849
:109C2000800700280ED4FFE7FEF79AF80399401A40
:109C300041F28931884204D3FFE703208DF80B00FD
:109C400000E0E8E7FFE79DF80B0060B9FFE741F2AD
:109C50009001C4F20201086820F44070059A126D68
:109C60001043086004E09DF80B008DF80A00FFE740
:109C700004E09DF80B008DF80A00FFE79DF809004D
:109C8000012809D1FFE741F25801C4F20201086836
:109C900020F080500860FFE7FFE705980078C007D4
:109CA00060B1FFE741F28801C4F20201086820F0C8
:109CB0000300059A526810430860FFE70598007892
:109CC000800700280CD5FFE741F28801C4F20201A9
:109CD000086820F00C00059A926810430860FFE7BE
:109CE00005980078400700280CD5FFE741F288016D
:109CF000C4F20201086820F03000059AD2681043CF
:109D00000860FFE705980078000700280CD5FFE7FA
:109D100041F28801C4F20201086820F0C000059AEF
:109D2000126910430860FFE705980078C006002814
:109D30000CD5FFE741F28801C4F20201086820F463
:109D40004070059A526910430860FFE70598007853
:109D5000800600280CD5FFE741F28801C4F2020119
:109D6000086820F44060059A926910430860FFE794
:109D700005980078400600280CD5FFE741F28801DD
:109D8000C4F20201086820F44050059AD2691043D9
:109D90000860FFE705980078000600280CD5FFE76B
:109DA00041F28801C4F20201086820F44040059A9B
:109DB000126A10430860FFE705984078C00760B159
:109DC000FFE741F28801C4F20201086820F4403044
:109DD000059A526A10430860FFE70598807880076B
:109DE00000280CD5FFE741F29C01C4F2020108688B
:109DF00020F00300059A926A10430860FFE7059877
:109E00004078800700280CD5FFE741F28801C4F2B2
:109E10000201086820F44020059AD26A10430860C5
:109E2000FFE705984078400700281BD5FFE741F27F
:109E30008801C4F20201086820F44010059A126BF0
:109E4000104308600598006BB0F5801F09D1FFE74B
:109E500041F20C01C4F20201086840F4801008606D
:109E6000FFE7FFE705984078000700281BD5FFE7CC
:109E700041F28801C4F20201086820F44000059A0A
:109E8000526B104308600598406BB0F5800F09D104
:109E9000FFE741F20C01C4F20201086840F48010AF
:109EA0000860FFE7FFE705984078C00600281BD54B
:109EB000FFE741F28801C4F20201086820F0407017
:109EC000059A926B104308600598806BB0F1807F13
:109ED00009D1FFE741F20C01C4F20201086840F425
:109EE00080100860FFE7FFE70598407880060028AB
:109EF0001BD5FFE741F28801C4F20201086820F097
:109F00004060059AD26B104308600598C06BB0F1B1
:109F1000006F09D1FFE741F20C01C4F202010868A9
:109F200040F480100860FFE7FFE70598407840069E
:109F300000281BD5FFE741F28801C4F2020108683E
:109F400020F04060059A126C104308600598006C80
:109F5000B0F1006F09D1FFE741F20C01C4F2020138
:109F6000086840F480100860FFE7FFE70598407834
:109F7000000600281BD5FFE741F28801C4F2020168
:109F8000086820F04050059A526C1043086005980C
:109F9000406CB0F1805F09D1FFE741F20C01C4F2DF
:109FA0000201086840F480300860FFE7FFE7059889
:109FB0008078C007D8B1FFE741F28801C4F20201FE
:109FC000086820F04040059A926C1043086005989C
:109FD000806CB0F1804F09D1FFE741F20C01C4F26F
:109FE0000201086840F480300860FFE7FFE7059849
:109FF0008078400700281BD5FFE741F29C01C4F29E
:10A000000201086820F44010059AD26C10430860E1
:10A010000598C06CB0F5001F09D1FFE741F20C01B3
:10A02000C4F20201086840F480100860FFE7FFE70F
:10A030009DF80A0006B080BD80B586B004900391FB
:10A0400000200090049820B9FFE701208DF8170048
:10A0500081E1039842F20001C4F20201096801F0B3
:10A060000F01884216D9FFE742F20000C4F2020055
:10A07000016821F00F01039A11430160006800F0AC
:10A080000F000399884204D0FFE701208DF81700E4
:10A0900061E1FFE704980078C007002800F0A38082
:10A0A000FFE704984068032839D1FFE741F2000038
:10A0B000C4F2020000688001002804D4FFE70120F8
:10A0C0008DF8170047E108F0F7FA019001984BF27C
:10A0D0000141C0F2C441884220D3FFE741F20800A9
:10A0E000C4F20200006810F0F00F0AD0FFE70498F5
:10A0F00000788007002810D5FFE70498806860B9D1
:10A10000FFE741F20801C4F202010868082262F385
:10A110000710086080200090FFE7FFE738E0049810
:10A12000406802280ED1FFE741F20000C4F20200AD
:10A1300000688003002804D4FFE701208DF8170091
:10A1400009E10DE041F20000C4F2020000684005A0
:10A15000002804D4FFE701208DF81700FBE0FFE79B
:10A1600000F056F9019001984BF20141C0F2C44150
:10A1700088420CD3FFE741F20801C4F202010868EB
:10A18000082262F30710086080200090FFE7FFE7D5
:10A1900041F20801C4F20201086820F00300049AA9
:10A1A000526810430860FDF7DBFD0290FFE741F2C3
:10A1B0000800C4F20200006800F00C00049949682D
:10A1C000B0EB810F0ED0FFE7FDF7CAFD0299401AF0
:10A1D00041F28931884204D3FFE703208DF817004C
:10A1E000B9E0E4E7FFE704980078800700282CD561
:10A1F000FFE7049800784007002809D5FFE741F2FF
:10A200000801C4F20201086840F4E0600860FFE75A
:10A2100004980078000700280BD5FFE741F20801F9
:10A22000C4F20201086840F4E06020F46050086065
:10A23000FFE741F20801C4F20201086820F0F000D3
:10A24000049A9268104308600DE00098802809D1B4
:10A25000FFE741F20801C4F20201086820F0F000B3
:10A260000860FFE7FFE7039842F20001C4F2020131
:10A27000096801F00F01884228D2FFE742F200018D
:10A28000C4F20201086820F00F00039A104308602E
:10A29000FDF766FD0290FFE742F20000C4F2020003
:10A2A000006800F00F00039988420ED0FFE7FDF729
:10A2B00057FD0299401A41F28931884204D3FFE7E1
:10A2C00003208DF8170046E0E6E7FFE704980078E2
:10A2D000400700280CD5FFE741F20801C4F2020153
:10A2E000086820F4E060049AD26810430860FFE731
:10A2F00004980078000700280DD5FFE741F2080117
:10A30000C4F20201086820F46050049A126940EA1D
:10A31000C2000860FFE700F07BF841F20801C4F2D8
:10A3200002010968C9B20A0941F2F041C0F602010E
:10A33000895C01F01F01C84040F2FC11C2F200012B
:10A34000086040F22450C2F200000068FDF7B0FE41
:10A350008DF81700FFE79DF8170006B080BD0000DC
:10A3600082B00190009101990F20086041F208002D
:10A37000C4F20200016801F00301019A5160016812
:10A3800001F0F001019A9160016801F4E061019A25
:10A39000D160006800F46050C0080199086142F281
:10A3A0000000C4F20200006800F00F00009908608D
:10A3B00002B0704740F2FC10C2F200000068704723
:10A3C00080B5FFF7F7FF41F20801C4F20201096806
:10A3D000C1F3022241F20051C0F60201895C01F092
:10A3E0001F01C84080BD000080B5FFF7E3FF41F2C8
:10A3F0000801C4F202010968C1F3C22241F200510E
:10A40000C0F60201895C01F01F01C84080BD000058
:10A4100086B041F20800C4F20200006800F00C00AF
:10A42000042806D1FFE742F20040C0F2F400019098
:10A4300069E041F20800C4F20200006800F00C007C
:10A44000082806D1FFE741F60030C0F2B7000190BE
:10A4500058E041F20800C4F20200006800F00C006D
:10A460000C284BD1FFE741F20C00C4F20200016856
:10A4700001F0030104910068C1B2012000EB11104A
:10A48000029004980090022815D0FFE70098032856
:10A4900012D1FFE7029941F60030C0F2B700B0FBDD
:10A4A000F1F041F20C01C4F202010968C1F3062186
:10A4B0004843059011E0FFE7029942F20040C0F2E4
:10A4C000F400B0FBF1F041F20C01C4F202010968A2
:10A4D000C1F3062148430590FFE741F20C00C4F2A6
:10A4E0000200006800F0C061022000EB11600390E0
:10A4F00005980399B0FBF1F0019002E00020019073
:10A50000FFE7FFE7FFE7019806B07047B0B588B0F6
:10A510000690069820B9FFE701208DF81F00CCE3D4
:10A5200006980078C007002800F09B80FFE741F202
:10A530000800C4F20200006800F00C00049041F230
:10A540000C00C4F20200006800F0030003900498BD
:10A550000C2804D1FFE70398032804D0FFE70498F0
:10A56000082812D1FFE741F20000C4F2020000689F
:10A570008003002808D5FFE70698406820B9FFE768
:10A5800001208DF81F0098E36AE0FFE70698406815
:10A59000B0F5803F09D1FFE741F20001C4F20201AA
:10A5A000086840F48030086020E006984068B0F504
:10A5B000A02F0DD1FFE741F20001C4F202010868AB
:10A5C00040F480200860086840F4803008600CE0A7
:10A5D00041F20001C4F20201086820F480300860F2
:10A5E000086820F480200860FFE7FFE7FFE706988F
:10A5F0004068D0B1FFE7FDF7B3FB0590FFE741F2FC
:10A600000000C4F202000068800300280CD4FFE7B9
:10A61000FDF7A6FB0599401A652804D3FFE7032040
:10A620008DF81F0049E3EAE719E0FDF799FB059073
:10A63000FFE741F20000C4F2020000688003002836
:10A640000CD5FFE7FDF78CFB0599401A652804D36C
:10A65000FFE703208DF81F002FE3EAE7FFE7FFE79E
:10A66000FFE7069800788007002840F19F80FFE709
:10A6700041F20800C4F20200006800F00C000490EF
:10A6800041F20C00C4F20200006800F003000390E5
:10A6900004980C2804D1FFE70398022804D0FFE7B0
:10A6A000049804282CD1FFE741F20000C4F2020014
:10A6B00000684005002808D5FFE70698C06820B963
:10A6C000FFE701208DF81F00F7E241F20401C4F218
:10A6D0000201086820F0FE40069A126940EA026012
:10A6E000086040F22450C2F200000068FDF7E0FC70
:10A6F00020B1FFE701208DF81F00DEE2FFE754E004
:10A700000698C06870B3FFE741F20001C4F202018D
:10A71000086840F480700860FDF722FB0590FFE7B1
:10A7200041F20000C4F202000068400500280CD489
:10A73000FFE7FDF715FB0599401A032804D3FFE74F
:10A7400003208DF81F00B8E2EAE741F20401C4F2E9
:10A750000201086820F0FE40069A126940EA026091
:10A76000086021E041F20001C4F20201086820F40F
:10A7700080700860FDF7F4FA0590FFE741F20000F1
:10A78000C4F202000068400500280CD5FFE7FDF781
:10A79000E7FA0599401A032804D3FFE703208DF850
:10A7A0001F008AE2EAE7FFE7FFE7FFE70698007885
:10A7B0000007002849D5FFE70698406910B3FFE776
:10A7C00041F29401C4F20201086840F001000860FF
:10A7D000FDF7C6FA0590FFE741F29400C4F20200CB
:10A7E0000068800700280CD4FFE7FDF7B9FA059947
:10A7F000401A032804D3FFE703208DF81F005CE212
:10A80000EAE721E041F29401C4F20201086820F075
:10A8100001000860FDF7A4FA0590FFE741F29400FB
:10A82000C4F202000068800700280CD5FFE7FDF79E
:10A8300097FA0599401A032804D3FFE703208DF8FF
:10A840001F003AE2EAE7FFE7FFE7069800784007D3
:10A85000002840F1C680FFE700208DF80B0041F290
:10A860005800C4F202000068C000002813D4FFE7BB
:10A87000FFE741F25800C4F20200016841F0805144
:10A880000160006800F0805001900198FFE701200E
:10A890008DF80B00FFE747F20000C4F200000068EB
:10A8A000C005002822D4FFE747F20001C4F20001EE
:10A8B000086840F480700860FDF752FA0590FFE7E1
:10A8C00047F20000C4F200000068C00500280CD464
:10A8D000FFE7FDF745FA0599401A032804D3FFE77F
:10A8E00003208DF81F00E8E1EAE7FFE7FFE706989D
:10A8F0008068012809D1FFE741F29001C4F202010A
:10A90000086840F0010008601FE00698806805288C
:10A910000DD1FFE741F29001C4F20201086840F056
:10A9200004000860086840F0010008600CE041F293
:10A930009001C4F20201086820F001000860086874
:10A9400020F004000860FFE7FFE7FFE70698806853
:10A95000E0B1FFE7FDF704FA0590FFE741F2900050
:10A96000C4F202000068800700280ED4FFE7FDF75C
:10A97000F7F90599401A41F28931884204D3FFE77B
:10A9800003208DF81F0098E1E8E71BE0FDF7E8F9E8
:10A990000590FFE741F29000C4F2020000688007D2
:10A9A00000280ED5FFE7FDF7DBF90599401A41F2C3
:10A9B0008931884204D3FFE703208DF81F007CE132
:10A9C000E8E7FFE79DF80B00012809D1FFE741F216
:10A9D0005801C4F20201086820F080500860FFE7C7
:10A9E000FFE7069800788006002849D5FFE706981B
:10A9F000806910B3FFE741F29801C4F202010868D0
:10AA000040F001000860FDF7ABF90590FFE741F267
:10AA10009800C4F202000068800700280CD4FFE709
:10AA2000FDF79EF90599401A032804D3FFE7032098
:10AA30008DF81F0041E1EAE721E041F29801C4F2FC
:10AA40000201086820F001000860FDF789F905900F
:10AA5000FFE741F29800C4F2020000688007002876
:10AA60000CD5FFE7FDF77CF90599401A032804D3BC
:10AA7000FFE703208DF81F001FE1EAE7FFE7FFE78C
:10AA80000698C069002800F01481FFE741F2080031
:10AA9000C4F20200006800F00C000C2800F0B08046
:10AAA000FFE70698C06902287CD1FFE741F2000168
:10AAB000C4F20201086820F080700860FDF750F9C8
:10AAC0000590FFE741F20000C4F202000068800137
:10AAD00000280CD5FFE7FDF743F90599401A032834
:10AAE00004D3FFE703208DF81F00E6E0EAE741F218
:10AAF0000C01C4F20201086848F20C02C0F29F1275
:10AB00001040DDF818C0DCF82020DCF82450DCF818
:10AB100028E0DCF82C306FF00F0404EB051422431E
:10AB200042EA0E22DCF8304040F2000ECFF6E07E22
:10AB30000EEA045EAEF5001E42EA0E02DCF834E0D6
:10AB40004FF07E4C0CEA0E6C0CF17E4C42EA0C028B
:10AB500042EAC3621043086041F20002C4F20202FA
:10AB6000106840F080701060086840F080700860E5
:10AB7000FDF7F6F80590FFE741F20000C4F202008D
:10AB80000068800100280CD4FFE7FDF7E9F805997B
:10AB9000401A032804D3FFE703208DF81F008CE040
:10ABA000EAE72CE041F20001C4F20201086820F05B
:10ABB00080700860FDF7D4F80590FFE741F20000CF
:10ABC000C4F202000068800100280CD5FFE7FDF701
:10ABD000C7F80599401A032804D3FFE703208DF82E
:10ABE0001F006AE0EAE741F20C01C4F202010868C2
:10ABF0004FF6FC72CFF6EE6210400860FFE757E0B8
:10AC00000698C069012804D1FFE701208DF81F00D4
:10AC100053E041F20C00C4F2020000680390039874
:10AC200000F003000699096A88423BD1FFE70398C8
:10AC300000F0F00006994A6A6FF00F0101EB021173
:10AC400088422FD1FFE7039800F4FE400699896AF5
:10AC5000B0EB012F26D1FFE7039800F0784006996A
:10AC6000C96AB0EBC16F1DD1FFE7039800F4C000C3
:10AC700006990A6B0021CFF6E07101EA0251A1F5B5
:10AC8000001188420ED1FFE7039800F0C0600699DA
:10AC90004A6B4FF07E4101EA026101F17E41884238
:10ACA00004D0FFE701208DF81F0006E0FFE7FFE773
:10ACB000FFE700208DF81F00FFE79DF81F0008B098
:10ACC000B0BD000080B586B004900391029201935C
:10ACD000049820B9FFE701208DF8170056E004988A
:10ACE000D0F8880040B9FFE70499002081F884007B
:10ACF000049802F011FBFFE704992420C1F88800B2
:10AD000004980168086820F0010008600498806ACF
:10AD100020B1FFE704980AF0F5FBFFE704980AF07A
:10AD2000EDFE012804D1FFE701208DF817002DE08A
:10AD300004980168886840F480408860049800683E
:10AD4000806820F4004003990843049909688860EA
:10AD50000298400500900199009840EA0140009057
:10AD60000498006800686FF319400099084304993B
:10AD70000968086004980168086840F001000860EC
:10AD800004980AF063FC8DF81700FFE79DF81700A0
:10AD900006B080BD80B584B00290029820B9FFE76C
:10ADA00001208DF80F0099E00298406A60B9FFE732
:10ADB00002984068B0F5827F01D1FFE703E0029975
:10ADC0000020C861FFE705E00299002008610299B0
:10ADD0004861FFE7029900208862029890F85D00C0
:10ADE00040B9FFE70299002081F85C00029800F06A
:10ADF00079F8FFE70299022081F85D000298016866
:10AE0000086820F0400008600298C068B0F5E06F64
:10AE100003D9FFE70020019003E04FF48050019038
:10AE2000FFE70298C068B0F5706F0AD0FFE702989C
:10AE3000C068B0F5E06F04D0FFE702990020886297
:10AE4000FFE7029A009211685068D2F808C01369AF
:10AE500000F482700CF4044C604403F002031844C4
:10AE6000536903F001031844936903F40073184411
:10AE7000D36903F038031844136A03F080031844BD
:10AE8000926A02F4005210430860029B1968DA6863
:10AE9000D3F818E0D3F824C0042000EA1E400CF0D8
:10AEA000100C60445B6B03F00803184402F47062FA
:10AEB0001044019A02F480521044486002980168DC
:10AEC000C86920F40060C861029900200866029AEF
:10AED000012182F85D108DF80F00FFE79DF80F004B
:10AEE00004B080BD80B58AB009900020089007901A
:10AEF0000690059004900998006843F60001C4F29A
:10AF00000001884230D1FFE7FFE741F25800C4F268
:10AF10000200016841F480410160006800F4804053
:10AF200003900398FFE7FFE741F24C00C4F20200F0
:10AF3000016841F002010160006800F00200029027
:10AF40000298FFE74FF46040049002200590002033
:10AF5000069007900520089040F20040C4F60000DB
:10AF600004A9FCF70FFD39E00998006843F6004199
:10AF7000C4F20101884230D1FFE7FFE741F26000EF
:10AF8000C4F20200016841F400410160006800F46D
:10AF9000004001900198FFE7FFE741F24C00C4F246
:10AFA0000200016841F010010160006800F010002B
:10AFB00000900098FFE76420049002200590002094
:10AFC0000690032007900520089041F20000C4F687
:10AFD000000004A9FCF7D6FCFFE7FFE70AB080BD3C
:10AFE00080B58CB0DDF838C00A9009910892ADF8B0
:10AFF0001E3001200290FCF7B3FE03900A9890F8EF
:10B000005D008DF813000A9840680590BDF81E0099
:10B01000ADF81C00BDF81E00ADF81A009DF8130035
:10B02000012812D0FFE70598B0F5827F09D1FFE72C
:10B030000A98806828B9FFE79DF81300042804D017
:10B04000FFE702208DF82F00FAE1099838B1FFE7F9
:10B05000089820B1FFE7BDF81E0020B9FFE70120E6
:10B060008DF82F00ECE1FFE70A9890F85C000128CA
:10B0700004D1FFE702208DF82F00E1E10A990120B9
:10B0800081F85C00FFE7FFE70A9890F85D0004286C
:10B0900005D0FFE70A99052081F85D00FFE70A99CE
:10B0A0000020086608990A9A1164BDF81E100A9AD1
:10B0B000A2F84610BDF81E100A9AA2F84410099989
:10B0C0000A9A9163BDF81E100A9AD187BDF81E1026
:10B0D0000A9A91870A99C8640A9908650A98C0680B
:10B0E000B0F5E06F05D8FFE7BDF81A00022807D3D6
:10B0F000FFE70A980168486820F48050486006E03D
:10B100000A980168486840F480504860FFE70A9850
:10B110000068006800F04000402807D0FFE70A9868
:10B120000168086840F040000860FFE70A98C068BE
:10B13000B0F5E06F40F28580FFE70A98406828B1DB
:10B14000FFE7BDF81C0001280ED1FFE70A9801684F
:10B15000806B0088C8600A99886B023088630A99FE
:10B16000C88F0138C887FFE7FFE70A98C18F012021
:10B17000019041B9FFE70A98B0F84600002818BFCF
:10B1800001200190FFE70198C007002858D0FFE791
:10B190000A98006880688007002818D5FFE70A9899
:10B1A000C08FA0B1FFE70298012810D1FFE70A98ED
:10B1B0000168806B0088C8600A99886B02308863D8
:10B1C0000A99C88F0138C88700200290FFE70A98C3
:10B1D00000688068C007C0B1FFE70A98B0F8460071
:10B1E00098B1FFE70A980068C0680A99096C08805E
:10B1F0000A99086C023008640A99B1F846000138CF
:10B20000A1F8460001200290FFE7FCF7A9FD039991
:10B21000401A0E99884212D3FFE70E98013070B1A0
:10B22000FFE70A99012081F85D00FFE70A990020F5
:10B2300081F85C00FFE703208DF82F0000E194E720
:10B24000D4E00A98406828B1FFE7BDF81C00012847
:10B2500022D1FFE70A98C08F02280ED3FFE70A9891
:10B260000168806B0088C8600A99886B0230886327
:10B270000A99C88F0238C8870DE00A980168806B68
:10B28000007808730A99886B013088630A99C88F1F
:10B290000138C887FFE7FFE7FFE70A98C18F012061
:10B2A000009041B9FFE70A98B0F84600002818BF9F
:10B2B00001200090FFE70098C007002800F095806B
:10B2C000FFE70A9800688068800700282CD5FFE710
:10B2D0000A98C08F40B3FFE70298012824D1FFE706
:10B2E0000A98C08F02280ED3FFE70A980168806B86
:10B2F0000088C8600A99886B023088630A99C88FF1
:10B300000238C8870DE00A980168806B00780873DE
:10B310000A99886B013088630A99C88F0138C887F9
:10B32000FFE700200290FFE70A9800688068C007E6
:10B33000E8B3FFE70A98B0F84600C0B3FFE70A9801
:10B34000B0F8460002281ED3FFE70A980068C068DC
:10B350000A99096C08800A99086C023008640A99F5
:10B36000B1F846000238A1F846000A98B0F8460045
:10B37000012807D8FFE70A980168486840F4805020
:10B380004860FFE710E00A980068007B0A99096CA2
:10B3900008700A99086C013008640A99B1F84600EF
:10B3A0000138A1F84600FFE701200290FFE7FCF713
:10B3B000D7FC0399401A0E99884204D3FFE70E98F0
:10B3C000013018B9FFE70E9870B9FFE70A9901201C
:10B3D00081F85D00FFE70A99002081F85C00FFE733
:10B3E00003208DF82F002BE057E7FFE70A980E990E
:10B3F000039A08F021FA68B1FFE70A99202008664D
:10B40000FFE70A99002081F85C00FFE701208DF832
:10B410002F0015E00A99012081F85D00FFE70A99E5
:10B42000002081F85C00FFE70A98006E20B1FFE77A
:10B4300001208DF82F0003E000208DF82F00FFE79A
:10B440009DF82F000CB080BD81B0009001B0704716
:10B4500081B0009001B0704781B0009001B070479A
:10B4600084B00290019100200090FFE7029890F8CC
:10B470003C00012804D1FFE702208DF80F008CE08A
:10B480000299012081F83C00FFE7FFE7009820F0D7
:10B49000FF000199C96808430090009820F44070AB
:10B4A0000199896808430090009820F48060019910
:10B4B000496808430090009820F4006001990968E9
:10B4C00008430090009820F48050019909690843CE
:10B4D0000090009820F400500199496908430090B9
:10B4E000009820F480400199096B0843009000986F
:10B4F00020F470200199896940EA01400090009889
:10B5000020F080500199C9690843009002980068B2
:10B5100042F60041C4F20101884212D0FFE70298CE
:10B52000006843F20041C4F20101884209D0FFE7FC
:10B530000298006845F20001C4F2010188421ED160
:10B54000FFE7009820F470000199896A40EA0150F1
:10B550000090009820F080700199096A08430090DB
:10B56000009820F000700199496A08430090009803
:10B5700020F000500199C96A08430090FFE7009845
:10B58000029909684864FFE70299002081F83C00AD
:10B59000FFE700208DF80F00FFE79DF80F0004B0D3
:10B5A0007047000081B0009001B0704781B00090FA
:10B5B00001B0704781B0009001B0704785B0039032
:10B5C0000291FFE7039890F83C00012804D1FFE7BF
:10B5D00002208DF81300A7E00399012081F83C00B8
:10B5E000FFE7FFE70399022081F83D000398006818
:10B5F0004068019003980068806800900398006894
:10B6000042F60041C4F20101884212D0FFE70398DC
:10B61000006843F20041C4F20101884209D0FFE70B
:10B620000398006845F20001C4F2010188420AD182
:10B63000FFE7019820F4700001900298416801989A
:10B6400008430190FFE701984FF68F71CFF6FF5145
:10B650000840019002980168019808430190019800
:10B660000399096848600398006842F60041C4F2F3
:10B67000010188423CD0FFE703980068B0F1804F99
:10B6800036D0FFE70398006840F20041C4F20001A1
:10B6900088422DD0FFE70398006840F60001C4F20D
:10B6A0000001884224D0FFE70398006840F600417B
:10B6B000C4F2000188421BD0FFE70398006843F200
:10B6C0000041C4F20101884212D0FFE703980068EC
:10B6D00044F20001C4F20101884209D0FFE7039857
:10B6E000006845F20001C4F2010188420ED1FFE773
:10B6F000009820F08000009002988168009808432C
:10B7000000900098039909688860FFE70399012079
:10B7100081F83D00FFE70399002081F83C00FFE736
:10B7200000208DF81300FFE79DF8130005B0704767
:10B7300081B0009001B0704780B582B00090009851
:10B7400020B9FFE701208DF8070045E0009890F848
:10B750003D0040B9FFE70099002081F83C000098C7
:10B7600000F03EF8FFE70099022081F83D000099C3
:10B7700051F8040B08F038FE0099012081F84800C8
:10B78000FFE70099012081F83E00009981F83F0011
:10B79000009981F84000009981F84100009981F8F2
:10B7A0004200009981F84300FFE7FFE7009901207C
:10B7B00081F84400009981F84500009981F846001D
:10B7C000009981F84700FFE70099012081F83D00CA
:10B7D00000208DF80700FFE79DF8070002B080BD4C
:10B7E00085B004900498006842F60041C4F201015B
:10B7F000884210D1FFE7FFE741F26000C4F2020087
:10B80000016841F400610160006800F40060039089
:10B810000398FFE74DE00498006840F20041C4F24D
:10B820000001884210D1FFE7FFE741F25800C4F25F
:10B830000200016841F002010160006800F00200AE
:10B8400002900298FFE733E00498006840F6004158
:10B85000C4F20001884210D1FFE7FFE741F258002F
:10B86000C4F20200016841F008010160006800F0C4
:10B87000080001900198FFE719E00498006844F27D
:10B880000001C4F20101884210D1FFE7FFE741F255
:10B890006000C4F20200016841F480310160006878
:10B8A00000F4803000900098FFE7FFE7FFE7FFE734
:10B8B000FFE705B07047000083B00190019890F851
:10B8C0003D00012804D0FFE701208DF80B006CE05B
:10B8D0000199022081F83D000198006842F600417C
:10B8E000C4F2010188423CD0FFE701980068B0F142
:10B8F000804F36D0FFE70198006840F20041C4F263
:10B90000000188422DD0FFE70198006840F6000151
:10B91000C4F20001884224D0FFE70198006840F695
:10B920000041C4F2000188421BD0FFE70198006883
:10B9300043F20041C4F20101884212D0FFE70198AE
:10B94000006844F20001C4F20101884209D0FFE717
:10B950000198006845F20001C4F20101884219D142
:10B96000FFE70198006880680721C0F201010840E4
:10B970000090009806280CD0FFE70098B0F5803FB3
:10B9800007D0FFE701980168086840F001000860EF
:10B99000FFE706E001980168086840F001000860D0
:10B9A000FFE700208DF80B00FFE79DF80B0003B0C8
:10B9B0007047000083B00190019890F83D00012885
:10B9C00004D0FFE701208DF80B0072E001990220FE
:10B9D00081F83D0001980168C86840F00100C86026
:10B9E0000198006842F60041C4F2010188423CD04F
:10B9F000FFE701980068B0F1804F36D0FFE701986B
:10BA0000006840F20041C4F2000188422DD0FFE7F7
:10BA10000198006840F60001C4F20001884224D079
:10BA2000FFE70198006840F60041C4F20001884237
:10BA30001BD0FFE70198006843F20041C4F2010106
:10BA4000884212D0FFE70198006844F20001C4F276
:10BA50000101884209D0FFE70198006845F2000122
:10BA6000C4F20101884219D1FFE70198006880689B
:10BA70000721C0F2010108400090009806280CD070
:10BA8000FFE70098B0F5803F07D0FFE70198016815
:10BA9000086840F001000860FFE706E001980168CF
:10BAA000086840F001000860FFE700208DF80B00F7
:10BAB000FFE79DF80B0003B07047000080B586B02B
:10BAC0000490039100208DF80B00FFE7049890F894
:10BAD0003C00012804D1FFE702208DF81700E7E0C1
:10BAE0000499012081F83C00FFE7FFE70499022058
:10BAF00081F83D00049800688068019001984FF635
:10BB00008871CFF6CE7108400190019820F47F40F3
:10BB10000190019804990968886003980068009072
:10BB2000002800F0AB80FFE70098102800F0A68006
:10BB3000FFE70098202800F0A180FFE70098302858
:10BB400000F09C80FFE70098402800F08A80FFE723
:10BB5000009850286BD0FFE70098602874D0FFE76A
:10BB6000009870283FD0FFE70098B0F5805F39D08B
:10BB7000FFE70098B0F5005F4AD0FFE70098B0F506
:10BB8000801F7BD0FFE70098B0F1101F76D0FFE751
:10BB900000982021C0F2100188426FD0FFE7009882
:10BBA0003021C0F21001884268D0FFE700984021A0
:10BBB000C0F21001884261D0FFE700985021C0F226
:10BBC000100188425AD0FFE700986021C0F21001AE
:10BBD000884253D0FFE700987021C0F210018842DC
:10BBE0004CD052E055E004980068039B5A6899686D
:10BBF000DB6808F003FD04980068806801900198F4
:10BC000040F077000190019804990968886040E04D
:10BC100004980068039B5A689968DB6808F0EEFC9A
:10BC200004980168886840F48040886031E0049896
:10BC30000068039A5168D26809F00EF90498006808
:10BC4000502108F0F5FC24E004980068039A51683C
:10BC5000D26809F05FF904980068602108F0E8FCF8
:10BC600017E004980068039A5168D26809F0F4F864
:10BC700004980068402108F0DBFC0AE004980068A2
:10BC80000399096808F0D4FC03E001208DF80B004B
:10BC9000FFE70499012081F83D00FFE704990020A7
:10BCA00081F83C00FFE79DF80B008DF81700FFE7D7
:10BCB0009DF8170006B080BD81B0009001B07047BC
:10BCC00080B584B0039003980068C0680290039820
:10BCD0000068006901909DF804008007002824D5C1
:10BCE000FFE79DF80800800700281DD5FFE70398AF
:10BCF00001686FF00200086103990120087703983A
:10BD000000688069800720B1FFE70398FFF7D4FF40
:10BD100006E0039800F006FA039800F037FBFFE70F
:10BD2000039900200877FFE7FFE79DF8040040072C
:10BD3000002825D5FFE79DF80800400700281ED5FC
:10BD4000FFE7039801686FF004000861039902207F
:10BD5000087703980068806910F4407F04D0FFE7FB
:10BD60000398FFF7A9FF06E0039800F0DBF90398BA
:10BD700000F00CFBFFE7039900200877FFE7FFE7DF
:10BD80009DF804000007002824D5FFE79DF808006F
:10BD9000000700281DD5FFE7039801686FF0080031
:10BDA000086103990420087703980068C069800738
:10BDB00020B1FFE70398FFF77FFF06E0039800F04C
:10BDC000B1F9039800F0E2FAFFE703990020087741
:10BDD000FFE7FFE79DF80400C006002825D5FFE730
:10BDE0009DF80800C00600281ED5FFE703980168EB
:10BDF0006FF0100008610399082008770398006825
:10BE0000C06910F4407F04D0FFE70398FFF754FFA8
:10BE100006E0039800F086F9039800F0B7FAFFE710
:10BE2000039900200877FFE7FFE79DF80400C007AB
:10BE300078B1FFE79DF80800C00748B1FFE7039815
:10BE400001686FF001000861039800F0BDFCFFE796
:10BE5000FFE7019800F08000802806D0FFE79DF8FA
:10BE600005008006002810D5FFE79DF808000006B1
:10BE7000002809D5FFE7039801686FF402500861B4
:10BE80000398FFF7E5FAFFE7FFE79DF80500C00715
:10BE900080B1FFE79DF808000006002809D5FFE7FC
:10BEA000039801686FF4807008610398FFF7CCFA7B
:10BEB000FFE7FFE79DF804004006002810D5FFE7E4
:10BEC0009DF808004006002809D5FFE7039801689F
:10BED0006FF040000861039800F088FCFFE7FFE77F
:10BEE0009DF804008006002810D5FFE79DF80800A3
:10BEF0008006002809D5FFE7039801686FF020004D
:10BF000008610398FFF7A8FAFFE7FFE79DF806002E
:10BF1000C006002810D5FFE79DF80A00C0060028DB
:10BF200009D5FFE7039801686FF480100861039852
:10BF3000FFF73CFBFFE7FFE79DF8060080060028BF
:10BF400010D5FFE79DF80A008006002809D5FFE715
:10BF5000039801686FF4001008610398FFF722FB53
:10BF6000FFE7FFE79DF806004006002810D5FFE731
:10BF70009DF80A004006002809D5FFE703980168EC
:10BF80006FF4800008610398FFF714FBFFE7FFE7F9
:10BF90009DF806000006002810D5FFE79DF80A006E
:10BFA0000006002809D5FFE7039801686FF4000038
:10BFB00008610398FFF7BCFBFFE7FFE704B080BD13
:10BFC00080B58AB0099000200890079006900590EF
:10BFD00004900998006842F60041C4F201018842C9
:10BFE0001FD1FFE7FFE741F24C00C4F202000168F5
:10BFF00041F004010160006800F004000390039820
:10C00000FFE70E2004900220059000210691079181
:10C01000089040F60000C4F6000004A9FBF7B2FC4B
:10C020007DE00998006840F20041C4F200018842B6
:10C0300020D1FFE7FFE741F24C00C4F202000168A3
:10C0400041F004010160006800F0040002900298D1
:10C05000FFE74FF4707004900220059000210691D4
:10C060000791089040F60000C4F6000004A9FBF711
:10C0700089FC53E00998006840F60041C4F20001D1
:10C0800088421FD1FFE7FFE741F24C00C4F20200F3
:10C09000016841F002010160006800F002000190B7
:10C0A0000198FFE7042004900220059000210691EA
:10C0B0000791089040F20040C4F6000004A9FBF785
:10C0C00061FC2AE00998006844F20001C4F2010111
:10C0D000884221D1FFE7FFE741F24C00C4F20200A1
:10C0E000016841F020010160006800F0200000902C
:10C0F0000098FFE74FF400700490022005900020A4
:10C10000069007900320089041F20040C4F600001A
:10C1100004A9FBF737FCFFE7FFE7FFE7FFE70AB0FB
:10C1200080BD000081B0009001B0704780B586B03E
:10C1300004900391029200208DF80700FFE7049815
:10C1400090F83C00012804D1FFE702208DF8170089
:10C15000C0E00499012081F83C00FFE7FFE7029866
:10C160000090142800F2A7800099DFE801F00BA4EA
:10C17000A4A424A4A4A43EA4A4A457A4A4A471A4E5
:10C18000A4A48A0004980068039908F069FA049846
:10C190000168886940F0080088610498016888692E
:10C1A00020F0040088610398026904980168886996
:10C1B0001043886183E004980068039908F00CFB41
:10C1C00004980168886940F40060886104980168F7
:10C1D000886920F480608861039802690498016886
:10C1E000886940EA0220886169E004980068039940
:10C1F00008F0BCFB04980168C86940F00800C861F9
:10C2000004980168C86920F00400C86103980269B5
:10C2100004980168C8691043C86150E00498006838
:10C22000039908F06BFC04980168C86940F4006049
:10C23000C86104980168C86920F48060C8610398E7
:10C24000026904980168C86940EA0220C86136E0C2
:10C2500004980068039908F01BFD04980168086DB4
:10C2600040F00800086504980168086D20F004009B
:10C2700008650398026904980168086D1043086511
:10C280001DE004980068039908F074FD04980168A3
:10C29000086D40F40060086504980168086D20F49A
:10C2A000806008650398026904980168086D40EA97
:10C2B0000220086503E001208DF80700FFE7FFE793
:10C2C0000499002081F83C00FFE79DF807008DF8F5
:10C2D0001700FFE79DF8170006B080BD80B582B05B
:10C2E0000090009820B9FFE701208DF8070045E095
:10C2F000009890F83D0040B9FFE70099002081F8D0
:10C300003C00009800F03EF8FFE70099022081F819
:10C310003D00009951F8040B08F066F800990120DF
:10C3200081F84800FFE70099012081F83E0000995C
:10C3300081F83F00009981F84000009981F84100A0
:10C34000009981F84200009981F84300FFE7FFE778
:10C350000099012081F84400009981F84500009976
:10C3600081F84600009981F84700FFE70099012015
:10C3700081F83D0000208DF80700FFE79DF80700D9
:10C3800002B080BD81B0009001B0704781B00090D4
:10C3900001B0704780B590B00E900D910D9828B9FE
:10C3A000FFE70E9890F83E000B9034E00D980428BB
:10C3B00005D1FFE70E9890F83F000A9028E00D980D
:10C3C000082805D1FFE70E9890F8400009901CE07E
:10C3D0000D980C2805D1FFE70E9890F841000890C1
:10C3E00010E00D98102805D1FFE70E9890F8420054
:10C3F000079004E00E9890F843000790FFE7079835
:10C400000890FFE708980990FFE709980A90FFE76E
:10C410000A980B90FFE70B98012804D0FFE7012052
:10C420008DF83F00FEE00D9828B9FFE70E99022035
:10C4300081F83E0038E00D98042806D1FFE70E99F8
:10C44000022081F83F0006902CE00D98082806D1C4
:10C45000FFE70E99022081F8400005901FE00D983B
:10C460000C2806D1FFE70E99022081F841000490C4
:10C4700012E00D98102806D1FFE70E99022081F8EE
:10C480004200039005E00E99022081F843000390DA
:10C49000FFE703980490FFE704980590FFE70598ED
:10C4A0000690FFE70698FFE70E9800680D990122B5
:10C4B000019208F087F801980E99096842F6004247
:10C4C000C4F201029142029038D0FFE70E98016851
:10C4D000012043F20042C4F20102914202902DD0A9
:10C4E000FFE70E980168012044F20002C4F2010245
:10C4F0009142029022D0FFE70E980168012044F299
:10C500000042C4F201029142029017D0FFE70E9858
:10C510000168012044F60002C4F201029142029037
:10C520000CD0FFE70E9800684BF20001CBF6FE71CD
:10C530000844B0FA80F040090290FFE70298C00773
:10C5400038B1FFE70E980168486C40F40040486439
:10C55000FFE70E98006842F60041C4F201018842EC
:10C560003CD0FFE70E980068B0F1804F36D0FFE76F
:10C570000E98006840F20041C4F2000188422DD0BC
:10C58000FFE70E98006840F60001C4F200018842FF
:10C5900024D0FFE70E98006840F60041C4F2000185
:10C5A00088421BD0FFE70E98006843F20041C4F2B6
:10C5B0000101884212D0FFE70E98006844F20001A2
:10C5C000C4F20101884209D0FFE70E98006845F2E5
:10C5D0000001C4F20101884219D1FFE70E980068FA
:10C5E00080680721C0F2010108400C900C980628D1
:10C5F0000CD0FFE70C98B0F5803F07D0FFE70E980E
:10C600000168086840F001000860FFE706E00E9846
:10C610000168086840F001000860FFE700208DF81D
:10C620003F00FFE79DF83F0010B080BD80B588B0A7
:10C6300007900691079800680699002207F0C2FF4C
:10C6400007980168012042F60042C4F201029142BB
:10C65000059038D0FFE707980168012043F20042B7
:10C66000C4F20102914205902DD0FFE707980168BE
:10C67000012044F20002C4F201029142059022D04E
:10C68000FFE707980168012044F20042C4F201026A
:10C690009142059017D0FFE707980168012044F602
:10C6A0000002C4F20102914205900CD0FFE7079806
:10C6B00000684BF20001CBF6FE710844B0FA80F03E
:10C6C00040090590FFE70598C007E8B1FFE7FFE7DD
:10C6D00007980068006A41F21111C0F21101084286
:10C6E00010D1FFE707980068006A44F2444108420D
:10C6F00007D1FFE707980168486C20F400404864C0
:10C70000FFE7FFE7FFE7FFE7FFE707980068006A3A
:10C7100041F21111C0F21101084210D1FFE7079850
:10C720000068006A44F24441084207D1FFE70798D5
:10C730000168086820F001000860FFE7FFE7FFE7F5
:10C74000069828B9FFE70799012081F83E0038E0F4
:10C750000698042806D1FFE70799012081F83F00D9
:10C7600004902CE00698082806D1FFE707990120DD
:10C7700081F8400003901FE006980C2806D1FFE7DF
:10C780000799012081F84100029012E006981028D4
:10C7900006D1FFE70799012081F84200019005E0EA
:10C7A0000799012081F843000190FFE7019802906A
:10C7B000FFE702980390FFE703980490FFE70498CF
:10C7C000FFE7002008B080BD80B582B001900198DD
:10C7D000006845F20001C4F20101884203D1FFE77D
:10C7E000FBF740FCFFE702B080BD000081B0009085
:10C7F00001B0704783B00190FFE7019890F8840082
:10C80000012804D1FFE702208DF80B002CE00199EC
:10C81000012081F88400FFE7FFE701992420C1F897
:10C820008800019800680068009001980168086815
:10C8300020F001000860009820F00050009001995D
:10C840000020486600980199096808600199202035
:10C85000C1F88800FFE70199002081F88400FFE714
:10C8600000208DF80B00FFE79DF80B0003B0704728
:10C8700080B586B004900391ADF80A200498D0F8F2
:10C880008C00202844D1FFE7039820B1FFE7BDF8D2
:10C890000A0020B9FFE701208DF817003CE0049959
:10C8A0000120C86604990020086704980399BDF820
:10C8B0000A2009F015FC8DF809009DF8090010BB4D
:10C8C000FFE70498C06E012818D1FFE704980168BB
:10C8D00010200862FFE7FFE70498006850E8000FA7
:10C8E00040F010000190FFE701990498026842E8C7
:10C8F00000100028F0D1FFE7FFE703E001208DF8EA
:10C900000900FFE7FFE79DF809008DF8170003E035
:10C9100002208DF81700FFE79DF8170006B080BDD4
:10C9200080B584B00390ADF80A10039847F6EC5137
:10C93000C2F20001884215D1FFE747F6EC50C2F27F
:10C94000000045F2F801C2F200014022FFF790FF1B
:10C9500047F22850C2F200000168086820F0040085
:10C96000086080E0039847F65851C2F200018842FF
:10C9700015D1FFE747F65850C2F2000045F23811D2
:10C98000C2F200014022FFF773FF47F26840C2F293
:10C9900000000168086820F00400086062E0039865
:10C9A00047F68061C2F2000188421DD1FFE745F2DF
:10C9B0005470C2F2000001900EF02CF8019805F0BE
:10C9C0003FFF019947F68060C2F200004FF4807289
:10C9D000FFF74EFF47F22820C2F200000168086806
:10C9E00020F0040008603CE0039847F61471C2F29E
:10C9F0000001884216D1FFE747F61470C2F200002A
:10CA000045F65401C2F200014FF48072FFF730FF87
:10CA100047F2E820C2F200000168086820F0040034
:10CA200008601DE0039847F6C441C2F20001884245
:10CA300015D1FFE747F6C440C2F2000045F2D431F9
:10CA4000C2F200014022FFF713FF47F2A830C2F202
:10CA500000000168086820F004000860FFE7FFE7B5
:10CA6000FFE7FFE7FFE704B080BD000081B0009062
:10CA700001B0704780B584B002900191FFE7029841
:10CA800090F88400012804D1FFE702208DF80F0000
:10CA900032E00299012081F88400FFE7FFE7029964
:10CAA0002420C1F88800029800680068009002986D
:10CAB0000168086820F0010008600298006880683A
:10CAC00020F0606001990843029909688860029823
:10CAD00008F0D4FC009802990968086002992020A7
:10CAE000C1F88800FFE70299002081F88400FFE781
:10CAF00000208DF80F00FFE79DF80F0004B080BD07
:10CB000080B584B002900191FFE7029890F884000C
:10CB1000012804D1FFE702208DF80F0032E00299CE
:10CB2000012081F88400FFE7FFE702992420C1F883
:10CB30008800029800680068009002980168086800
:10CB400020F00100086002980068806820F06040D2
:10CB500001990843029909688860029808F08EFCE0
:10CB6000009802990968086002992020C1F888009D
:10CB7000FFE70299002081F88400FFE700208DF88C
:10CB80000F00FFE79DF80F0004B080BD81B000905A
:10CB900001B0704781B0009001B0704780B582B09D
:10CBA0000190019847F6EC51C2F20001884215D17C
:10CBB000FFE747F6EC50C2F2000045F2F801C2F27E
:10CBC00000014022FFF754FE47F22850C2F2000055
:10CBD0000168086820F00400086079E0019847F6D1
:10CBE0005851C2F20001884215D1FFE747F658506C
:10CBF000C2F2000045F23811C2F200014022FFF7F4
:10CC000037FE47F26840C2F200000168086820F071
:10CC1000040008605BE0019847F68061C2F2000101
:10CC2000884216D1FFE747F68060C2F2000045F265
:10CC30005471C2F200014FF48072FFF719FE47F2FF
:10CC40002820C2F200000168086820F00400086093
:10CC50003CE0019847F61471C2F20001884216D1F7
:10CC6000FFE747F61470C2F2000045F65401C2F225
:10CC700000014FF48072FFF7FBFD47F2E820C2F29B
:10CC800000000168086820F0040008601DE00198B9
:10CC900047F6C441C2F20001884215D1FFE747F6CA
:10CCA000C440C2F2000045F2D431C2F20001402279
:10CCB000FFF7DEFD47F2A830C2F200000168086805
:10CCC00020F004000860FFE7FFE7FFE7FFE7FFE76A
:10CCD00002B080BD80B590B00F900F980068C06919
:10CCE0000E900F98006800680D900F98006880689B
:10CCF0000C900E9840F60F0108400B900B98E0B98D
:10CD0000FFE79DF838008006002815D5FFE79DF85D
:10CD100034008006002806D4FFE79DF83300C006E3
:10CD2000002809D5FFE70F98406F20B1FFE70F9863
:10CD3000416F8847FFE796E2FFE70B98002800F075
:10CD40000C81FFE70C980121C1F20001084209D1D2
:10CD5000FFE70D9840F22011C0F20041084200F0B8
:10CD6000FC80FFE79DF83800C00788B1FFE79DF819
:10CD70003500C00760B1FFE70F9801680120086225
:10CD80000F99D1F8900040F00100C1F89000FFE742
:10CD90009DF838008007002811D5FFE79DF8300086
:10CDA000C00760B1FFE70F980168022008620F9981
:10CDB000D1F8900040F00400C1F89000FFE79DF822
:10CDC00038004007002811D5FFE79DF83000C00764
:10CDD00060B1FFE70F980168042008620F99D1F84D
:10CDE000900040F00200C1F89000FFE79DF8380085
:10CDF0000007002819D5FFE79DF8340080060028B9
:10CE000007D4FFE70C980121C1F2000108420CD0C1
:10CE1000FFE70F980168082008620F99D1F8900089
:10CE200040F00800C1F89000FFE79DF839000007C6
:10CE3000002813D5FFE79DF83700400700280DD5DF
:10CE4000FFE70F9801684FF4006008620F99D1F86E
:10CE5000900040F02000C1F89000FFE70F98D0F854
:10CE60009000002878D0FFE79DF838008006002861
:10CE700015D5FFE79DF834008006002806D4FFE7AB
:10CE80009DF83300C006002809D5FFE70F98406FD2
:10CE900020B1FFE70F98416F8847FFE7FFE70F9842
:10CEA000D0F890000A900F980068806800F0400069
:10CEB000402806D0FFE79DF8280010F0280F42D048
:10CEC000FFE70F9808F07AFD0F9800688068400629
:10CED000002833D5FFE7FFE7FFE70F98006850E829
:10CEE000020F20F040000990FFE709990F980268AF
:10CEF00042E802100028F0D1FFE7FFE70F98D0F8D2
:10CF00008000B0B1FFE70F98D0F8801045F295701F
:10CF1000C0F6010088630F98D0F88000F9F732F866
:10CF200030B1FFE70F98D0F88000816B8847FFE7AA
:10CF300003E00F98FFF732FEFFE703E00F98FFF7DB
:10CF40002DFEFFE707E00F98FFF728FE0F9900205E
:10CF5000C1F89000FFE7FFE785E10F98C06E012858
:10CF600040F02281FFE79DF83800C006002840F11C
:10CF70001B81FFE79DF83400C006002840F11481B2
:10CF8000FFE70F980168102008620F98006880681A
:10CF90004006002840F1A680FFE70F98D0F88000F7
:10CFA00000684068ADF82200BDF8220000287CD05F
:10CFB000FFE7BDF822000F99B1F85C10884274DADF
:10CFC000FFE7BDF822000F99A1F85E000F98D0F896
:10CFD0008000006800688006002859D4FFE7FFE75A
:10CFE000FFE70F98006850E8000F20F4807007906A
:10CFF000FFE707990F98026842E800100028F0D177
:10D00000FFE7FFE7FFE7FFE70F98006850E8020F30
:10D0100020F001000690FFE706990F98026842E8A9
:10D0200002100028F0D1FFE7FFE7FFE7FFE70F98C6
:10D03000006850E8020F20F040000590FFE70599D6
:10D040000F98026842E802100028F0D1FFE7FFE7DE
:10D050000F992020C1F88C000F990020C866FFE7C7
:10D06000FFE70F98006850E8000F20F010000490D0
:10D07000FFE704990F98026842E800100028F0D1F9
:10D08000FFE7FFE70F98D0F88000F8F721FFFFE7F0
:10D090000F99022008670F98B0F85C10B0F85E2076
:10D0A000891A89B2FFF73CFC1BE0BDF822000F99FA
:10D0B000B1F85C10884213D1FFE70F98D0F88000D8
:10D0C000006800688006002809D5FFE70F99022054
:10D0D00008670F98B0F85C10FFF722FCFFE7FFE746
:10D0E000FFE7C0E00F99B1F85C00B1F85E10401A9C
:10D0F000ADF80E000F98B0F85E00002853D0FFE79F
:10D10000BDF80E0000284ED0FFE7FFE7FFE70F98BD
:10D11000006850E8000F20F490700290FFE7029939
:10D120000F98026842E800100028F0D1FFE7FFE7FF
:10D13000FFE7FFE70F98006850E8020F4FF6FE7117
:10D14000CEF6FF7108400190FFE701990F98026841
:10D1500042E802100028EDD1FFE7FFE70F992020F9
:10D16000C1F88C000F990020C8660F994867FFE747
:10D17000FFE70F98006850E8000F20F010000090C3
:10D18000FFE700990F98026842E800100028F0D1EC
:10D19000FFE7FFE70F99022008670F98BDF80E1010
:10D1A000FFF7BEFBFFE75EE09DF83A00C0060028EF
:10D1B0000FD5FFE79DF832004006002809D5FFE7AC
:10D1C0000F9801684FF4801008620F98FFF7E2FC97
:10D1D00049E09DF838000006002815D5FFE79DF8C6
:10D1E00034000006002806D4FFE79DF83200000650
:10D1F000002809D5FFE70F98806F20B1FFE70F984F
:10D20000816F8847FFE72EE09DF838004006002830
:10D210000AD5FFE79DF834004006002804D5FFE753
:10D220000F9808F01BFC1EE09DF83A00000600284D
:10D230000AD5FFE79DF837004006002804D5FFE730
:10D240000F98FFF7A3FC0EE09DF83B00C00750B11C
:10D25000FFE79DF837000006002804D5FFE70F9888
:10D26000FFF704FCFFE710B080BD000080B582B07E
:10D270000090009820B9FFE701208DF8070046E0F4
:10D280000098806908B1FFE700E0FFE70098D0F858
:10D29000880040B9FFE70099002081F884000098D9
:10D2A00000F03AF8FFE700992420C1F888000098C0
:10D2B0000168086820F0010008600098806A20B1C9
:10D2C000FFE7009808F01EF9FFE7009808F016FC49
:10D2D000012804D1FFE701208DF8070017E000982E
:10D2E0000168486820F490404860009801688868A8
:10D2F00020F02A00886000980168086840F001006A
:10D300000860009808F0A2F98DF80700FFE79DF883
:10D31000070002B080BD000080B5CAB0499000206F
:10D320001D9048904790469045904490439042907D
:10D33000419040902BA85421F2F7B4FF499800681F
:10D3400044F60041C4F20001884240F09380FFE7B8
:10D3500008202B9000202F902BA8FCF7DBFB18B1A6
:10D36000FFE7F6F7B1F9FFE7FFE741F25800C4F233
:10D370000200016841F400210160006800F400200F
:10D380002A902A98FFE7FFE741F24C00C4F202001E
:10D39000016841F004010160006800F00400299078
:10D3A0002998FFE74FF44060449002204590012007
:10D3B0004690032047900520489040F60000C4F6B0
:10D3C000000044A9FAF7DEFA47F22820C2F2000072
:10D3D0001C900821C4F2020101601E21416000215D
:10D3E0008160C1608022026141618161C16101622D
:10D3F000F8F7D6FE18B1FFE7F6F766F9FFE7FFE7A3
:10D40000499847F22821C2F20001C0F880104998DB
:10D410008862FFE747F28820C2F200001B906C216F
:10D42000C4F2020101601F214160102181600021CE
:10D43000C1608022026141618161C1610162F8F7CE
:10D44000AFFE18B1FFE7F6F73FF9FFE7FFE74998AE
:10D4500047F28821C2F20001C16749988862FFE75C
:10D4600034201A9004210022FAF7C0FE1A98FAF725
:10D47000B3FE03E34998006845F20001C4F20001DD
:10D48000884240F0D180FFE710202B9000203090A0
:10D490002BA8FCF73FFB18B1FFE7F6F715F9FFE7FC
:10D4A000FFE741F25800C4F20200016841F4801124
:10D4B0000160006800F4801028902898FFE7FFE7DB
:10D4C00041F24C00C4F20200016841F00401016025
:10D4D000006800F0040027902798FFE7FFE741F27B
:10D4E0004C00C4F20200016841F0080101600068CC
:10D4F00000F0080026902698FFE74FF480504490F3
:10D50000022014904590012015904690032016901B
:10D51000479005201790489040F60000C4F60000A0
:10D5200044A91891FAF72EFADDF850C0159B169A07
:10D53000179818994FF0040ECDF810E1CDF814C1EA
:10D5400046934792489040F60040C4F60000FAF730
:10D5500019FA47F2E820C2F2000019901C21C4F227
:10D56000020101602021416000218160C1608022B0
:10D57000026141618161C1610162F8F711FE18B178
:10D58000FFE7F6F7A1F8FFE70020409041908DF803
:10D59000080101208DF80901439047F2E820C2F20A
:10D5A000000040A9F8F702FC18B1FFE7F6F78CF885
:10D5B000FFE7FFE7499847F2E821C2F20001C0F80F
:10D5C000801049988862FFE747F24830C2F20000B5
:10D5D00013908021C4F202010160212141601021D9
:10D5E00081600021C1608022026141618161C1616D
:10D5F0000162F8F7D5FD18B1FFE7F6F765F8FFE728
:10D60000FFE7499847F24831C2F20001C1674998E3
:10D610008862FFE73520129004210022FAF7E6FD28
:10D620001298FAF7D9FD28E24998006843F60001FC
:10D63000C4F20101884240F09180FFE701202B9065
:10D6400000202C902BA8FCF765FA18B1FFE7F6F73D
:10D650003BF8FFE7FFE741F26000C4F20200016817
:10D6600041F480410160006800F4804025902598D5
:10D67000FFE7FFE741F24C00C4F20200016841F00D
:10D6800004010160006800F0040024902498FFE782
:10D690003020449002204590012146914790072078
:10D6A000489040F60000C4F6000044A9FAF76AF971
:10D6B00047F2A830C2F2000011903021C4F20201FA
:10D6C00001601821416000218160C16080220261F7
:10D6D00041618161C1610162F8F762FD18B1FFE744
:10D6E000F5F7F2FFFFE7FFE7499847F2A831C2F2EA
:10D6F0000001C0F8801049988862FFE747F20840AF
:10D70000C2F2000010909421C4F2020101601921BC
:10D710004160102181600021C1608022026141616D
:10D720008161C1610162F8F73BFD18B1FFE7F5F7D0
:10D73000CBFFFFE7FFE7499847F20841C2F200013B
:10D74000C16749988862FFE725200F9004210022D5
:10D75000FAF74CFD0F98FAF73FFD8DE14998006804
:10D7600044F20041C4F20001884240F0A380FFE788
:10D7700002202B9000202D902BA8FCF7CBF918B19C
:10D78000FFE7F5F7A1FFFFE7FFE741F25800C4F21A
:10D790000200016841F400310160006800F40030CB
:10D7A00023902398FFE7FFE741F24C00C4F2020008
:10D7B000016841F001010160006800F00100229061
:10D7C0002298FFE702200A904490459046904790A7
:10D7D00007200B9048904FF090400C9044A90D9179
:10D7E000FAF7D0F80A9B0B9A0C980D994FF00C0C95
:10D7F000CDF810C145934FF0010CCDF818C14793F7
:10D800004892FAF7BFF847F26840C2F200000E9063
:10D810004421C4F2020101601A21416000218160AB
:10D82000C1608022026141618161C1610162F8F7DA
:10D83000B7FC18B1FFE7F5F747FFFFE7FFE74998A7
:10D8400047F26841C2F20001C0F88010499888622E
:10D85000FFE747F2C840C2F20000099040F20841D9
:10D86000C4F2020101601B2141601021816000218E
:10D87000C1608022026141618161C1610162F8F78A
:10D880008FFC18B1FFE7F5F71FFFFFE7FFE74998A7
:10D8900047F2C841C2F20001C16749988862FFE7B8
:10D8A0002620089004210022FAF7A0FC0898FAF735
:10D8B00093FCE0E04998006844F60001C4F20001DE
:10D8C000884240F0D780FFE704202B9000202E9064
:10D8D0002BA8FCF71FF918B1FFE7F5F7F5FEFFE7F6
:10D8E000FFE741F25800C4F20200016841F48021D0
:10D8F0000160006800F4802021902198FFE7FFE795
:10D9000041F24C00C4F20200016841F010010160D4
:10D91000006800F0100020902098FFE7FFE741F238
:10D920004C00C4F20200016841F00201016000688D
:10D9300000F002001F901F98FFE7FFE741F24C0044
:10D94000C4F20200016841F008010160006800F0C3
:10D9500008001E901E98FFE74FF4004044900220FC
:10D96000049045900121039146914790072005902E
:10D97000489041F20000C4F6000044A90691FAF76D
:10D9800001F8039B049A059806994FF4806CCDF832
:10D9900010C1459246934792489040F20040C4F629
:10D9A0000000F9F7EFFF049A059806994FF48053A9
:10D9B0004493459246924792489040F60040C4F600
:10D9C0000000F9F7DFFF47F22850C2F2000007908D
:10D9D0005821C4F2020101601C21416000218160D4
:10D9E000C1608022026141618161C1610162F8F719
:10D9F000D7FB18B1FFE7F5F767FEFFE7FFE74998A8
:10DA000047F22851C2F20001C0F88010499888629C
:10DA1000FFE747F28850C2F20000029040F21C413A
:10DA2000C4F2020101601D214160102181600021CA
:10DA3000C1608022026141618161C1610162F8F7C8
:10DA4000AFFB18B1FFE7F5F73FFEFFE7FFE74998A7
:10DA500047F28851C2F20001C16749988862FFE726
:10DA60002720019004210022FAF7C0FB0198FAF761
:10DA7000B3FBFFE7FFE7FFE7FFE7FFE74AB080BD43
:10DA800081B0009001B0704781B0009001B0704744
:10DA900080B58AB008900791ADF81A2005930898D0
:10DAA000D0F88800202840F09580FFE7079820B143
:10DAB000FFE7BDF81A0020B9FFE701208DF8270025
:10DAC0008CE008990020C1F8900008992120C1F845
:10DAD0008800FAF745F90290BDF81A000899A1F8F4
:10DAE0005400BDF81A000899A1F8560008988068FB
:10DAF000B0F5805F09D1FFE70898006928B9FFE712
:10DB0000002004900798039004E0079804900020F8
:10DB10000390FFE7FFE70898B0F8560000283ED0D2
:10DB2000FFE70898029B05996A4611608021002250
:10DB300008F0CCFC40B1FFE708992020C1F888002C
:10DB400003208DF8270049E0049858B9FFE70398AF
:10DB500000886FF35F200899096888620398023093
:10DB6000039008E00498007808990968886204988E
:10DB700001300490FFE70898D0F8880000F02100F9
:10DB8000212807D1FFE70899B1F856000138A1F81C
:10DB9000560003E001208DF827001FE0BBE708983E
:10DBA000029B05996A4611604021002208F08EFC14
:10DBB00040B1FFE708992020C1F8880003208DF8C4
:10DBC00027000BE008992020C1F8880000208DF87C
:10DBD000270003E002208DF82700FFE79DF82700CB
:10DBE0000AB080BD86B004900391ADF80A20049875
:10DBF000D0F88800202840F08580FFE7039820B106
:10DC0000FFE7BDF80A0020B9FFE701208DF81700F3
:10DC10007CE0039804990865BDF80A000499A1F80E
:10DC20005400BDF80A000499A1F856000499002098
:10DC300088670499C1F8900004992120C1F88800F0
:10DC40000498406EB0F1005F2CD1FFE70498806823
:10DC5000B0F5805F0BD1FFE70498006938B9FFE7A2
:10DC6000049946F2A920C0F60100886706E00499ED
:10DC700046F20940C0F601008867FFE7FFE7FFE7CB
:10DC80000498006850E8020F40F400000190FFE79C
:10DC900001990498026842E802100028F0D1FFE7D9
:10DCA000FFE72BE004988068B0F5805F0BD1FFE7B9
:10DCB0000498006938B9FFE7049946F21120C0F6CC
:10DCC0000100886706E0049946F27930C0F6010049
:10DCD0008867FFE7FFE7FFE70498006850E8000F58
:10DCE00040F080000090FFE700990498026842E845
:10DCF00000100028F0D1FFE7FFE7FFE700208DF8D4
:10DD0000170003E002208DF81700FFE79DF81700C9
:10DD100006B0704781B0009001B0704788B0ADF890
:10DD20001E00ADF81C10ADF81A20BDF81E00B0F5AD
:10DD3000B47F05DBFFE74FF4B470ADF81E00FFE7DA
:10DD4000BDF81C00642804DBFFE76420ADF81C006C
:10DD5000FFE7BDF81A00642804DBFFE76420ADF894
:10DD60001A00FFE745F27811C2F2000100200870A6
:10DD700040F2B851C2F20001087044F63411C2F208
:10DD800000010870BDF81E0044F24541C0F2444154
:10DD9000A0FB01200590BDF81E00A0FB0121C1EBF6
:10DDA0000111A0EB81000490BDF81A0000EE100AEA
:10DDB000B8EEC00A9FED8D1A20EE010A8DED030A20
:10DDC0009DED030ABDF81C00C0F1640001EE100ACD
:10DDD000B8EEC11A20EE010A9FED851A80EE010A05
:10DDE0008DED020A9DED030A9DED021A30EE410A07
:10DDF0009DED041AB8EEC11A20EE010A9FED7D1ABE
:10DE000080EE010A8DED010A05980090042800F2C9
:10DE1000C4800099DFE801F003294F759B009DED58
:10DE2000030ABDEEC00A10EE100A45F27811C2F2E4
:10DE3000000108709DED020A9DED011A30EE010A05
:10DE4000BDEEC00A10EE100A44F63411C2F2000111
:10DE500008709DED020ABDEEC00A10EE100A40F2F5
:10DE6000B851C2F200010870BDE09DED030A9DEDBE
:10DE7000011A30EE410ABDEEC00A10EE100A45F25A
:10DE80007811C2F2000108709DED030ABDEEC00AD0
:10DE900010EE100A44F63411C2F2000108709DED34
:10DEA000020ABDEEC00A10EE100A40F2B851C2F2EA
:10DEB0000001087097E09DED020ABDEEC00A10EE69
:10DEC000100A45F27811C2F2000108709DED030AB4
:10DED000BDEEC00A10EE100A44F63411C2F2000181
:10DEE00008709DED020A9DED011A30EE010ABDEEAB
:10DEF000C00A10EE100A40F2B851C2F200010870D8
:10DF000071E09DED020ABDEEC00A10EE100A45F266
:10DF10007811C2F2000108709DED030A9DED011A0F
:10DF200030EE410ABDEEC00A10EE100A44F634117C
:10DF3000C2F2000108709DED030ABDEEC00A10EEAA
:10DF4000100A40F2B851C2F2000108704BE09DED9A
:10DF5000020A9DED011A30EE010ABDEEC00A10EE74
:10DF6000100A45F27811C2F2000108709DED020A14
:10DF7000BDEEC00A10EE100A44F63411C2F20001E0
:10DF800008709DED030ABDEEC00A10EE100A40F2C3
:10DF9000B851C2F20001087025E09DED030ABDEE04
:10DFA000C00A10EE100A45F27811C2F200010870A2
:10DFB0009DED020ABDEEC00A10EE100A44F63411BF
:10DFC000C2F2000108709DED030A9DED011A30EECA
:10DFD000410ABDEEC00A10EE100A40F2B851C2F27A
:10DFE00000010870FFE708B0704700BF33332340DB
:10DFF0000000C84200007042FFE7FEE780B586B02F
:10E0000045F2CC60C2F2000090ED001A45F2BD303E
:10E01000C2F200000390C18800EE101AB8EEC02AC8
:10E0200046F67861C2F20001029191ED000A21EEFC
:10E03000021A30EE410A81ED000A028900EE102A30
:10E04000B8EEC00A91ED001A30EE410ABBEE091A93
:10E0500030EE010A8DED050A9DED050A008901EEFD
:10E06000100AB8EEC11A80EE010A8DED040A04A868
:10E07000B7EE000ADFED1F0ACDED010A02F042F90A
:10E08000DDED010A029803999DED040AB3EE041A2E
:10E0900020EE010A45F21842C2F2000282ED010AA6
:10E0A000098900EE101AB8EE400A02F02BF9029925
:10E0B000039891ED000AB2EE0E1A30EE010A0089C3
:10E0C00001EE100AB8EEC11AB4EE410AF1EE10FAF0
:10E0D00007DBFFE745F21841C2F20001012048705A
:10E0E00006E045F21841C2F2000100204870FFE747
:10E0F00006B080BD0000000080B584B00390039896
:10E10000D0F8EC00006844F6C023C2F200031860A7
:10E110000398D0F8EC00406844F6C422C2F2000232
:10E1200010600398D0F8EC00806844F6C821C2F271
:10E13000000108600398D0F8EC00D0F80CC044F659
:10E14000CC20C2F20000C0F800C093ED000A92EDAE
:10E15000001A21EE011A20EE000A30EE011A91EDAC
:10E16000000A20EE000A30EE011A90ED000A20EEBF
:10E17000000A30EE010A0FF093FF44F6D020C2F2FD
:10E18000000080ED000A00208DF80B00FFE79DF8ED
:10E190000B0003281ADCFFE744F6D020C2F200008F
:10E1A00090ED001A0398D0F8EC009DF80B1000EBEE
:10E1B000810090ED000A20EE010A80ED000AFFE7E1
:10E1C0009DF80B0001308DF80B00E0E744F6C42108
:10E1D000C2F2000191ED000A44F61870C2F200008C
:10E1E000019090ED6F1A20EE010AB6EE002A20EEA3
:10E1F000020A039AD2F8002182ED040A44F6C822EA
:10E20000C2F2000292ED000A90ED6F1A20EE010AB0
:10E2100020EE020A039BD3F8003183ED050A44F691
:10E22000C023C2F2000393ED000A90ED6F1A20EEB6
:10E23000010ABEEE001A20EE010ADDF80CC0DCF87F
:10E2400000C18CED0A0A44F6CC2CC2F2000C9CED05
:10E25000000A90ED6F3A20EE030A20EE020ADDF884
:10E260000CE0DEF800E18EED0B0A9CED000A90ED6B
:10E270006F3A20EE030A20EE010ADDF80CC0DCF84C
:10E2800000C18CED100A93ED000A90ED6F3A20EE7C
:10E29000030A20EE010A039BD3F8003183ED110A33
:10E2A00092ED000A90ED6F3A20EE030A20EE020A8A
:10E2B000039AD2F8002182ED160A91ED000A90ED42
:10E2C0006F2A20EE020A20EE010A0399D1F800110C
:10E2D00081ED170A90ED741A0399D1F8F81091EDB9
:10E2E0001C0A80EE010A81ED1C0A90ED741A039855
:10E2F000D0F8F80090ED230A80EE010A80ED230AA1
:10E300000398D0F8F80090ED1C0A9FED151AB4EEB2
:10E31000410AF1EE10FA09DDFFE70398D0F8F81092
:10E3200044F20000C4F21C600867FFE70398D0F8CD
:10E33000F80090ED230A9FED0A1AB4EE410AF1EEBF
:10E3400010FA0ADDFFE70398D0F8F81044F2000055
:10E35000C4F21C60C1F88C00FFE704B080BD00BFB0
:10E3600000401C4680B58AB08DED090ACDED080A43
:10E370008DED071ACDED061A8DED052A44F61871BC
:10E38000C2F200010491012008700998C1F8B0019F
:10E390000898C1F8B4010798C1F8B8014CF6774065
:10E3A000C3F22B20C1F8CC01002081F83801C1F85C
:10E3B0004401C1F84001C1F84C01C1F848019DED8C
:10E3C000060AB7EE001AB4EE410AF1EE10FA04DDC7
:10E3D000FFE74FF07E500690FFE7069944F618706D
:10E3E000C2F200000290C0F8D0110599C0F8901157
:10E3F0000430062100220092032300F0D1FD02998F
:10E4000001F5E07001F5E4730122019211460EF06E
:10E41000EFFF009A01990298D0F8ECC04FF07E53BC
:10E42000CCF80030D0F8EC305A60D0F8EC309A607C
:10E43000D0F8EC30DA604EF29D42C0F60002C0F82F
:10E44000D0204EF2F902C0F60002C0F8D4204EF2FD
:10E45000E542C0F60002C0F8D8204EF24962C0F68C
:10E460000002C0F8DC2080F82E1080F82F10D0F8C1
:10E47000040141F21871C0F6020190220392F1F7F3
:10E48000F8FE0298039AD0F8FC0040F29001C2F224
:10E490000001F1F7EEFE0AB080BD000080B582B049
:10E4A00001900198D0F8F81040F29000C2F20000FC
:10E4B0009022F1F7DEFE0198D0F81C1144F61C30D2
:10E4C000C2F2000048220092F1F7D3FE009A0198B0
:10E4D000D0F80C1144F6D420C2F20000F1F7C9FEC6
:10E4E00002B080BD80B586B005900598D0F8EC00EC
:10E4F00090ED000A30EE000A44F66430C2F20000EB
:10E50000019080ED000A0598D0F8EC0090ED010A2A
:10E5100030EE000A44F66830C2F20000029080ED4E
:10E52000000A0598D0F8EC0090ED020A30EE000ADF
:10E5300044F66C30C2F20000039080ED000A0598AA
:10E54000D0F8EC0090ED030A30EE000A44F670308B
:10E55000C2F20000049080ED000A059BD3F80C0184
:10E5600048F24801C2F2000109881A7B9B7B59439B
:10E570005143F1F797FE019B029A0399049891ED9C
:10E58000000AB1EE400ADDF814C0DCF80CC18CEDD5
:10E59000000AD0F800C0DDF814E0DEF80CE1CEF897
:10E5A00004C093ED000AB1EE400ADDF814C0DCF8B7
:10E5B0000CC18CED020AD2F800C0DDF814E0DEF8E0
:10E5C0000CE1CEF80CC0D2F800C0DDF814E0DEF8A3
:10E5D0000CE1CEF818C0D3F800C0DDF814E0DEF886
:10E5E0000CE1CEF81CC0D0F800C0DDF814E0DEF875
:10E5F0000CE1CEF820C0D1F800C0DDF814E0DEF860
:10E600000CE1CEF824C01B68DDF814C0DCF80CC1A6
:10E61000CCF8303092ED000AB1EE400A059AD2F8FB
:10E620000C2182ED0D0A91ED000AB1EE400A059928
:10E63000D1F80C1181ED0E0A00680599D1F80C1182
:10E64000C86306B080BD000080B586B0059005990E
:10E6500001F1780080310FF081FA059981F8C80046
:10E660000599B1F87800A1F8A8000599B1F85A0009
:10E67000A1F8AA00059A02F1780002F15801A83227
:10E680000FF0B0F9059981F8C8000599B1F8A80014
:10E69000A1F8B0000599B1F88200A1F8B200059A7E
:10E6A00002F1A80002F18001B0320FF09BF9059948
:10E6B00081F8C8000599B1F89000A1F8A00005996B
:10E6C000B1F89200A1F8A200059A02F1B00002F19F
:10E6D0009001A0320EF058FE059981F8C800059906
:10E6E00001F1A000B0310EF097FE059981F8C80045
:10E6F0000598D0F8EC00006844F67433C2F20003C9
:10E7000018600598D0F8EC00406844F67832C2F200
:10E71000000210600598D0F8EC00806844F67C3167
:10E72000C2F2000108600598D0F8EC00D0F80CC0E7
:10E7300044F68030C2F20000C0F800C0DDF814E0FA
:10E74000BEF878C0AEF8B8C0DDF814E04FF0010CA8
:10E75000AEF8BAC092ED000A90ED002A93ED001ACF
:10E7600091ED003A21EE031A20EE020A30EE410A42
:10E7700030EE000ADDF814C0DCF82CC18CED000A84
:10E7800093ED000A92ED002A91ED001A90ED003A07
:10E7900021EE031A20EE020A30EE010A30EE000AE2
:10E7A000DDF814C0DCF82CC18CED010A93ED000AF1
:10E7B00092ED001A21EE011A20EE000A30EE410A15
:10E7C00091ED001A21EE011A30EE411A90ED000A87
:10E7D00020EE000A30EE010A0598D0F82C0180EDF9
:10E7E000020A00208DF81300FFE79DF813000228AD
:10E7F0001EDCFFE70598D0F82C019DF8131000EB04
:10E80000810090ED000AB0EEC00A11F069F89DF8A1
:10E81000131044F61870C2F2000000EB810080ED86
:10E82000610AFFE79DF8130001308DF81300DCE763
:10E830000599B1F84800A1F8C000059901200190A0
:10E84000A1F8C200059A02F1480002F1B801C032F5
:10E850000FF050F901460198059A82F8C810059A00
:10E86000B2F8C010A2F8A8100599A1F8AA00059A5C
:10E8700002F1B00002F1C001A8320FF0B3F8014676
:10E880000198059A82F8C8100599A1F8B800059971
:10E89000B1F8C000A1F8BA00059901F1C000B83183
:10E8A0000FF05CF9059981F8C800059901F1B800ED
:10E8B000A83144F61872C2F20002029202F5E07228
:10E8C0000FF090F801460298059A82F8C81090ED72
:10E8D000720A90ED731AB6EE002A21EE021AB4EE17
:10E8E000410AF1EE10FA08DAFFE744F61871C2F2B5
:10E8F0000001012081F83801FFE744F61870C2F2E8
:10E90000000090ED720A90ED731AB4EE410AF1EE38
:10E9100010FA64DDFFE744F61870C2F2000090F8C8
:10E92000380100285BD0FFE744F61870C2F20000FF
:10E9300090F8390180B1FFE744F61871C2F2000186
:10E94000D1F84021D1F84401013240F10000C1F872
:10E950004021C1F8440109E044F61871C2F20001F7
:10E960000020C1F84401C1F84001FFE744F61870E7
:10E97000C2F20000D0F84011D0F84401333970F1F0
:10E9800000000BD3FFE744F61871C2F2000100202B
:10E9900081F83801059981F82C001FE0059BD3F818
:10E9A000E800D3F8EC1048F24802C2F200020092EC
:10E9B00012881B7B5A43F1F75CFC009A059BD3F845
:10E9C000F800D3F8FC1012881B7B5A435A43F1F726
:10E9D00050FC0599012081F82C0063E142E044F6E7
:10E9E0001870C2F2000090ED720A90ED731A9FED5C
:10E9F000AE2A21EE021AB4EE410AF1EE10FA1BDD46
:10EA0000FFE744F61870C2F2000090F8380198B1A0
:10EA1000FFE744F61870C2F2000090ED720A90ED24
:10EA2000731A31EE400A9FEDA12A21EE021A80EE00
:10EA3000010A80ED670A08E044F61871C2F200018D
:10EA40004FF07E50C1F89C01FFE744F61871C2F206
:10EA500000010020C1F84401C1F84001059981F886
:10EA60002C00FFE70599B1F85800A1F8A800059916
:10EA7000B1F88200A1F8AA00059A02F1580002F14B
:10EA80008001A8320EF0AEFF059981F8C800059A02
:10EA900002F1A80002F1B00198320EF0A3FF05992F
:10EAA00081F8C80000208DF81200FFE79DF81200E1
:10EAB000059AB2F89810B2F89A20514388421ADAAF
:10EAC000FFE744F61870C2F2000090ED671A05984F
:10EAD000D0F81C019DF8121000EB810090ED000AA7
:10EAE00020EE010A80ED000AFFE79DF812000130D8
:10EAF0008DF81200DAE704208DF81100FFE79DF889
:10EB00001100052835DCFFE700208DF81000FFE735
:10EB10009DF81000022825DCFFE79DF8111044F64F
:10EB20001870C2F2000000EB810090ED5D0A9FEDCD
:10EB3000621A80EE011A0598D0F81C0101EB410120
:10EB40009DF81020114400EB810090ED000A20EEAA
:10EB5000010A80ED000AFFE79DF8100001308DF8F2
:10EB60001000D5E7FFE79DF8110001308DF8110086
:10EB7000C5E70599B1F89800A1F8B80005990120FA
:10EB8000A1F8BA00059A02F1980002F1C001B8326A
:10EB90000EF028FF059981F8C80044F61870C2F2FB
:10EBA000000090F8380100286BD0FFE704208DF8B2
:10EBB0000F00FFE79DF80F00052861DCFFE70598CF
:10EBC000D0F8BC009DF80F1000EB810090ED000A1A
:10EBD00044F61870C2F2000090ED6F1A9FED342ACF
:10EBE00021EE021AB4EE410AF1EE10FA14DDFFE74D
:10EBF00044F61870C2F2000090ED6F0A9FED2C1AD7
:10EC000020EE010A0598D0F8BC009DF80F1000EB2B
:10EC1000810080ED000AFFE70598D0F8BC009DF860
:10EC20000F1000EB810090ED000A44F61870C2F25C
:10EC3000000090ED6F1A9FED1F2A21EE021AB4EE2C
:10EC4000410AF1EE10FA14DAFFE744F61870C2F246
:10EC5000000090ED6F0A9FED171A20EE010A05984B
:10EC6000D0F8BC009DF80F1000EB810080ED000A89
:10EC7000FFE7FFE79DF80F0001308DF80F0099E7DF
:10EC8000FFE70598D0F8BC100020C860059A02F193
:10EC9000380002F1B80130320EF076FB059981F8A8
:10ECA000C800FFE706B080BDCDCCCC3D6666663FB0
:10ECB0000AD7233C0AD723BCDA0FC93F81B00090A2
:10ECC00044F64440C2F200000121017044F67C4247
:10ECD000C2F2000200211180009A117852780902D4
:10ECE00009B21144494200EE101AB8EEC00A9FED75
:10ECF000401A20EE010A9FED3F2A20EE020A80ED25
:10ED0000020A009A9178D278090209B2114400EE01
:10ED1000101AB8EEC00A20EE010A20EE020A80EDB9
:10ED2000030A009A11795279090209B2114400EEDE
:10ED3000101AB8EEC00A20EE010A20EE020A80ED99
:10ED4000010A009A9179D279090209B2114400EEC0
:10ED5000101AB8EEC00A9FED283A20EE030A20EE02
:10ED6000020A80ED040A90ED010A90ED072A30EEC8
:10ED7000420AB4EE410AF1EE10FA08DDFFE744F66C
:10ED80004441C2F20001486901384861FFE744F696
:10ED90004440C2F2000090ED010A90ED071A30EEF7
:10EDA000410A9FED161AB4EE410AF1EE10FA08DAA4
:10EDB000FFE744F64441C2F200014869013048616E
:10EDC000FFE744F64441C2F2000191ED011A91EDD2
:10EDD000050AB8EEC00A9FED0A2A20EE020A30EEBC
:10EDE000010A81ED060A4868C86101B0704700BF9A
:10EDF000000034430000003800003444000034C3F5
:10EE00000000B44380B584B044F6A421C2F20001EE
:10EE10004FF07E5048608860C86000200290086112
:10EE20004861886101200870B2EE040ADFED190A1A
:10EE30009FED191AF7EE001A9FED182A8DED012AA1
:10EE4000FFF790FADDED011A45F2E860C2F200002A
:10EE50009FED130ADFED130A9FED132ADFED132A4E
:10EE6000B0EE611A03F0CCF947F69430C2F200001C
:10EE70000390FCF721FD02990398FDF78BFA44F605
:10EE80008431C2F2000144F29630C3F60B400864AC
:10EE900004B080BD6F12833A8096184B00000000CA
:10EEA00000409C450000C8420000FA4500409C46D6
:10EEB00080B5FFF7A7FF44F60C41C2F20001012024
:10EEC0000870FFE744F67C40C2F20000018801317F
:10EED00001800088642807DBFFE744F64441C2F262
:10EEE000000100200870FFE744F67C40C2F20000F9
:10EEF0000088C82807DBFFE744F67C41C2F2000126
:10EF000064200880FFE744F67C40C2F200000088DD
:10EF1000C72803D1FFE7F2F709FFFFE701200FF051
:10EF200051F9CFE783B0029001918DF803200020C2
:10EF30008DF802008DF80200FFE79DF802009DF8B1
:10EF40000310884229DAFFE70298000F092809D840
:10EF5000FFE70298000F303001999DF8022001F878
:10EF6000120009E00299372000EB117001999DF819
:10EF7000022001F81200FFE70298000102900198B8
:10EF80009DF8021000EB410100204870FFE79DF85A
:10EF9000020001308DF80200CFE703B07047000097
:10EFA00080B58AB009908DF823108DF822208DF855
:10EFB000213048F24801C2F2000106910420088085
:10EFC00048F24601C2F20001082008809DF82300A3
:10EFD000099908739DF82200099948739DF821004A
:10EFE000099988730999002008749DF821000FF091
:10EFF000B3FC09994861099840699DF82110F1F71F
:10F0000051F9069800889DF8211048430FF0A4FCA0
:10F010000699099A90610998806909889DF82120CC
:10F020005143F1F73FF9069800889DF821104843B5
:10F030000FF092FC0699099AD0610998C069098875
:10F040009DF821205143F1F72DF9069800889DF88D
:10F05000231048430FF080FC0699099A1062099822
:10F06000006A09889DF823205143F1F71BF99DF8A8
:10F0700021000FF071FC099948620998406A9DF8D7
:10F080002110F1F70FF9069800889DF823104843E6
:10F090000FF062FC0699099A1060099800680988C7
:10F0A0009DF823205143F1F7FDF8069800889DF85C
:10F0B000211048430FF050FC0699099A50600998B6
:10F0C000406809889DF821205143F1F7EBF8069834
:10F0D00000889DF8221048430FF03EFC0699099ADB
:10F0E00090600998806809889DF822205143F1F7C3
:10F0F000D9F8069800889DF8231048430FF02CFC9F
:10F100000699099AC2F8E8000998D0F8E800098839
:10F110009DF823205143F1F7C5F8099A02F1300018
:10F12000117BD2F8E830012207920EF061F90698BF
:10F1300000889DF8231048430FF00EFC0699099AA9
:10F14000C2F8EC000998D0F8EC0009889DF823205B
:10F150005143F1F7A7F8079A099B03F13800197B8F
:10F16000D3F8EC300EF044F99DF8220010B3FFE71D
:10F1700048F24800C2F20000059000889DF8221075
:10F1800048430FF0E9FB0599099AC2F8F000099885
:10F19000D0F8F00009889DF822205143F1F782F859
:10F1A000099A02F14000517BD2F8F03001220EF0B2
:10F1B0001FF9FFE748F24800C2F2000004900088FF
:10F1C0009DF8211048430FF0C7FB0499099AC2F833
:10F1D000F4000998D0F8F40009889DF821205143E3
:10F1E000F1F760F8099A02F14800917BD2F8F43007
:10F1F00001220EF0FDF8049800889DF82310484382
:10F2000048430FF0A9FB0499099AC2F8F80009983D
:10F21000D0F8F80009889DF8232051435143F1F7B5
:10F2200041F8099901F150000A7BD1F8F8301146F4
:10F230000EF0DEF8049800889DF8231048434843F8
:10F240000FF08AFB0499099AC2F8FC000998D0F8DB
:10F25000FC0009889DF8232051435143F1F722F81F
:10F26000099901F158000A7BD1F8FC3011460EF0E3
:10F27000BFF8049800889DF82310484348430FF0D6
:10F280006BFB01460498099AC2F8001100889DF8AA
:10F290002310484348430FF05FFB0499099AC2F8D2
:10F2A00004010998D0F8000109889DF823205143F2
:10F2B0005143F0F7F7FF04990998D0F80401098841
:10F2C0009DF8232051435143F0F7ECFF099901F1D8
:10F2D00060000A7BD1F8003111460EF089F80999D7
:10F2E00001F168000A7BD1F8043111460EF080F874
:10F2F0009DF8220040B3FFE748F24800C2F2000048
:10F30000039000889DF8231048439DF8221048433D
:10F310000FF022FB0399099AC2F808010998D0F866
:10F32000080109889DF8232051439DF8222051436C
:10F33000F0F7B8FF099B03F17000197B5A7BD3F8F3
:10F3400008310EF055F8FFE748F24800C2F200001D
:10F35000019000889DF8211048439DF823104843F0
:10F360000FF0FAFA01460198099AC2F80C110088C8
:10F370009DF8231048439DF8211048430FF0ECFA04
:10F380000199099AC2F810010998D0F80C0109886E
:10F390009DF8212051439DF823205143F0F782FF2F
:10F3A00001990998D0F8100109889DF8232051434C
:10F3B0009DF821205143F0F775FF099B03F1780078
:10F3C0001A7B997BD3F80C310EF012F8099B03F1EC
:10F3D0008000197B9A7BD3F810310EF009F8019860
:10F3E00000889DF82310484348430FF0B5FA01996F
:10F3F000099AC2F814010998D0F8140109889DF8F7
:10F40000232051435143F0F74DFF099901F1880042
:10F410000A7BD1F8143111460DF0EAFF01980088FB
:10F420009DF82110484348430FF096FA0199099A34
:10F43000C2F818010998D0F8180109889DF8212010
:10F4400051435143F0F72EFF099901F190008A7B57
:10F45000D1F8183111460DF0CBFF019800889DF8C6
:10F46000231048439DF8211048430FF075FA019985
:10F47000099AC2F81C010998D0F81C0109889DF866
:10F48000232051439DF821205143F0F70BFF099BA6
:10F4900003F19800197B9A7BD3F81C310DF0A8FF7B
:10F4A000019800880999097B484348430FF054FAB2
:10F4B00001460198099AC2F8201100880999097B30
:10F4C000484348430FF048FA01460198099AC2F8A8
:10F4D000241100880999097B484348430FF03CFAFE
:10F4E00001460198099AC2F8281100880999097BF8
:10F4F00048430FF031FA01460198099AC2F82C11DD
:10F5000000880999097B48430FF026FA0999C1F848
:10F510003001099901F1A0000A7BD1F82031114690
:10F520000DF066FF099901F1A8000A7BD1F824319A
:10F5300011460DF05DFF099901F1B0000A7BD1F889
:10F54000283111460DF054FF099A02F1B800117BE1
:10F55000D2F82C31012202920DF04AFF029A099B47
:10F5600003F1C000197BD3F830310DF041FF099948
:10F57000002081F82800099981F82900099981F86B
:10F580002A00099981F82B00099981F82C000AB00A
:10F5900080BD000080B545F20C20C2F2000090F85A
:10F5A0003200012810D1FFE745F24820C2F20000E6
:10F5B00090F8320040B9FFE745F28421C2F2000121
:10F5C000012081F83B001CE045F20C20C2F2000053
:10F5D00090F83200A0B9FFE745F24820C2F20000DF
:10F5E00090F8320001280BD1FFE745F28421C2F2E6
:10F5F0000001002081F83800022081F83B00FFE77D
:10F60000FFE745F20C20C2F2000090F83700012815
:10F6100022D1FFE745F24820C2F2000090F83700FF
:10F62000D0B9FFE745F28420C2F2000090F83B0019
:10F63000012808D0FFE745F28421C2F20001012031
:10F6400081F83B0007E045F28421C2F2000102206C
:10F6500081F83B00FFE7FFE745F20C20C2F2000013
:10F6600090F82A00012813D1FFE745F24820C2F2A2
:10F67000000090F82A0058B9FFE745F28421C2F251
:10F680000001022081F838000420F1F7DFFDFFE7D8
:10F6900045F20C20C2F2000090F82A00E0B9FFE722
:10F6A00045F28420C2F2000090F83800022813D1FD
:10F6B000FFE745F28421C2F20001002081F8380002
:10F6C00044F65010C2F2000082688A61C069C861C5
:10F6D0000520F1F7BBFDFFE745F20C20C2F2000068
:10F6E00090F83100012814D1FFE745F24820C2F21A
:10F6F000000090F8310060B9FFE745F28421C2F2C2
:10F70000000191F83C00B0FA80F0400981F83C001B
:10F71000FFE745F20C20C2F2000090F8310001280A
:10F7200011D1FFE745F28420C2F2000090F83B00BF
:10F73000042808D0FFE745F28421C2F2000104202A
:10F7400081F83B0019E045F20C20C2F2000090F86D
:10F75000310088B9FFE745F28420C2F2000090F83A
:10F760003B00042808D1FFE745F28421C2F20001E2
:10F77000022081F83B00FFE7FFE745F20C20C2F2D0
:10F78000000090F82F00012815D1FFE745F248202E
:10F79000C2F2000090F82F0068B9FFE745F284201C
:10F7A000C2F2000090ED060A9FEDCA1A30EE010A7F
:10F7B00080ED060AFFE745F20C20C2F2000090F847
:10F7C0003000012815D1FFE745F24820C2F20000C1
:10F7D00090F8300068B9FFE745F28420C2F20000DB
:10F7E00090ED060A9FEDC21A30EE010A80ED060A7E
:10F7F000FFE745F20C20C2F2000090F83300012828
:10F8000021D1FFE745F24820C2F2000090F8330012
:10F81000C8B9FFE745F28420C2F2000090F8390031
:10F8200040B1FFE745F28421C2F20001002081F8D7
:10F83000390007E045F28421C2F20001012081F87D
:10F840003900FFE7FFE745F28420C2F2000090F89C
:10F850003900C8B3FFE745F20C20C2F2000090F86F
:10F860002800012827D1FFE745F28420C2F20000DA
:10F8700090F83800022815D1FFE7F1F749FA40B1B6
:10F88000FFE745F28421C2F20001022081F839002D
:10F8900007E045F28421C2F20001012081F839001D
:10F8A000FFE707E045F28421C2F20001022081F85F
:10F8B0003900FFE707E045F28421C2F20001012090
:10F8C00081F83900FFE7FFE745F20C20C2F20000A3
:10F8D00090F8280001281FD1FFE745F24820C2F226
:10F8E000000090F82800B8B9FFE745F28420C2F282
:10F8F000000090F8380001280ED1FFE745F20C20F7
:10F90000C2F2000090F83200012805D1FFE7B7EEFF
:10F91000000A04F04BF9FFE745F20C20C2F20000A8
:10F9200090F83900012820D1FFE745F24820C2F2C3
:10F93000000090F83900C0B9FFE745F28420C2F218
:10F94000000090F83E10B1FA81F1490980F83E10AC
:10F9500090F83E0020B1FFE70220F1F777FC03E0CA
:10F960000320F1F773FCFFE7FFE745F20C20C2F23A
:10F97000000090F8340001281FD1FFE745F248202D
:10F98000C2F2000090F83400B8B9FFE745F28420D5
:10F99000C2F2000090F83A10013180F83A1090F865
:10F9A0003A00062808DBFFE745F28421C2F2000195
:10F9B000012081F83A00FFE7FFE745F20C20C2F290
:10F9C000000090F83200012861D1FFE745F20C20D9
:10F9D000C2F2000090F82B0001280FD1FFE745F29A
:10F9E0004820C2F2000090F82B0038B9FFE79FEDE5
:10F9F000410ADFED410AF1F72DF9FFE745F20C204E
:10FA0000C2F2000090F82D0001280FD1FFE745F267
:10FA10004820C2F2000090F82D0038B9FFE79FEDB2
:10FA2000350ADFED360AF1F715F9FFE745F20C204C
:10FA3000C2F2000090F82C0001280FD1FFE745F238
:10FA40004820C2F2000090F82C0038B9FFE79FED83
:10FA50002A0ADFED280AF1F7FDF8FFE745F20C204E
:10FA6000C2F2000090F82E0001280FD1FFE745F206
:10FA70004820C2F2000090F82E0038B9FFE79FED51
:10FA80001F0ADFED1C0AF1F7E5F8FFE7FFE745F293
:10FA90000C20C2F2000090F83A00012808D1FFE7DC
:10FAA00045F28421C2F20001012081F84C0007E0F8
:10FAB00045F28421C2F20001002081F84C00FFE7EA
:10FAC00045F20C20C2F2000090F8350001280ED15A
:10FAD00002E000BF0000B44245F24820C2F200003C
:10FAE00090F8350018B9FFE703F090FCFFE780BD00
:10FAF0000000B4C200000000CDCC4C3ECDCC4CBECA
:10FB000045F20C20C2F2000090F83200D8BBFFE7AB
:10FB100045F28420C2F2000090F83A1000EE101A6C
:10FB2000B8EEC00AB2EE042A20EE020AB1EE041AC0
:10FB300080EE010A45F20C22C2F2000292F82C304B
:10FB400092F82E10C91A03EE101AB8EEC33A20EE3E
:10FB5000030A80ED030A90F83A1000EE101AB8EE8E
:10FB6000C00A20EE020A80EE010A92F82B1092F8E9
:10FB70002D20891A01EE101AB8EEC11A20EE010AE2
:10FB800080ED040AFFE745F28420C2F2000090F8FD
:10FB90003800012839D1FFE745F2D032C2F2000225
:10FBA00092ED000A9FED382A20EE020A45F20C2160
:10FBB000C2F20001B1F91E0001EE100AB8EEC11A3E
:10FBC00020EE010A9FED2F1A80EE013A45F28420C3
:10FBD000C2F2000090ED060A30EE430A80ED060AFC
:10FBE00092ED000A20EE020AB1F9201002EE101A7E
:10FBF000B8EEC22A20EE020A80EE011A90ED070A42
:10FC000030EE010A80ED070A38E045F2D032C2F248
:10FC1000000292ED000A9FED1A2A20EE020A45F238
:10FC20000C21C2F20001B1F91E0001EE100AB8EE7B
:10FC3000C11A20EE010A9FED131A80EE013A45F237
:10FC40008420C2F2000090ED060A30EE430A80EDF7
:10FC5000060A92ED000A20EE020AB1F9201002EE27
:10FC6000101AB8EEC22A20EE020A80EE011A90EDB8
:10FC7000070A30EE010A80ED070AFFE7704700BF70
:10FC80000000C8430000FA430000484281B0002051
:10FC90008DF80300FFE79DF8030002281BDCFFE757
:10FCA0009DF80300020144F69840C2F200000121D1
:10FCB00081549DF8032000EB021251709DF803104F
:10FCC00000EB011100200873FFE79DF803000130ED
:10FCD0008DF80300DFE701B07047000080B582B007
:10FCE0000190FFF7D3FF00F061F9FFE700F006F89D
:10FCF00000F0C0F90A200EF065FAF7E780B584B08D
:10FD000040F60040C4F6000001901021F7F7FAFF1A
:10FD10000146019844F69842C2F200020292117024
:10FD20004021F7F7EFFF029A014601981174202154
:10FD3000F7F7E8FF029981F8200000208DF80F0006
:10FD4000FFE79DF80F00022800F3DD80FFE79DF834
:10FD50000F00010144F69840C2F20000405CE0B997
:10FD6000FFE79DF80F1044F69840C2F2000000EB48
:10FD700001104078012810D1FFE79DF80F0044F6EC
:10FD80009841C2F2000101EB0012002050609DF882
:10FD90000F2001EB02118860FFE79DF80F000101C1
:10FDA00044F69840C2F20000405C00BBFFE79DF8BB
:10FDB0000F1044F69840C2F2000000EB01104078AA
:10FDC000A8B9FFE79DF80F1044F69840C2F2000072
:10FDD00000EB01125168013151609DF80F1000EBEA
:10FDE000011004306E21002200F0B4FAFFE79DF804
:10FDF0000F00010144F69840C2F20000405C012867
:10FE00002ED1FFE79DF80F1044F69840C2F2000093
:10FE100000EB0110407818BBFFE79DF80F1044F687
:10FE20009840C2F2000000EB0110406864280BDB30
:10FE3000FFE79DF80F1044F69840C2F2000000EB77
:10FE40000111022008730AE09DF80F1044F6984053
:10FE5000C2F2000000EB011101200873FFE7FFE789
:10FE60009DF80F00010144F69840C2F20000405C8A
:10FE7000012836D1FFE79DF80F1044F69840C2F2F2
:10FE8000000000EB0110407801282AD1FFE79DF81F
:10FE90000F1044F69840C2F20000009000EB0112EF
:10FEA0009168013191609DF80F1000EB011008304E
:10FEB0006421002200F04EFA00989DF80F1000EB2C
:10FEC0000110806832280BDBFFE79DF80F1044F625
:10FED0009840C2F2000000EB011100200873FFE718
:10FEE000FFE79DF80F2044F69840C2F2000000EBB7
:10FEF00002111201805C4870FFE79DF80F0001308D
:10FF00008DF80F001DE704B080BD000080B582B001
:10FF100044F6D840C2F200000090008864221146E6
:10FF2000FDF7FCFE00990888031D40F66130C0F221
:10FF3000B600A3FB00204FF4B47200FB123008801F
:10FF400045F27810C2F20000007800EE100AB8EE18
:10FF5000C00A9FED151A8DED011A20EE010A01204D
:10FF600000F040F89DED011A44F63410C2F2000092
:10FF7000007800EE100AB8EEC00A20EE010A022056
:10FF800000F030F89DED011A40F2B850C2F20000C6
:10FF9000007800EE100AB8EEC00A20EE010A032035
:10FFA00000F020F802B080BD0000803B80B582B038
:10FFB00047F64830C2F2000001900421FCF7EAF94C
:10FFC00001980821FCF7E6F901980C21FCF7E2F909
:10FFD00001990A68002090630A68D0630968086480
:10FFE00002B080BD83B08DF80B008DED010A9DF845
:10FFF0000B0001460091012808D0FFE70098022875
:020000040801F1
:1000000014D0FFE70098032820D02FE09DED010ACF
:100010009FED171A20EE010A47F64830C2F20000A1
:100020000068BCEEC00A80ED0E0A1FE09DED010ADB
:100030009FED0F1A20EE010A47F64830C2F2000089
:100040000068BCEEC00A80ED0F0A0FE09DED010ACA
:100050009FED071A20EE010A47F64830C2F2000071
:100060000068BCEEC00A80ED100AFFE703B07047DD
:1000700000007A4480B5FFF749FF80BD81B0009051
:10008000009988684FF6C072C5F6FF72104088600C
:1000900001B0704781B000900098806840F08050B7
:1000A0004FF6C071C7F6FF7108400099886001B033
:1000B0007047000081B000900098806800F0E07008
:1000C00001B0704783B0029001910298019900EB52
:1000D0008100603000900098006800F0F84003B0A4
:1000E0007047000081B0009000988068C0F3C000A5
:1000F00001B0704781B0009000988068C0F34070F4
:1001000001B0704781B000900098806800F0010055
:1001100001B0704781B000900098806800F0010045
:1001200001B0704781B0009000988068C0F3007003
:1001300001B0704781B0009000988068C0F38000E3
:1001400001B0704781B0009000988068C0F38000D3
:1001500001B0704784B00390029101920398029914
:1001600001F4407100EB911030300090009800686D
:10017000029901F01F021F21914088430199C1F3A8
:100180008461914008430099086004B07047000002
:1001900084B00390029101920398029901F00071DA
:1001A00000EBD15014300090009800680299C1F320
:1001B00004520721914088430199914008430099D6
:1001C000086004B07047000083B002900191009273
:1001D0000298D0F8B00001996FF3DF418843009A8C
:1001E00002F018034FF6FF72C0F20702DA40114026
:1001F00008440299C1F8B00003B0704782B0019082
:1002000000910198806820F47C10009908430199BE
:10021000886002B07047000082B0019000910198A0
:10022000806820F0E070009908430199886002B06E
:100230007047000085B004900391029201930498E6
:10024000039900EB810060300090009800684FF245
:100250000001C0F2FF310140029800F0F840019A1D
:100260001043084340F000400099086005B0704713
:1002700084B00390029101920398029900EB8100EF
:10028000603000900098006820F0007001990843E9
:100290000099086004B0704784B003900291019205
:1002A0000398029900EB810060300090009800688C
:1002B00020F08070019908430099086004B07047ED
:1002C00084B00390029101920398029900EB81009F
:1002D000603000900098006820F0004001990843C9
:1002E0000099086004B0704782B0019000910198B5
:1002F000406920F00040009908430199486102B02C
:100300007047000083B002908DED010ACDED000A28
:10031000029890ED000A9DED011AB4EE410AF1EE4B
:1003200010FA04DDFFE70198029908600FE00298D7
:1003300090ED000A9DED001AB4EE410AF1EE10FABC
:1003400004DAFFE7009802990860FFE7FFE703B0CF
:100350007047000083B002900191009202980068FB
:100360000199884204DDFFE70198029908600AE0DC
:10037000029800680099884204DAFFE70098029921
:100380000860FFE7FFE703B07047000080B58EB05C
:10039000002101910D910C910B910A910991089105
:1003A0000791069105910491039147F28410C2F2DE
:1003B0000000029040F20042C5F2000202604FF4D9
:1003C000403242608160C16001614161042282610A
:1003D000017741770122026280F82410C162016333
:1003E00080F83810C16380F84010F4F793FF18B11B
:1003F000FFE7F3F769F9FFE700200B9047F284105D
:10040000C2F200000BA9F4F78FF918B1FFE7F3F778
:100410005BF9FFE71020C1F2C000039006200490B2
:10042000002005907F21069104210791089047F252
:100430008410C2F2000003A9F4F7F0FA18B1FFE744
:10044000F3F742F9FFE70EB080BD000080B547F238
:10045000F010C2F2000043F20001C4F20201016098
:100460000021017141714161816101210162F5F752
:1004700009FA18B1FFE7F3F727F9FFE780BD00009D
:1004800080B58CB068463021EFF70CFF47F214209E
:10049000C2F2000041F20001C5F200010160F5F76F
:1004A00041FC18B1FFE7F3F70FF9FFE702200090D6
:1004B00000228DF804208DF8052002920392049208
:1004C00005900690079247F21420C2F20000694698
:1004D000F5F75CFA18B1FFE7F3F7F6F8FFE70CB0B1
:1004E00080BD000080B58CB0FFE741F24800C4F247
:1004F0000200016841F004010160006800F004009E
:100500000B900B98FFE7FFE741F24800C4F20200AE
:10051000016841F001010160006800F001000A90EB
:100520000A98FFE7FFE741F24800C4F202000168C1
:1005300041F002010160006800F002000990099892
:10054000FFE70B2001900421059100220792F7F7A5
:100550004DFE0198F7F740FE0599079A0C2002908E
:10056000F7F744FE0298F7F737FE0599079A0D2032
:100570000390F7F73BFE0398F7F72EFE0599079ACD
:100580000E200490F7F732FE0498F7F725FE059940
:10059000079A0F200690F7F729FE0698F7F71CFE3A
:1005A000079A5E2008900521F7F720FE0898F7F7D4
:1005B00013FE0CB080BD000080B582B047F2E85059
:1005C000C2F20000009046F20041C4F20001016056
:1005D0000021019141608160C16001220274417477
:1005E00081741123436182610423C3610523036283
:1005F00042628262C262026341638163C163F6F751
:100600008DFB18B1FFE7F3F75FF8FFE702B080BD9D
:1006100080B582B047F24C60C2F20000009046F60E
:100620000001C4F20001016000210191416081607C
:10063000C16001220274417481741123436182619B
:100640000423C3610523036242628262C2620263C1
:1006500041638163C163F6F761FB18B1FFE7F3F70C
:1006600033F8FFE702B080BD80B582B047F2B060DA
:10067000C2F20000009046F60041C4F200010160A1
:100680000021019141608160C160012202744174C6
:1006900081741123436182610423C36105230362D2
:1006A00042628262C262026341638163C163F6F7A0
:1006B00035FB18B1FFE7F3F707F8FFE702B080BD9D
:1006C00080B5BEB041F2DC4CC0F6020CDCF8000094
:1006D000DCF80410DCF80820DCF80C30DCF810C082
:1006E000CDF8F4C03C933B923A91399039A800215F
:1006F00001910DF081FD019946F69C62C2F2000263
:10070000106041F2A04EC0F6020EDEF80000DEF8E6
:100710000420DEF80830DEF80CC0DEF810E0CDF87A
:10072000E0E0CDF8DCC036933592349034A80DF07B
:1007300063FD019945F26C32C2F20002106041F291
:10074000784EC0F6020EDEF80000DEF80420DEF877
:100750000830DEF80CC0DEF810E0CDF8CCE0CDF8C3
:10076000C8C0319330922F902FA80DF045FD01990C
:1007700044F60842C2F20002106041F2644EC0F634
:10078000020EDEF80000DEF80420DEF80830DEF8A5
:100790000CC0DEF810E0CDF8B8E0CDF8B4C02C9372
:1007A0002B922A902AA80DF027FD019944F64C12AD
:1007B000C2F20002106041F2284EC0F6020EDEF8CE
:1007C0000000DEF80420DEF80830DEF80CC0DEF8A9
:1007D00010E0CDF8A4E0CDF8A0C027932692259094
:1007E00025A80DF009FD019940F20C62C2F2000249
:1007F000106041F23C4EC0F6020EDEF80000DEF85A
:100800000420DEF80830DEF80CC0DEF810E0CDF889
:1008100090E0CDF88CC022932192209020A80DF07A
:10082000EBFC019940F6E802C2F20002106041F2CE
:100830008C4EC0F6020EDEF80000DEF80420DEF872
:100840000830DEF80CC0DEF810E0CDF87CE0CDF822
:1008500078C01D931C921B901BA80DF0CDFC019934
:1008600044F6C842C2F20002106041F2144EC0F6D3
:10087000020EDEF80000DEF80420DEF80830DEF8B4
:100880000CC0DEF810E0CDF868E0CDF864C0189335
:100890001792169016A80DF0AFFC019940F2D452B1
:1008A000C2F20002106041F2C84EC0F6020EDEF83D
:1008B0000000DEF80420DEF80830DEF80CC0DEF8B8
:1008C00010E0CDF854E0CDF850C01393129211907F
:1008D00011A80DF091FC019945F65412C2F20002E4
:1008E000106041F2B44EC0F6020EDEF80000DEF8F1
:1008F0000420DEF80830DEF80CC0DEF810E0CDF899
:1009000040E0CDF83CC00E930D920C900CA80DF079
:1009100073FC019945F21442C2F20002106041F2E8
:10092000004EC0F6020EDEF80000DEF80420DEF80D
:100930000830DEF80CC0DEF810E0CDF82CE0CDF881
:1009400028C009930892079007A80DF055FC01995B
:1009500040F25052C2F20002106041F2504EC0F616
:10096000020EDEF80000DEF80420DEF80830DEF8C3
:100970000CC0DEF810E0CDF818E0CDF814C00493F8
:100980000392029002A80DF037FC44F63011C2F237
:10099000000108603EB080BD80B594B00020139087
:1009A0001290119010900F90FFE741F24C00C4F2AA
:1009B0000200016841F010010160006800F01000C1
:1009C0000E900E98FFE7FFE741F24C00C4F20200E0
:1009D000016841F004010160006800F004000D901E
:1009E0000D98FFE7FFE741F24C00C4F202000168F6
:1009F00041F020010160006800F020000C900C988C
:100A0000FFE7FFE741F24C00C4F20200016841F049
:100A100001010160006800F001000B900B98FFE7F6
:100A2000FFE741F24C00C4F20200016841F002010C
:100A30000160006800F002000A900A98FFE7FFE7F3
:100A400041F24C00C4F20200016841F0080101606B
:100A5000006800F0080009900998FFE741F20000E3
:100A6000C4F6000002901821019101220692F7F7C6
:100A700061F9069A40F60040C4F6000007904FF472
:100A800080710391F7F756F9019A029806990F922F
:100A9000109111910221049112910FA90891F6F77A
:100AA00071FF08994FF4C0400F90002005901090FE
:100AB000119040F60000C4F60000F6F763FFDDF881
:100AC0000CC0049A069B07980899CDF83CC0109377
:100AD00011931292F6F756FF059B069A079808990C
:100AE0004FF0700CCDF83CC010931192F6F74AFF0E
:100AF00014B080BD80B582B047F21470C2F200001D
:100B0000019045F60001C4F20001016041F2362176
:100B1000C4F262014160002181600122C260016172
:100B200041618161C1610162F7F7BEF918B1FFE768
:100B3000F2F7CAFDFFE747F21470C2F2000000218D
:100B4000F7F714F918B1FFE7F2F7BEFDFFE747F238
:100B50001470C2F200000021F7F754F918B1FFE752
:100B6000F2F7B2FDFFE702B080BD000080B582B0B1
:100B700047F26870C2F20000019040F21431C4F2F2
:100B80000101016000214160602282600C2202614B
:100B900001758161C162F7F749FB18B1FFE7F2F710
:100BA00093FDFFE702B080BD80B582B047F680209C
:100BB000C2F20000019043F60001C4F2000101609E
:100BC0004FF482714160002181604FF4E062C260A5
:100BD000016141614FF4007282612022C2610162B1
:100BE000416281620722C262016308214163FAF710
:100BF000D1F818B1FFE7F2F767FDFFE702B080BD5B
:100C000080B582B047F6E420C2F20000019043F6BE
:100C10000041C4F2010101604FF482714160002182
:100C200081604FF4E062C2600222026101224261EF
:100C30004FF4007282612022C261016241628162CE
:100C40000722C26201634163FAF7A4F818B1FFE713
:100C5000F2F73AFDFFE702B080BD000080B59EB01C
:100C6000002001901D901C901B901A9019901890D4
:100C70001790169015901490139012901190109058
:100C800003A83421EFF70EFB019947F69430C2F226
:100C90000000029044F20002C4F201020260A922A4
:100CA0004260816044F61F62C260016141618161FE
:100CB000FAF742FD18B1FFE7F2F706FDFFE74FF440
:100CC00080501A9047F69430C2F200001AA9FAF741
:100CD000F5FE18B1FFE7F2F7F7FCFFE747F69430AF
:100CE000C2F20000FBF7FAFA18B1FFE7F2F7ECFCEA
:100CF000FFE700201790199047F69430C2F20000E9
:100D000017A9FAF75BFC18B1FFE7F2F7DDFCFFE784
:100D10006020109000221192129213921492159258
:100D2000169247F69430C2F2000010A9FBF7FEF9C4
:100D300018B1FFE7F2F7C8FCFFE70020039004902A
:100D40000590069007904FF40051089109900F907C
:100D500047F69430C2F2000003A9FAF781FB18B1FC
:100D6000FFE7F2F7B1FCFFE747F69430C2F200006C
:100D7000FBF726F91EB080BD80B59EB00020019023
:100D80001D901C901B901A90199018901790169017
:100D900015901490139012901190109003A8342184
:100DA000EFF780FA019947F64830C2F2000002904E
:100DB00042F60042C4F201020260A9224260816050
:100DC0004FF47A72C260016141618161FAF7B4FC4B
:100DD00018B1FFE7F2F778FCFFE74FF480501A9064
:100DE00047F64830C2F200001AA9FAF767FE18B1B8
:100DF000FFE7F2F769FCFFE747F64830C2F2000070
:100E0000FBF76CFA18B1FFE7F2F75EFCFFE7002092
:100E100017901890199047F64830C2F2000017A9B1
:100E2000FAF7CCFB18B1FFE7F2F74EFCFFE76020C2
:100E3000109000201190022112911390149015909F
:100E4000169047F64830C2F2000010A90422FBF7C2
:100E50006DF918B1FFE7F2F737FCFFE747F64830C6
:100E6000C2F2000010A90822FBF760F918B1FFE7F1
:100E7000F2F72AFCFFE747F64830C2F2000010A95B
:100E80000C22FBF753F918B1FFE7F2F71DFCFFE75F
:100E900000200090039004900590069007904FF476
:100EA0000051089109900A900B904FF000710C913D
:100EB0000D900E900F9047F64830C2F2000003A943
:100EC000FAF7CEFA18B1FFE7F2F7FEFBFFE747F6B5
:100ED0004830C2F20000FBF773F81EB080BD00007E
:100EE00080B590B0002101910F910E910D910C9160
:100EF0000B910A910991089107910691059104912E
:100F00000391029147F62C40C2F2000040F20042E9
:100F1000C4F200020260A9224260816044F61F62AE
:100F2000C26001618161FAF707FC18B1FFE7F2F7CF
:100F3000CBFBFFE74FF480500C9047F62C40C2F2F9
:100F400000000CA9FAF7BAFD18B1FFE7F2F7BCFBF5
:100F5000FFE747F62C40C2F20000FBF7BFF918B1DB
:100F6000FFE7F2F7B1FBFFE7002009900B9047F68F
:100F70002C40C2F2000009A9FAF720FB18B1FFE7E4
:100F8000F2F7A2FBFFE76020029000220392049296
:100F9000069247F62C40C2F2000002A9FBF7C6F801
:100FA00018B1FFE7F2F790FBFFE747F62C40C2F2DB
:100FB000000002A90422FBF7B9F818B1FFE7F2F725
:100FC00083FBFFE747F62C40C2F2000002A908228B
:100FD000FBF7ACF818B1FFE7F2F776FBFFE747F64F
:100FE0002C40C2F2000002A90C22FBF79FF818B1B6
:100FF000FFE7F2F769FBFFE747F62C40C2F200007B
:10100000FAF7DEFF10B080BD80B590B000210191ED
:101010000F910E910D910C910B910A9109910891EC
:1010200007910691059104910391029147F678404A
:10103000C2F2000040F60042C4F200020260A9229F
:101040004260816040F2E732C260016180218161CB
:10105000FAF772FB18B1FFE7F2F736FBFFE74FF440
:1010600080500C9047F67840C2F200000CA9FAF7C5
:1010700025FD18B1FFE7F2F727FBFFE747F67840B9
:10108000C2F20000FBF72AF918B1FFE7F2F71CFBE8
:10109000FFE7002009900B9047F67840C2F200006D
:1010A00009A9FAF78BFA18B1FFE7F2F70DFBFFE792
:1010B000602002900022039204920420069047F6DA
:1010C0007840C2F2000002A9FBF730F818B1FFE740
:1010D000F2F7FAFAFFE747F67840C2F2000002683A
:1010E000916921F008019161FAF76AFF10B080BDA3
:1010F00080B582B047F68060C2F20000009044F6EE
:101100000041C4F2000101604FF4E131416000216F
:1011100001918160C16001610C2242618161C16104
:10112000016241628162FCF7A1F818B1FFE7F2F7B2
:10113000CBFAFFE747F68060C2F200000021FBF720
:10114000DFFC18B1FFE7F2F7BFFAFFE747F6806070
:10115000C2F200000021FBF78DFC18B1FFE7F2F7A7
:10116000B3FAFFE747F68060C2F20000FBF742FBEC
:1011700018B1FFE7F2F7A8FAFFE702B080BD000060
:1011800080B582B047F61470C2F20000009045F2BC
:101190000001C4F2000101604FF4E131416000211F
:1011A00001918160C16001610C2242618161C16174
:1011B000016241628162FCF759F818B1FFE7F2F76A
:1011C00083FAFFE747F61470C2F200000021FBF734
:1011D00097FC18B1FFE7F2F777FAFFE747F61470CC
:1011E000C2F200000021FBF745FC18B1FFE7F2F75F
:1011F0006BFAFFE747F61470C2F20000FBF7FAFA49
:1012000018B1FFE7F2F760FAFFE702B080BD000017
:1012100080B582B047F6C440C2F20000019043F6A8
:101220000001C4F20101016048F2A061C0F20101B5
:1012300041604FF4805181600021C1604FF48062B1
:1012400002610C2242618161C1610162416281627D
:10125000FCF70CF818B1FFE7F2F736FAFFE747F6AC
:10126000C440C2F200000021FBF74AFC18B1FFE7BE
:10127000F2F72AFAFFE747F6C440C2F20000002165
:10128000FBF7F8FB18B1FFE7F2F71EFAFFE747F6A6
:10129000C440C2F20000FBF7ADFA18B1FFE7F2F765
:1012A00013FAFFE702B080BD80B582B047F6585010
:1012B000C2F20000009044F20041C4F2000101605B
:1012C00040F60011C0F23D014160002301938360AC
:1012D000C36003610C2141618361C36103624362A6
:1012E000836219461A46F9F7EDFC18B1FFE7F2F7E9
:1012F000EBF9FFE747F65850C2F200000021FBF778
:10130000FFFB18B1FFE7F2F7DFF9FFE747F65850A8
:10131000C2F200000021FBF7ADFB18B1FFE7F2F7C6
:10132000D3F9FFE747F65850C2F20000FBF762FA24
:1013300018B1FFE7F2F7C8F9FFE702B080BD00007F
:1013400080B582B047F6EC50C2F20000009044F63F
:101350000001C4F20001016040F60011C0F23D013D
:101360004160002301938360C36003610C214161EC
:101370008361C36103624362836219461A46F9F7C7
:10138000A1FC18B1FFE7F2F79FF9FFE747F6EC5031
:10139000C2F200000021FBF7B3FB18B1FFE7F2F740
:1013A00093F9FFE747F6EC50C2F200000021FBF78B
:1013B00061FB18B1FFE7F2F787F9FFE747F6EC505A
:1013C000C2F20000FBF716FA18B1FFE7F2F77CF95A
:1013D000FFE702B080BD000080B546F6B460C2F2FF
:1013E000000040F26C01C2F20001002206F08EFE05
:1013F00018B1FFE7F2F768F9FFE746F6B460C2F20A
:10140000000040F20021C2F2000107F083FA18B197
:10141000FFE7F2F759F9FFE746F6B460C2F20000C1
:1014200040F22431C2F2000106F0C8F918B1FFE71A
:10143000F2F74AF9FFE746F6B460C2F2000007F09F
:10144000CDFB18B1FFE7F2F73FF9FFE780BD0000E1
:10145000FFE7FEE780B588B08DED070ACDED060AFF
:1014600005900598C030F1F7C1FD8DED040A9DEDA2
:10147000040A9FED401AB4EE410AF1EE10FA03DDC2
:10148000FFE700200490FFE79DED070ADFED3A0A31
:10149000CDED000A0EF0BCFB9DED001A9FED372A42
:1014A00020EE020A80EE010ABDEEC00A10EE100A1C
:1014B000ADF80E00BDF90E00B0F1FF3F07DCFFE70D
:1014C000BDF80E0000F58060ADF80E00FFE705984E
:1014D000D0F8BC00BDF90E1050F8210002909DED2F
:1014E000060AB5EE400AF1EE10FA12DDFFE70598A4
:1014F00090ED310AD0F8BC00BDF90E1000EB810070
:1015000000F5805090ED001A20EE010A8DED010AE1
:101510001AE09DED060AB5EE400AF1EE10FA12DA75
:10152000FFE7059890ED310AD0F8BC00BDF90E1028
:1015300000EB810000F5805090ED001A20EE410A8A
:101540008DED010AFFE7FFE79DED010A059901F125
:10155000C800D1ED330A91ED341ADDED041AEFF72E
:10156000BDFA9DED020A059890ED321A30EE010A9F
:1015700008B080BDCDCCCC3D0000B4430000804419
:1015800010B586B08C46864609980899CDF814E0C7
:10159000ADF812C0ADF81020ADF80E30ADF80C105B
:1015A000ADF80A009DF811008DF80200BDF810009A
:1015B0008DF803009DF80F008DF80400BDF80E00B3
:1015C0008DF805009DF80D008DF80600BDF80C00A3
:1015D0008DF807009DF80B008DF80800BDF80A0093
:1015E0008DF809000598BDF812100DF10202F0F710
:1015F000D5FA06B010BD000082B0019000910198AC
:101600000178407840EA01200099088001988178AB
:10161000C07840EA012000B200EE100AB8EEC00A1D
:10162000009880ED0A0A01980179407940EA01208A
:1016300000B200EE100AB8EEC00A009880ED0B0A66
:1016400001988079009981F830000098B0F9001075
:1016500000EE101AB8EEC00A9FED2B1A30EE010A08
:101660009FED2A1A20EE010A9FED291A20EE010AA9
:1016700080ED020A0099B1F90000B1F90210401A98
:10168000B0F5805F05DDFFE70099486801384860E4
:101690000FE00099B1F90000B1F90210401A10F5FD
:1016A000805F05DAFFE70099486801304860FFE78E
:1016B000FFE7009890ED010AB8EEC00AB0F90010FB
:1016C00001EE101AB8EEC11A9FED122A21EE021A8D
:1016D00030EE010A90ED081A9FED0F2A20EE020A63
:1016E00030EE410A80ED040A00990888488000998C
:1016F0008868C8600099002048860099012081F818
:10170000340002B0704700BF000080C500003443C1
:1017100000008039000000390000B44380B584B077
:101720000390ADF80A106FF0806001904FF0FF3029
:1017300000900398BDF80A106A46F0F72FFA04B03B
:1017400080BD000080B584B00390ADF80A106FF042
:10175000407001904FF0FF3000900398BDF80A10E0
:101760006A46F0F71BFA04B080BD000080B58EB069
:1017700007AA0292024602980D92ADF8321080ED4F
:10178000040AC0ED030A80ED021AC0ED011A80EDD3
:10179000002A90ED040ADFED360A9FED361A10207C
:1017A000F1F782FB01460298ADF81A1090ED030A9A
:1017B000FBEE0E0AB3EE0E1A0C200390F1F774FB49
:1017C000029902460398ADF8182091ED020ADFED68
:1017D0002A0ACDED010A9FED291AF1F765FBDDED2F
:1017E000010A029902460398ADF8162091ED010A0C
:1017F000B1EE041AF1F758FB029902460398ADF8CE
:10180000142091ED000ADFED1E0A9FED1E1AF1F77C
:101810004BFBADF812009DF81B0044F60A12C2F211
:10182000000210709DF81A005070BDF818000009F1
:101830009070BDF818109DF8170040EA0110D070A4
:101840009DF816001071BDF8140000095071BDF824
:1018500014109DF8130040EA011090719DF81200D9
:10186000D0710D98BDF83210F0F798F90EB080BD28
:10187000DA0F49C0DA0F4940000000000000FA43C7
:10188000000080C60000804680B584B00390ADF8AB
:101890000A106FF0807001904FF0FF3000900398B5
:1018A000BDF80A106A46F0F779F904B080BD00006F
:1018B00080B58CB00B900A910B98007800098DF8D8
:1018C00027000B98B0F8010040BA08900B99C8782F
:1018D0000979000140EA111007900B9801794079CD
:1018E00001F00F0140EA012006900B98C0790590A5
:1018F00008989FED480ADFED480A1021F1F700FB38
:10190000B6EE001A8DED011A20EE010A9FED431A82
:101910008DED021A80EE010A9FED411A8DED031A3A
:1019200020EE010A0A9880ED020A0798BBEE0E0A23
:10193000F3EE0E0A0C210491F1F7E2FA9DED013A63
:101940009DED022A9DED031A049920EE030A80EE14
:10195000020A20EE010A0A9880ED0A0A06989FED15
:10196000310ADFED310AF1F7CBFA0A9880ED0B0A64
:1019700005980A9981F830000A9890ED020A90EDD6
:10198000031A30EE410A9FED291AB4EE410AF1EE36
:1019900010FA05DDFFE70A9948680138486014E04D
:1019A0000A9890ED020A90ED031A30EE410A9FED7D
:1019B000201AB4EE410AF1EE10FA05DAFFE70A99AF
:1019C000486801304860FFE7FFE70A9890ED010A98
:1019D00090ED022A90ED081AB8EEC00A9FED103A79
:1019E00020EE030A30EE020A30EE410A80ED040ACE
:1019F0000A998868C8609DF82700012808D1FFE788
:101A00000A99002048860A99012081F83400FFE7EE
:101A10000CB080BDDA0F49C0DA0F4940DB0F4940F6
:101A20000000B443000080C600008046000034433C
:101A3000000034C380B584B003908DED020A039892
:101A40002430F1F7D3FA8DED010A039890ED040AE2
:101A500090ED051A30EE410A9DED011A80EE010A63
:101A60009FED121A20EE010A9FED111A80EE010A75
:101A700080ED060A9DED020A0398B7EE001A31EEDA
:101A8000401A90ED062A90ED073A21EE031A20EE57
:101A9000020A30EE010A80ED060A03998869C861DE
:101AA00003990869486104B080BD00BF000070421E
:101AB0000000B443FFE7FEE788B007900691059267
:101AC000079800F0070004900498C0F1070005286B
:101AD00003D3FFE70420019004E00498C0F107005D
:101AE0000190FFE70198039004980430062803D87A
:101AF000FFE70020009003E0049803380090FFE720
:101B00000098029006980399012202FA01F1013926
:101B10000840029B984005999A40013A11400843B9
:101B200008B0704780B596B01490FFE7149800682D
:101B3000B0F844000004002840F15A83FFE71498ED
:101B40000068B0F84400ADF84800BDF8480000F067
:101B50000F008DF843009DF84300082804D3FFE7E9
:101B600001208DF8570047E39DF84300002840F01E
:101B70003581FFE7BDF84800C006002842D4FFE7E2
:101B8000FFE714980068008848F60F710840ADF828
:101B90004000BDF8400040F40040149909680880F6
:101BA000FFE714981030139014980068B0F85000B4
:101BB00013990A7800EBC200149A12681044B0F826
:101BC00002046FF39F20C86113994869CA691044E1
:101BD000486114980021F6F7EDFC1498007B80B161
:101BE000FFE71398806960B9FFE71498007B40F025
:101BF000800014990968A1F84C001499002008731A
:101C0000FFE7EAE0149800F5A870139014980068B4
:101C10000088ADF84600BDF846000005002878D5DC
:101C2000FFE714980068B0F8500013990A7800EBA9
:101C3000C200149A12681044B0F806046FF39F2093
:101C4000C8611398C069082845D0FFE7FFE71498DA
:101C5000006800884BF68F710840ADF83E00BDF873
:101C60003E0080F48050ADF83E00BDF83E0048F2E2
:101C700080010843149909680880FFE7FFE714987A
:101C80000068008848F6BF710840ADF83C00BDF818
:101C90003C0080F01000ADF83C00BDF83C0048F27C
:101CA00080010843149909680880FFE7FFE714984A
:101CB0000068008840F68F710840ADF83A00BDF822
:101CC0003A0040F08000149909680880FFE700207E
:101CD0008DF8570090E21499086801F52671139B5E
:101CE000DA889B8B08F0E0FDFFE714980068008815
:101CF00040F68F710840ADF83800BDF8380040F06C
:101D00008000149909680880FFE71498F7F7D0FD60
:101D100062E0BDF84600000400285CD5FFE7FFE75D
:101D200014980068008840F68F710840ADF83600BE
:101D3000BDF8360040F08000149909680880FFE77C
:101D400014980068B0F8500013990A7800EBC200AC
:101D5000149A12681044B0F806046FF39F20C8610B
:101D60001398C069F8B9FFE7FFE714980068008886
:101D70004BF68F710840ADF83400BDF8340080F4A4
:101D80008050ADF83400BDF8340080F40050ADF858
:101D90003400BDF8340048F2800108431499096802
:101DA0000880FFE716E01398406990B1FFE71498A8
:101DB0000068139B5969DA889B8B08F075FD1399AD
:101DC0004869CA691044486114980021F6F706FC76
:101DD000FFE7FFE7FFE7FFE7FFE708E21498006887
:101DE0009DF8431030F82100ADF84600BDF84600DC
:101DF0000004002840F1DE80FFE7FFE71498006848
:101E00009DF8431030F8210040F68F710840ADF87E
:101E10003200BDF8320040F08000149909689DF846
:101E2000432021F82200FFE714989DF8431001EBAE
:101E3000810100EBC10000F5A87013901398007B9E
:101E400000BBFFE714980068B0F8500013990978B8
:101E500000EBC100149909680844B0F806046FF358
:101E60009F20ADF84A00BDF84A0050B1FFE7149832
:101E70000068139A5169D288BDF84A3008F014FD01
:101E8000FFE773E01398C078022809D1FFE71498A0
:101E90001399BDF84620F6F76DFCADF84A0064E0F2
:101EA000FFE7FFE7149800681399097830F82100DC
:101EB00048F68F710840ADF83000BDF8300048F2A8
:101EC000C001084314990968139A127821F8220076
:101ED000FFE7FFE7149800681399097830F82100AC
:101EE0004004002820D5FFE714980068B0F850009F
:101EF0001399097800EBC100149909680844B0F8F7
:101F000002046FF39F20ADF84A00BDF84A0050B1BB
:101F1000FFE714980068139A51691289BDF84A3096
:101F200008F0C2FCFFE71FE014980068B0F850000A
:101F30001399097800EBC100149909680844B0F8B6
:101F400006046FF39F20ADF84A00BDF84A0050B177
:101F5000FFE714980068139A51695289BDF84A3016
:101F600008F0A2FCFFE7FFE7FFE7FFE7BDF84A2024
:101F70001399C8691044C8611398806938B1FFE7A4
:101F8000BDF84A0013990969884206D2FFE7149800
:101F900013990978F6F722FB0BE0BDF84A20139954
:101FA00048691044486114980068139907F06CFF61
:101FB000FFE7FFE7BDF846000006002840F1168164
:101FC000FFE714989DF8431001EB810100EBC1007D
:101FD00010301390FFE7149800689DF8431030F814
:101FE000210048F60F710840ADF82E00BDF82E0014
:101FF00040F40040149909689DF8432021F822001C
:10200000FFE71398C078012840F0A180FFE71399FB
:10201000002088611398007B002800F09280FFE781
:10202000BDF846004006002846D5FFE7FFE71398B5
:10203000407808BBFFE7FFE7149800680A901498FF
:102040000068B0F850100A9808440A900A9813994A
:10205000097800EBC10000F202400990FFE70999FE
:1020600008886FF39F2008800999088840F4004091
:102070000880FFE7FFE71DE013984078012818D19A
:10208000FFE7FFE714980068079014980068B0F81D
:10209000501007980844079007981399097800EBA7
:1020A000C10000F202400690069900200880FFE778
:1020B000FFE7FFE7FFE743E0FFE7149800680590BC
:1020C0001398407808BBFFE7FFE714980068039077
:1020D00014980068B0F850100398084403900398CF
:1020E0001399097800EBC10000F206400290FFE767
:1020F000029908886FF39F2008800299088840F4AD
:1021000000400880FFE7FFE718E0139840780128B7
:1021100013D1FFE714980068B0F8501005980844F0
:10212000059005981399097800EBC10000F206406C
:102130000490049900200880FFE7FFE7FFE7FFE72E
:10214000FFE7149813990978F6F734FA4DE0BDF8D3
:102150004600C005002840D4FFE714980068B0F896
:1021600050001399097800EBC100149909680844DC
:10217000B0F802046FF39F20ADF844001398806913
:10218000BDF84410884207D9FFE7BDF844201399F1
:102190008869801A886103E0139900208861FFE74D
:1021A0001398806930B9FFE7149813990978F6F706
:1021B00001FA11E0BDF844201399486910444861C0
:1021C000BDF844201399C8691044C8611498006888
:1021D000139907F059FEFFE706E014981399BDF82C
:1021E0004620F6F7C3FBFFE7FFE7FFE7FFE79DE4C5
:1021F00000208DF85700FFE79DF8570016B080BD0E
:1022000087B006908DED050ACDED040A8DED031A19
:10221000CDED021A8DED012ACDED002A0598069923
:10222000486004980699886003980699C8600298E7
:10223000069908610198069948640098069988648F
:1022400006994FF07E50086207B0704780B584B0A1
:1022500003908DED020ACDED010A039890ED063A48
:1022600090ED080A9DED022AB7EE001A31EE401AF1
:1022700021EE031A20EE020A30EE010A80ED050A73
:1022800001980399C861039890ED050A90ED071A2B
:1022900030EE410A80ED090A039890ED010A90EDB5
:1022A000091A20EE010A80ED0C0A039890ED020A4B
:1022B00090ED091A20EE010A8DED000AF0F796FE66
:1022C000B0EE401A9DED000A20EE010A039890ED51
:1022D0000D1A9FED482A20EE020A30EE010A80ED29
:1022E0000D0A039890ED030A90ED091A90ED0A2A61
:1022F00031EE421A20EE010A80ED0E0A039890EDAD
:10230000040A90ED051A20EE010A80ED0F0A0398E9
:1023100090ED0D0A90ED111AB4EE410AF1EE10FAAB
:102320000DDDFFE7039890ED110AB5EE400AF1EEDE
:1023300010FA04D0FFE70399486C4863FFE703985D
:1023400090ED0D0A90ED111AB1EE411AB4EE410A6A
:10235000F1EE10FA11DAFFE7039890ED110AB5EEED
:10236000400AF1EE10FA08D0FFE7039890ED110A49
:10237000B1EE400A80ED0D0AFFE7039890ED0C0ADC
:1023800090ED0D3A90ED0E2A90ED0F1A30EE030A03
:1023900030EE020A30EE010A80ED100A039890ED4B
:1023A000100A90ED121AB4EE410AF1EE10FA04DDB3
:1023B000FFE70399886C0864FFE7039890ED100A23
:1023C00090ED121AB1EE411AB4EE410AF1EE10FA94
:1023D00008DAFFE7039890ED120AB1EE400A80EDAB
:1023E000100AFFE70399486A88620399486988617F
:1023F00004B080BD00007A4400000000000000002E
:10240000EFF30980BFF36F8F154B1A681EF0100FA2
:1024100008BF20ED108A20E9F04F10602DE9090077
:102420004FF0500080F31188BFF34F8FBFF36F8FD1
:102430000CF0B0FE4FF0000080F31188BDE80900F9
:1024400019680868B0E8F04F1EF0100F08BFB0EC34
:10245000108A80F30988BFF36F8F704700BF00BFF9
:10246000A87F002080B584B0039002918DED010A11
:1024700000208DF80300FFE79DF80300032820DC0F
:10248000FFE702989DF80310C1EBC10200EBC20008
:10249000039B4C2211FB023101F5D27100F098F838
:1024A0009DF8031044F6D860C2F2000000EB8100F2
:1024B00080ED000AFFE79DF8030001308DF803006E
:1024C000DAE79DED010A44F6D860C2F2000000F0A0
:1024D000B7F844F60C70C2F2000080ED000A00204C
:1024E0008DF80200FFE79DF80200032832DCFFE7C9
:1024F0009DF8021044F6D860C2F2000000EB8100A3
:1025000090ED000AB5EE400AF1EE10FA1BDDFFE790
:1025100044F60C70C2F2000090ED000A9DF8021023
:1025200044F6D860C2F2000000EB810090ED001A82
:1025300020EE010A44F6E860C2F2000000EB8100E0
:1025400080ED000AFFE7FFE79DF8020001308DF8FB
:102550000200C8E700208DF80100FFE79DF80100A8
:1025600003281EDCFFE79DF8012045F23470C2F21B
:10257000000000EBC20044F6E861C2F2000101EB8A
:10258000820191ED000A0299C2EBC20201EBC20185
:1025900002F02AFDFFE79DF8010001308DF80100EF
:1025A000DCE700208DF80000FFE79DF8000003281D
:1025B0000CDCFFE703989DF8001002F071FEFFE7C6
:1025C0009DF8000001308DF80000EEE704B080BDFA
:1025D00083B002900191019890ED103A9FED130A9B
:1025E00023EE000A029890ED0A2A20EE020A9FEDDF
:1025F000101A80EE011A9FED0F0A23EE000A20EE5A
:10260000030A30EE011A9FED0C0A22EE000A20EEBA
:10261000020A30EE010A9FED091A30EE010A8DED33
:10262000000A9DED000A03B0704700BF28F99F37EC
:10263000CDCC1841FC110434C3031C348D97824067
:1026400083B002908DED010A029890ED000A90EDA2
:10265000013A90ED022A90ED031A30EE030A30EEB3
:10266000020A30EE010A44F61070C2F2000080ED5A
:10267000000A9DED010A90ED001A80EE010A8DED31
:10268000000A9DED000AB7EE001AB4EE410AF1EE21
:1026900010FA08DCFFE79DED000AB5EE400AF1EE06
:1026A00010FA04DAFFE74FF07E500090FFE79DED4F
:1026B000000A03B07047000086B041F20C00C4F27B
:1026C0000200016801F0030104910068C1B2012019
:1026D00000EB1110029004980090022815D0FFE73B
:1026E0000098032812D1FFE7029941F60030C0F2AA
:1026F000B700B0FBF1F041F20C01C4F2020109682D
:10270000C1F306214843059011E0FFE7029942F228
:102710000040C0F2F400B0FBF1F041F20C01C4F251
:1027200002010968C1F3062148430590FFE741F221
:102730000C00C4F20200006800F0C061022000EB4F
:102740001160039005980399B0FBF1F00190019896
:1027500006B0704780B582B045F20421C2F2000194
:10276000002001900871086045F27C10C2F2000060
:102770008821EDF797FD019844F63C11C2F2000163
:10278000C1F807004860086044F63811C2F2000141
:10279000086045F2BD31C2F20001087388604860EC
:1027A000086045F27E32C2F2000290615061106111
:1027B000D06090605060106045F29C32C2F200021E
:1027C00090605060106045F27032C2F200021071E9
:1027D000106045F29A32C2F20002107045F2A8323F
:1027E000C2F20002908190605060106045F2B633F2
:1027F000C2F20003C3F80300186045F27633C2F258
:1028000000035860186044F6CC43C2F2000398609D
:102810005860186044F6EC03C2F200039883986194
:1028200058611861D860986058601860372010812E
:102830003C2048814FF47A70088102B080BD0000CE
:1028400080B584B003900020ADF8080003980078AC
:10285000A52840F0DE80FFE7039805210CF038FD45
:10286000012840F0D580FFE7039840780930ADF8A3
:102870000A000398BDF80A100CF0ECFC012840F0A7
:10288000C680FFE703994879897940EA0120ADF8CD
:102890000800BDF8080001460191012832D0FFE789
:1028A0000198032847D0FFE7019840F201118842C0
:1028B00038D0FFE7019840F20121884245D0FFE778
:1028C000019840F20221884250D0FFE7019840F27F
:1028D000032188425ED0FFE70198B0F5017F68D000
:1028E000FFE7019840F2062188426DD0FFE701988A
:1028F00040F2072188426FD0FFE70198B0F5027FD0
:1029000077D082E00399D1F80700D1F80B20D1F8F5
:102910000E3044F63C11C2F20001C1F807304A60A3
:10292000086073E00398D0F8070044F63811C2F24B
:10293000000108606AE00398C11D45F27E30C2F2D2
:1029400000001C22EDF795FC60E0039BD87C45F26B
:10295000BD31C2F200010873D3F80700D3F80B2091
:10296000D3F80F308B604A6008604FE0039BB3F8E8
:10297000130045F2A831C2F200018881D3F80700A4
:10298000D3F80B20D3F80F308B604A60086001F059
:10299000FFFB3BE00399D1F80700D1F80B20D1F8F9
:1029A0000F3045F29C31C2F200018B604A60086032
:1029B0002CE00398C27A45F27031C2F200010A712C
:1029C000D0F80700086021E00398C07945F29A31F9
:1029D000C2F20001087019E00399D1F80700D1F89C
:1029E0000A2045F2B631C2F20001C1F803200860A6
:1029F0000CE00399D1F80700D1F80B2045F27631AD
:102A0000C2F200014A60086000E0FFE7FFE7FFE76D
:102A1000FFE70398BDF80A10405CA52807D1FFE73F
:102A20000398BDF80A100844FFF70AFFFFE704B057
:102A300080BD000080B545F20C20C2F2000090ED90
:102A4000050A9FEDD51AB4EE410AF1EE10FA40F3F3
:102A50003C81FFE745F20C20C2F2000090ED030A32
:102A60009FEDCE1AB4EE410AF1EE10FA16DDFFE743
:102A700045F24820C2F2000090ED030A9FEDC71A0C
:102A8000B4EE410AF1EE10FA08DAFFE745F28421CC
:102A9000C2F20001022081F83B0024E045F20C2044
:102AA000C2F2000090ED030A9FEDBD1AB4EE410A98
:102AB000F1EE10FA16DAFFE745F24820C2F2000004
:102AC00090ED030A9FEDB61AB4EE410AF1EE10FA4A
:102AD00008DDFFE745F28421C2F20001012081F800
:102AE0003B00FFE7FFE745F20C20C2F2000090ED4B
:102AF000040A9FEDAA1AB4EE410AF1EE10FA0FDDB6
:102B0000FFE745F24820C2F2000090ED040A9FED75
:102B1000A31AB4EE410AF1EE10FA01DAFFE71DE064
:102B200045F20C20C2F2000090ED040A9FED9C1AC1
:102B3000B4EE410AF1EE10FA0FDAFFE745F2482051
:102B4000C2F2000090ED040A9FED951AB4EE410A1E
:102B5000F1EE10FA01DDFFE7FFE7FFE745F20C2099
:102B6000C2F2000090ED010A9FED8C1AB4EE410A0A
:102B7000F1EE10FA25DDFFE745F24820C2F2000031
:102B800090ED010A9FED851AB4EE410AF1EE10FABC
:102B900017DAFFE745F28420C2F2000090F83A10FD
:102BA000013180F83A1090F83A00062808DBFFE778
:102BB00045F28421C2F20001052081F83A00FFE7C6
:102BC00033E045F20C20C2F2000090ED010A9FEDC7
:102BD000741AB4EE410AF1EE10FA25DAFFE745F275
:102BE0004820C2F2000090ED010A9FED6D1AB4EE8C
:102BF000410AF1EE10FA17DDFFE745F28420C2F238
:102C0000000090F83A10013980F83A1090F83A0034
:102C1000002808DCFFE745F28421C2F20001012010
:102C200081F83A00FFE7FFE7FFE745F20C20C2F228
:102C3000000090ED020A9FED591AB4EE410AF1EE40
:102C400010FA19DDFFE745F24820C2F2000090EDCE
:102C5000020A9FED521AB4EE410AF1EE10FA0BDAB5
:102C6000FFE745F28421C2F20001012081F83E0015
:102C70000220EEF7EBFA27E045F20C20C2F200004A
:102C800090ED020A9FED461AB4EE410AF1EE10FAF9
:102C900019DAFFE745F24820C2F2000090ED020A7F
:102CA0009FED3F1AB4EE410AF1EE10FA0BDDFFE79B
:102CB00045F28421C2F20001002081F83E00032089
:102CC000EEF7C4FAFFE7FFE720E145F20C20C2F27D
:102CD000000090ED050A9FED331AB4EE410AF1EEC3
:102CE00010FA80F21281FFE745F20C20C2F20000D8
:102CF00090ED030A9FED291AB4EE410AF1EE10FAA5
:102D00000FDDFFE745F24820C2F2000090ED030A14
:102D10009FED221AB4EE410AF1EE10FA01DAFFE754
:102D20001DE045F20C20C2F2000090ED030A9FED79
:102D30001C1AB4EE410AF1EE10FA0FDAFFE745F281
:102D40004820C2F2000090ED030A9FEDCE1AB4EEC7
:102D5000410AF1EE10FA01DDFFE7FFE7FFE745F278
:102D60000C20C2F2000090ED040A9FEDC51AB4EEEB
:102D7000410AF1EE10FA17DDFFE745F24820C2F2F2
:102D8000000090ED040A9FEDBE1AB4EE410AF1EE88
:102D900010FA09DAFFE725E03333333FCDCC4C3F5F
:102DA000CDCC4CBF333333BF45F20C20C2F2000010
:102DB00090ED040A9FEDB31AB4EE410AF1EE10FA59
:102DC0000FDAFFE745F24820C2F2000090ED040A56
:102DD0009FEDAC1AB4EE410AF1EE10FA01DDFFE707
:102DE000FFE7FFE745F20C20C2F2000090ED010A78
:102DF0009FEDA31AB4EE410AF1EE10FA0FDDFFE7E2
:102E000045F24820C2F2000090ED010A9FED9C1AA5
:102E1000B4EE410AF1EE10FA01DAFFE71DE045F2E7
:102E20000C20C2F2000090ED010A9FED961AB4EE5C
:102E3000410AF1EE10FA0FDAFFE745F24820C2F23C
:102E4000000090ED010A9FED8F1AB4EE410AF1EEF9
:102E500010FA01DDFFE7FFE7FFE745F20C20C2F2C1
:102E6000000090ED020A9FED861AB4EE410AF1EEE1
:102E700010FA19DDFFE745F24820C2F2000090ED9C
:102E8000020A9FED7F1AB4EE410AF1EE10FA0BDA56
:102E9000FFE745F28421C2F20001022081F83800E8
:102EA0000420EEF7D3F92FE045F20C20C2F2000027
:102EB00090ED020A9FED731AB4EE410AF1EE10FA9A
:102EC00021DAFFE745F24820C2F2000090ED020A45
:102ED0009FED6C1AB4EE410AF1EE10FA13DDFFE734
:102EE00045F28421C2F20001002081F8380044F646
:102EF0005010C2F2000082688A61C069C861052072
:102F0000EEF7A4F9FFE7FFE7FFE7FFE745F20C2044
:102F1000C2F20000407E80BBFFE745F20C20C2F207
:102F20000000807E012828D1FFE745F24820C2F248
:102F30000000807E08BBFFE745F28420C2F200005B
:102F400090F83B0004280FD0FFE745F28421C2F23D
:102F50000001042081F83B0091F83C00B0FA80F0B9
:102F6000400981F83C0007E045F28421C2F20001EB
:102F7000022081F83B00FFE7FFE745F20C20C2F298
:102F80000000407E012828D1FFE745F20C20C2F264
:102F90000000007F012820D1FFE745F24820C2F25F
:102FA0000000007FC8B9FFE745F28420C2F20000AC
:102FB00090F8390040B9FFE745F28421C2F20001E0
:102FC000012081F8390007E045F28421C2F20001B6
:102FD000002081F83900FFE7FFE745F20C20C2F23C
:102FE0000000407E002849D1FFE745F28420C2F26C
:102FF000000090F8390000283FD0FFE745F20C2090
:10300000C2F20000407E78BBFFE745F20C20C2F21E
:103010000000007F012827D1FFE745F28420C2F29B
:10302000000090F8380002280DD1FFE745F2842017
:10303000C2F2000090F8380002280CD1FFE7EDF74B
:1030400067FE40B1FFE745F28421C2F20001022091
:1030500081F8390007E045F28421C2F20001012025
:1030600081F83900FFE707E045F28421C2F2000150
:10307000012081F83900FFE7FFE7FFE780BD00BFCF
:10308000CDCC4C3FCDCC4CBF81B045F20C20C2F230
:10309000000090ED050A9FED351AB4EE410AF1EEFD
:1030A00010FA60DAFFE745F20C20C2F2000090ED62
:1030B000050A9FED2F1AB4EE410AF1EE10FA52DD27
:1030C000FFE745F28420C2F20000009090F83A1029
:1030D00000EE101AB8EEC00AB2EE042A20EE020A80
:1030E000B1EE041A80EE010A45F20C21C2F2000191
:1030F00091ED033A20EE030A80ED030A90F83A209E
:1031000000EE102AB8EEC00A20EE020A80EE010A94
:1031100091ED041A20EE010A80ED040A45F2D03246
:10312000C2F2000292ED000A9FED121A20EE011A7F
:1031300091ED012A90ED060A21EE021A30EE010A05
:1031400080ED060A92ED000A9FED0B1A20EE010AAF
:1031500091ED022A90ED071A20EE020A30EE010AE4
:1031600080ED070AFFE701B0704700BF3333333FFC
:10317000333333BF000096C30000A04283B00290F7
:1031800002990868D1F80310CDF8031000909DF85B
:10319000050000F0010045F20C21C2F200010870A8
:1031A0009DF9000000EE100AB8EEC00A9FED291A42
:1031B00020EE010A81ED010A9DF9010000EE100ADE
:1031C000B8EEC00A20EE010A81ED020A9DF9020064
:1031D00000EE100AB8EEC00A20EE010A81ED030AE3
:1031E0009DF9030000EE100AB8EEC00A20EE010AB5
:1031F00081ED040A9DF9040000EE100AB8EEC00A41
:1032000020EE010A81ED050A9DF8050000F001009D
:1032100008709DF80500C0F3410008769DF8050090
:10322000C0F3C00048769DF80500C0F30010887612
:103230009DF80500C0F34010C8769DF80500C0F366
:10324000801008770120087000224A80487003B07F
:10325000704700BF0AD7233C83B0029002990868E8
:10326000496801910090BDF8000045F20C21C2F2BE
:103270000001C883BDF8020008849DF9040000EE37
:10328000100AB8EEC00A9FED3E1A20EE010A81ED49
:10329000090A9DF8050000F0010081F828009DF85A
:1032A0000500C0F3400081F829009DF80500C0F337
:1032B000800081F82A009DF8060000F0010081F8E6
:1032C0002B009DF80600C0F3400081F82C009DF80B
:1032D0000600C0F3800081F82D009DF80600C0F3C1
:1032E000C00081F82E009DF80600C0F3001081F8A0
:1032F0002F009DF80600C0F3401081F830009DF8C3
:103300000600C0F3801081F831009DF80600C00966
:1033100081F832009DF8070000F0010081F83300C9
:103320009DF80700C0F3400081F834009DF80700C5
:10333000C0F3800081F835009DF80700C0F3C0009D
:1033400081F836009DF80700C0F3001081F83700BF
:103350009DF80700C0F3401081F838009DF8070081
:10336000C0F3801081F839009DF80700C00981F88A
:103370003A000120087000224A80487003B070476C
:103380000AD7233CB0B545F24821C2F20001012022
:103390004870FFE745F24820C2F20000407801285B
:1033A00004D1FFE701200AF00DFFF3E745F20C23FB
:1033B000C2F2000318685A68D3F808C0D3F80CE0CA
:1033C0001C695D6945F24821C2F200014D610C6142
:1033D000C1F80CE0C1F808C04A6008609869DA6971
:1033E000D3F820C0D3F824E09C6ADD6ACD628C62F9
:1033F000C1F824E0C1F820C0CA618861186B5A6B1B
:103400009B6B8B634A630863B0BD000044F6444085
:10341000C2F20000806945F28421C2F20001886195
:103420000022CA61012081F83B0081F8392081F82F
:1034300038204A600870704745F28421C2F20001CA
:1034400000200870C8600861486181F8390081F87F
:103450003E0081F83B00704780B58AB0099045F284
:103460008421C2F200010791002008908861C861A0
:1034700045F22030C2F20000B1EE040A9FEDD41AEA
:103480009FEDD42A8DED062ADFEDD32AF0EE420A15
:10349000F0EE421AFEF7B4FEDDED061A45F2D42036
:1034A000C2F200009FEDCD0A9FEDCD1AB7EE002AC3
:1034B000F2EE0C2AF0EE610AFEF7A2FE07990898D8
:1034C000012281F83B2081F8390081F8380003227D
:1034D00081F83A2081F83E00FFF73CF9FFE745F21A
:1034E000CC30C2F20000EFF781FD45F2D030C2F2DD
:1034F000000080ED000A45F20C20C2F200000078C6
:10350000002854D0FFE745F20C20C2F20000007EF4
:1035100002280FD0FFE745F28420C2F20000007AB3
:10352000032807D0FFE745F28421C2F20001012001
:10353000087217E045F20C20C2F20000007E02285B
:103540000FD1FFE745F28420C2F20000007A032881
:1035500007D0FFE745F28421C2F200010220087281
:10356000FFE7FFE745F20C20C2F20000007E58B9E9
:10357000FFE745F28420C2F200000078012803D161
:10358000FFE7FFF759FF11E045F20C20C2F20000FF
:10359000007E50B1FFE745F28420C2F200000078BF
:1035A00018B9FFE7FFF732FFFFE7FFE702E0FFF799
:1035B00043FFFFE745F28420C2F20000007A0128B1
:1035C00021D1FFE7FFF760FD45F20C20C2F20000B9
:1035D0004078012816D1FFE745F24820C2F20000EA
:1035E000407801280ED1FFE7FFF724FA45F20C21BD
:1035F000C2F200010020487045F24821C2F20001E9
:103600004870FFE781E045F28420C2F20000007AB2
:10361000022821D1FFE7FCF773FA45F20C20C2F231
:1036200000004078012816D1FFE745F24820C2F299
:103630000000407801280ED1FFE7FBF7ABFF45F211
:103640000C21C2F200010020487045F24821C2F26C
:1036500000014870FFE757E045F28420C2F2000005
:10366000007A03284FD1FFE7FFF70EFDFCF748FA79
:1036700045F20C20C2F200004078012842D1FFE759
:1036800045F24820C2F20000407801283AD1FFE715
:1036900045F20C20C2F20000407E78B9FFE745F207
:1036A0004820C2F20000407E012807D1FFE745F222
:1036B0008421C2F2000101200872FFE745F20C20CC
:1036C000C2F2000090F83A0080B9FFE745F24820C6
:1036D000C2F2000090F83A00012807D1FFE745F256
:1036E0008421C2F2000102200872FFE745F20C219A
:1036F000C2F200010020487045F24821C2F20001E8
:103700004870FFE7FFE7FFE7FFE744F64440C2F2F7
:10371000000090ED020A44F6E040C2F20000D0F84A
:103720002001009001EE100A9FED402A31EE021AAE
:1037300030EE011A8DED041A10EE100AECF7D5FFE9
:103740000246009801920A46019942EC101B8DED49
:10375000020BECF7CAFF41EC100B9FED311B53EC51
:10376000112B51EC100BECF7C7FD9DED020B41EC5A
:10377000110B53EC112B51EC100BECF7BDFD41EC90
:10378000100B51EC100BECF7C3FF9DED040A00EE9B
:10379000900A45F28420C2F2000005901C30FCF72C
:1037A000B1FDF0F749FB01200AF00CFD0598007807
:1037B000C0B1FFE745F28420C2F2000090ED010A9B
:1037C0009FED1C1A30EE010A80ED010A17E000BFE0
:1037D00000004842000000000000C8429A99193ECB
:1037E0000AD7233C45F28420C2F2000090ED010A82
:1037F0009FED0F1A30EE010A80ED010AFFE745F256
:103800008420C2F200000430B7EE000ADFED060AA1
:10381000FCF778FD01200AF0D5FC60E600BF00BF90
:1038200000000000000012400000000000002442E0
:103830006F1283BA6F12833A80B586B004900391F9
:1038400002920498039B02996A4611604FF4C0519A
:10385000002200F03DF848B1FFE70499086E40F0FF
:103860002000086603208DF817002CE00498039BC5
:1038700002996A4611608021002200F0D1F848B117
:10388000FFE70499086E40F02000086603208DF8D9
:10389000170018E00498039B02996A4611604FF4E0
:1038A000C061002200F014F848B1FFE70499086EE7
:1038B00040F02000086603208DF8170003E0002088
:1038C0008DF81700FFE79DF8170006B080BD0000D7
:1038D00080B58CB0DDF838C00A9009910892079342
:1038E00000208DF80B0007980190F4F739FA024692
:1038F00001980E99891A08440590F4F731FA04905A
:103900000A9800680C300390059840F2FC11C2F24E
:103910000001096823225143090D48430690FFE73F
:103920000A980068806809990840089988426ED012
:10393000FFE70998B0F5C06F0AD1FFE7089838B9DA
:10394000FFE7039800788DF80B009DF80B00FFE768
:1039500007980130002859D0FFE7F4F701FA0499DD
:10396000401A0599884204D2FFE70598002842D101
:10397000FFE70A980168486820F0E00048600A986C
:103980004068B0F5827F13D1FFE70A988068B0F5F0
:10399000004F06D0FFE70A988068B0F5806F07D126
:1039A000FFE70A980168086820F040000860FFE718
:1039B0000A98806AB0F5005F0FD1FFE7FFE70A9829
:1039C0000168086820F4005008600A9801680868D7
:1039D00040F400500860FFE7FFE70A99012081F8F2
:1039E0005D00FFE70A99002081F85C00FFE70320F3
:1039F0008DF82F000FE0069818B9FFE7002005901A
:103A000003E0069801380690FFE7FFE788E700200B
:103A10008DF82F00FFE79DF82F000CB080BD00004F
:103A200080B58AB0DDF830C0089007918DF81B2072
:103A3000059305980190F4F793F9024601980C99C3
:103A4000891A08440390F4F78BF90290039840F226
:103A5000FC11C2F200010968C1F3CB314843049064
:103A6000FFE708980068806807990840401AB0FA94
:103A700080F040099DF81B1088425FD0FFE7059851
:103A80000130002859D0FFE7F4F76AF90299401A8B
:103A90000399884204D2FFE70398002842D1FFE748
:103AA00008980168486820F0E0004860089840687D
:103AB000B0F5827F13D1FFE708988068B0F5004F1A
:103AC00006D0FFE708988068B0F5806F07D1FFE760
:103AD00008980168086820F040000860FFE708982F
:103AE000806AB0F5005F0FD1FFE7FFE70898016833
:103AF000086820F40050086008980168086840F4DD
:103B000000500860FFE7FFE70899012081F85D0099
:103B1000FFE70899002081F85C00FFE703208DF89B
:103B200027000FE0049818B9FFE70020039003E096
:103B3000049801380490FFE7FFE792E700208DF832
:103B40002700FFE79DF827000AB080BD00000000B5
:103B5000074B19680868B0E8F04F80F30988BFF395
:103B60006F8F4FF0000080F31188704700BF00BFD7
:103B7000A87F002084B003900398009000980078FC
:103B8000ADF8080000980130009000980078ADF87A
:103B90000600BDF80610BDF8080040EA0120ADF8A7
:103BA0000A00BDF80A0004B07047000081B08DED36
:103BB000000A45F21840C2F2000090ED100A44F6E7
:103BC000E040C2F20000D0F8D00101EE100A9FEDF3
:103BD0003C2A81EE021A30EE010AB0EEC00A9FEDD7
:103BE000391AB4EE410AF1EE10FA67DCFFE745F24C
:103BF0001840C2F20000407800285FD1FFE745F28C
:103C00001840C2F2000090ED020AB5EE400AF1EE53
:103C100010FA53D1FFE745F21840C2F2000090F8C5
:103C2000A80200284AD1FFE79DED000A9FED261A61
:103C300020EE010AB2EE021A80EE011A45F2184097
:103C4000C2F2000090ED100A30EE010A80ED100A79
:103C500090ED010AB5EE400AF1EE10FA08DCFFE73C
:103C600045F21841C2F200014FF07E504860FFE774
:103C70009DED001A45F21840C2F2000090ED012AB5
:103C800090ED020A81EE021A30EE010A80ED020A7E
:103C900046F67860C2F2000090ED000AB2EE041A17
:103CA00030EE010A80ED000A40F20801C2F2000184
:103CB000D1F836000130C1F83600FFE701B0704797
:103CC000F1F0E8C20000A0420000B44380B59AB011
:103CD000199045F21840C2F20000189044309FED50
:103CE000D90A8DED130AF2EE040ACDED150ADFEDC7
:103CF000D61ACDED171A9FEDD52A8DED162ADFEDD8
:103D0000D42ACDED142AB0EE611AFEF779FA9DEDB2
:103D1000130ADDED142ADDED150A9DED162ADDED01
:103D2000171A18989030B0EE611AFEF769FA9DEDF7
:103D3000130ADDED142ADDED150A9DED162ADDEDE1
:103D4000171A1898DC30B0EE611AFEF759FA9DED9B
:103D5000130ADDED142ADDED150A9DED162ADDEDC1
:103D6000171A189800F59470B0EE611AFEF748FA29
:103D70009DED130ADDED142ADDED150A9DED162AE1
:103D8000DDED171A189800F5BA70B0EE611AFEF75B
:103D900037FA9DED130ADDED142ADDED150A9DEDD0
:103DA000162ADDED171A189800F5E070B0EE611ACA
:103DB000FEF726FA9DED150A9DED161A9DED172AC0
:103DC000189800F50370DFEDEB2AF0EE420AF0EEF2
:103DD000421AFEF715FA9DED171A189800F516709D
:103DE0009FEDE50AF1EE040AF3EE0E1A9FEDE32AC9
:103DF000DFEDE32AFEF704FA18990020C4F2A010C0
:103E00004860FFE745F21840C2F2000012900C3003
:103E1000EFF7ECF8129945F2CC60C2F2000080EDA9
:103E2000000A90ED001A01F1080091ED020A30EE4F
:103E3000410A81ED020A9FEDD30ADFEDCD0AFCF7BE
:103E400061FA129945F28420C2F2000090F839001C
:103E50000870FAF7D3F81298022101700021C4F219
:103E600070114160007850BBFFE745F21840C2F284
:103E7000000000210161416181618162C1620163D1
:103E800044F6E041C2F20001D1F8C4C14CF6093257
:103E9000C8F63D5252FB0CC39A1102EBD372742345
:103EA00002FB13C2C1F8C421D1F8D01100EE101AE0
:103EB0009FEDB51A80EE010A80ED100A59E045F237
:103EC0001840C2F200000078012811D1FFE740F24B
:103ED000F410C2F20000006845F21841C2F200017D
:103EE000086140F2F810C2F20000006848613FE04B
:103EF00045F21840C2F200000078032819D1FFE70C
:103F000040F2F410C2F2000090ED000AB1EE400A57
:103F100045F21840C2F2000080ED040A40F2F811A8
:103F2000C2F2000191ED000AB1EE400A80ED050AEF
:103F30001DE045F21840C2F200000078022815D1B9
:103F4000FFE740F2F410C2F20000006845F21841A9
:103F5000C2F20001086140F2F810C2F200000068ED
:103F60004861B7EE000AFFF721FEFFE7FFE7FFE732
:103F7000FFE745F21840C2F20000119090ED040AEC
:103F800045F2CC61C2F200010B91D1ED001A1C3058
:103F90000D90B2EE041A8DED0C1AF0EE410AECF71A
:103FA0009DFD0B999DED0C1A119890ED050AD1ED30
:103FB000001A20300E90F0EE410AECF78FFD0D98BC
:103FC000119991ED040AF1EE400AFCF79BF90E9865
:103FD000119991ED050AF1EE400AFCF793F9119859
:103FE00090ED070A44F6E041C2F200010F91D1F8CA
:103FF000781101EE101A9FED652A8DED102A61EE01
:10400000020A4430FEF722F90F999DED102A11980B
:1040100090ED080AB1EE400AD1F8B01101EE101A85
:1040200061EE020A9030FEF711F91198007888B914
:10403000FFE745F21841C2F200010020C1F8A402D6
:1040400038E000BF00409C450000000000004843ED
:1040500000204B4645F21840C2F200000A9090ED55
:10406000100A44F6E041C2F200010891D1F8D011E3
:1040700001EE101A9FED442A8DED092AC1EE020AC5
:1040800000F50370FEF7E2F808999DED092A0A98F9
:1040900090ED930AD1F8E81101EE101AC1EE020A70
:1040A00000F51670FEF7D2F80A99D1F89802C1F817
:1040B000A402FFE701F028F945F28420C2F20000D3
:1040C00001210170007898B3FFE745F21840C2F271
:1040D0000000059090ED210A90ED341ABDEEC11A52
:1040E00011EE102ABDEEC00A10EE103A694600200B
:1040F00007904860086047F2B060C2F200004FF4D9
:1041000000710691FDF73CFA05980699079B90ED22
:10411000A90ABDEEC00A10EE102A6846426003608C
:1041200047F24C60C2F200001A46FDF729FA1BE084
:104130006846002304934360036047F2B060C2F214
:1041400000004FF4007103911A46FDF719FA039924
:10415000049B68464360036047F24C60C2F2000073
:104160001A46FDF70DFAFFE701200AF02BF849E6A1
:10417000000000000000FA430000964300007A4669
:1041800000803B460000C842F1F0E8422EE34D3B80
:1041900045F2A830C2F20000408900EE100AB8EEE5
:1041A000400A46F67860C2F2000080ED000A7047CF
:1041B00080B582B00190FDF70FF900208DF8030063
:1041C000FFE744F6E040C2F2000000F58C709FED7E
:1041D0000C0AFDF72FFC9DF8030001308DF8030059
:1041E0009DF80300032806DBFFE7FFF7CBF800206C
:1041F0008DF80300FFE7052009F0E4FFE1E700BFC9
:104200009A99993E82B080B582B00593049201904C
:10421000009145F2D062C2F2000204A81060019839
:10422000009912680BF01EFB02B0BDE8804002B09E
:104230007047000080B545F2BD30C2F200004089F1
:1042400038B9FFE745F2D461C2F2000100200870DE
:104250000BE045F28420C2F2000090F83E0045F2E7
:10426000D461C2F200010870FFE745F2BD30C2F22E
:104270000000807A45F2D462C2F20002907045F2EA
:10428000A830C2F20000007A507047F2E850C2F243
:1042900000003021EDF782FC80BD000081B000906D
:1042A000009908684A6845F2D761C2F200014A6085
:1042B0000860B1F8010000EE100AB8EEC00A9FEDE8
:1042C000111A80EE010A45F28420C2F2000080ED4E
:1042D000100AB1F8032000EE102AB8EEC00AB2EEC0
:1042E000041A80EE010A80ED110AB1F8051000EE03
:1042F000101AB8EEC00A80EE010A80ED120A01B071
:10430000704700BF0000C84280B582B04FF0500037
:1043100080F31188BFF36F8FBFF34F8F00900BF0C6
:10432000F9F840B1FFE74EF60451CEF200014FF02C
:1043300080500860FFE700200190019880F3118809
:1043400002B080BD80B500F001F880BD80B594B0AA
:1043500006A800903821EBF7A5FF002005900490F7
:10436000039002900190F5F7F1FA0098212106914F
:104370004FF48031079101210C9102210D9103220C
:104380000E920F92552210921191082212921391BF
:10439000F6F7BCF818B1FFE7EFF796F9FFE70F2043
:1043A000019003200290002003900490059001A842
:1043B0000421F5F741FE18B1FFE7EFF785F9FFE7B4
:1043C00014B080BD4EF68851CEF20001086840F46A
:1043D000700008607047000080B547F6E030C2F218
:1043E0000000F7F76DFC80BD83B002900191029848
:1043F00000680090029842F60041C4F20101884230
:104400002DD0FFE70298B0F1804F28D0FFE7029847
:1044100040F20041C4F20001884220D0FFE7029838
:1044200040F60001C4F20001884218D0FFE702986C
:1044300040F60041C4F20001884210D0FFE7029824
:1044400043F20041C4F20101884208D0FFE702981C
:1044500045F20001C4F2010188420AD1FFE7009849
:1044600020F0700000900198416800980843009087
:10447000FFE7029842F60041C4F20101884245D0AC
:10448000FFE70298B0F1804F40D0FFE7029840F27A
:104490000041C4F20001884238D0FFE7029840F69C
:1044A0000001C4F20001884230D0FFE7029840F6D4
:1044B0000041C4F20001884228D0FFE7029843F28D
:1044C0000041C4F20101884220D0FFE7029844F283
:1044D0000001C4F20101884218D0FFE7029844F2BB
:1044E0000041C4F20101884210D0FFE7029844F66F
:1044F0000001C4F20101884208D0FFE7029845F2AA
:104500000001C4F2010188420AD1FFE7009820F4BB
:10451000407000900198C168009808430090FFE740
:10452000009820F0800001994969084300900198A3
:1045300080680299C86201980068029988620298AE
:1045400042F60041C4F20101884228D0FFE70298F8
:1045500043F20041C4F20101884220D0FFE70298F3
:1045600044F20001C4F20101884218D0FFE702982A
:1045700044F20041C4F20101884210D0FFE70298E2
:1045800044F60001C4F20101884208D0FFE7029816
:1045900045F20001C4F20101884205D1FFE701980C
:1045A000006902990863FFE70299086840F0040077
:1045B000086002990120486100980299086003B0E0
:1045C0007047000084B0039002910192029800F0BD
:1045D0001F01012088400090009A0399086A9043C7
:1045E00008620198029901F01F0100FA01F2039993
:1045F000086A1043086204B07047000085B0049058
:10460000039102920193049880680090009820F42E
:104610007F40009003980299019A41EA02210143E8
:1046200000980843009000980499886005B070478E
:1046300083B00290019102988068009000984FF634
:104640008F71CFF6CF710840009001980099084310
:1046500040F00700009000980299886003B070470E
:1046600085B0049003910498006A01900499086A47
:1046700020F0010008620498406800900498806966
:10468000029002984FF68F71CFF6FE7108400290AB
:10469000029820F0030002900398016802980843F2
:1046A0000290019820F0020001900398816801981F
:1046B00008430190049842F60041C4F20101884287
:1046C00028D0FFE7049843F20041C4F20101884278
:1046D00020D0FFE7049844F20001C4F201018842AF
:1046E00018D0FFE7049844F20041C4F20101884267
:1046F00010D0FFE7049844F60001C4F2010188429B
:1047000008D0FFE7049845F20001C4F20101884295
:104710000FD1FFE70499086A20F0040008620198AD
:1047200020F0080001900398C168019808430190A7
:10473000FFE7049842F60041C4F20101884228D004
:10474000FFE7049843F20041C4F20101884220D0FF
:10475000FFE7049844F20001C4F20101884218D036
:10476000FFE7049844F20041C4F20101884210D0EE
:10477000FFE7049844F60001C4F20101884208D022
:10478000FFE7049845F20001C4F20101884213D109
:10479000FFE7009820F480700090009820F40070EB
:1047A000009003984169009808430090039881693C
:1047B000009808430090FFE7009804994860029829
:1047C00004998861039840680499486301980499A2
:1047D000086205B07047000085B00490039104980A
:1047E000006A01900499086A20F010000862049899
:1047F00040680090049880690290029848F6FF7122
:10480000CFF6FF6108400290029820F440700290B9
:1048100003980168029840EA01200290019820F074
:104820002000019003988168019840EA01100190EE
:10483000049842F60041C4F20101884231D0FFE7FA
:10484000049843F20041C4F20101884229D0FFE7F5
:10485000049844F20001C4F20101884203D1FFE749
:104860000020F0B9FFE7049844F20041C4F20101CE
:10487000884203D1FFE7002098B9FFE7049844F687
:104880000001C4F20101884203D1FFE7002040B9D2
:10489000FFE7049845F20001C4F20101884210D1FB
:1048A000FFE70499086A20F040000862019820F0B0
:1048B000800001900398C168019840EA01100190BE
:1048C000FFE7049842F60041C4F20101884228D073
:1048D000FFE7049843F20041C4F20101884220D06E
:1048E000FFE7049844F20001C4F20101884218D0A5
:1048F000FFE7049844F20041C4F20101884210D05D
:10490000FFE7049844F60001C4F20101884208D090
:10491000FFE7049845F20001C4F20101884215D175
:10492000FFE7009820F480600090009820F4006079
:10493000009003984169009840EA81000090039834
:104940008169009840EA81000090FFE7009804998F
:1049500048600298049988610398406804998863C4
:1049600001980499086205B07047000085B0049072
:1049700003910498006A01900499086A20F48070F9
:1049800008620498406800900498C06902900298F8
:104990004FF68F71CFF6FE7108400290029820F01A
:1049A000030002900398016802980843029001985E
:1049B00020F40070019003988168019840EA01207A
:1049C0000190049842F60041C4F20101884231D0BE
:1049D000FFE7049843F20041C4F20101884229D064
:1049E000FFE7049844F20001C4F20101884203D1B8
:1049F000FFE70020F0B9FFE7049844F20041C4F259
:104A00000101884203D1FFE7002098B9FFE704982D
:104A100044F60001C4F20101884203D1FFE70020FF
:104A200040B9FFE7049845F20001C4F20101884251
:104A300010D1FFE70499086A20F4806008620198A9
:104A400020F4006001900398C168019840EA0120B9
:104A50000190FFE7049842F60041C4F20101884248
:104A600028D0FFE7049843F20041C4F201018842D4
:104A700020D0FFE7049844F20001C4F2010188420B
:104A800018D0FFE7049844F20041C4F201018842C3
:104A900010D0FFE7049844F60001C4F201018842F7
:104AA00008D0FFE7049845F20001C4F201018842F2
:104AB00015D1FFE7009820F480500090009820F472
:104AC0000050009003984169009840EA011000905E
:104AD00003988169009840EA01100090FFE7009870
:104AE0000499486002980499C86103984068049941
:104AF000C86301980499086205B0704785B00490B6
:104B000003910498006A01900499086A20F4805087
:104B100008620498406800900498C0690290029866
:104B200048F6FF71CFF6FF6108400290029820F42A
:104B30004070029003980168029840EA01200290B8
:104B4000019820F40050019003988168019840EA90
:104B500001300190049842F60041C4F201018842FC
:104B600031D0FFE7049843F20041C4F201018842CA
:104B700029D0FFE7049844F20001C4F20101884201
:104B800003D1FFE70020F0B9FFE7049844F20041A9
:104B9000C4F20101884203D1FFE7002098B9FFE782
:104BA000049844F60001C4F20101884203D1FFE7F2
:104BB000002040B9FFE7049845F20001C4F201016A
:104BC000884210D1FFE70499086A20F48040086207
:104BD000019820F4004001900398C168019840EAD0
:104BE00001300190FFE7049842F60041C4F2010150
:104BF000884228D0FFE7049843F20041C4F2010143
:104C0000884220D0FFE7049844F20001C4F2010179
:104C1000884218D0FFE7049844F20041C4F2010131
:104C2000884210D0FFE7049844F60001C4F2010165
:104C3000884208D0FFE7049845F20001C4F2010160
:104C4000884215D1FFE7009820F48040009000983A
:104C500020F40040009003984169009840EA8110D8
:104C6000009003988169009840EA81100090FFE766
:104C700000980499486002980499C86103984068B4
:104C80000499086401980499086205B0704700000F
:104C900085B0049003910498006A01900499086A11
:104CA00020F4803008620498406800900498006DF9
:104CB000029002984FF68F71CFF6FE710840029075
:104CC00003980168029808430290019820F400308C
:104CD000019003988168019840EA0140019004988E
:104CE00042F60041C4F20101884228D0FFE704984F
:104CF00043F20041C4F20101884220D0FFE704984A
:104D000044F20001C4F20101884218D0FFE7049880
:104D100044F20041C4F20101884210D0FFE7049838
:104D200044F60001C4F20101884208D0FFE704986C
:104D300045F20001C4F2010188420BD1FFE700985F
:104D400020F48030009003984169009840EA0120E7
:104D50000090FFE70098049948600298049908655C
:104D6000039840680499886401980499086205B022
:104D70007047000085B0049003910498006A019088
:104D80000499086A20F48010086204984068009032
:104D90000498006D0290029848F6FF71CFF6FF610B
:104DA0000840029003980168029840EA01200290AE
:104DB000019820F40010019003988168019840EA5E
:104DC00001500190049842F60041C4F2010188426A
:104DD00028D0FFE7049843F20041C4F20101884261
:104DE00020D0FFE7049844F20001C4F20101884298
:104DF00018D0FFE7049844F20041C4F20101884250
:104E000010D0FFE7049844F60001C4F20101884283
:104E100008D0FFE7049845F20001C4F2010188427E
:104E20000BD1FFE7009820F480200090039841699F
:104E3000009840EA81200090FFE7009804994860BC
:104E4000029804990865039840680499C864019819
:104E50000499086205B0704785B0049003910292EE
:104E60000498006A00900499086A20F00100086222
:104E7000049842F60041C4F20101884228D0FFE7BD
:104E8000049843F20041C4F20101884220D0FFE7B8
:104E9000049844F20001C4F20101884218D0FFE7EF
:104EA000049844F20041C4F20101884210D0FFE7A7
:104EB000049844F60001C4F20101884208D0FFE7DB
:104EC000049845F20001C4F20101884206D1FFE7CF
:104ED0000499086A20F004000862FFE704988069DA
:104EE0000190019820F0F00001900299019840EAA9
:104EF00001100190009820F00A000090039900989A
:104F00000843009001980499886100980499086208
:104F100005B0704785B00490039102920498006A2E
:104F200000900499086A20F010000862049842F684
:104F30000041C4F20101884231D0FFE7049843F2F6
:104F40000041C4F20101884229D0FFE7049844F2ED
:104F50000001C4F20101884203D1FFE70020F0B94B
:104F6000FFE7049844F20041C4F20101884203D1F2
:104F7000FFE7002098B9FFE7049844F60001C4F267
:104F80000101884203D1FFE7002040B9FFE7049800
:104F900045F20001C4F20101884206D1FFE70499FD
:104FA000086A20F040000862FFE7049880690190D9
:104FB000019820F4704001900299019840EA013074
:104FC0000190009820F0A00000900399009840EA1A
:104FD0000110009001980499886100980499086272
:104FE00005B070470000000080B5A6B025908DED9B
:104FF000240A239146F68061C2F20001189148F21A
:105000003F20C3F6806048604FF00040086023985E
:1050100090ED0A0A9FED9C1A20EE010A9FED9B1A63
:1050200080EE010A10EE100AEBF75FFB41EC100B6B
:1050300046F68860C2F200000F9080ED000B2398C6
:1050400090ED0A1A9FED920A21EE000A20EE010A65
:105050009FED901A30EE010A9DED241A30EE410AC0
:1050600010EE100AEBF741FB024618980B460F9919
:1050700043EC102B46F69062C2F20002109282EDD1
:10508000000B91ED000B8DED020B90ED000B51EC40
:10509000100B9FED7B0B53EC102B0E930D92EBF747
:1050A000D2F90246109801920A46019942EC111B6E
:1050B00090ED000B51EC110B53EC102BEBF7C3F9F7
:1050C0009DED020B41EC110B8DED041B53EC102BED
:1050D0000893079210461946EBF7B5F99DED040BBE
:1050E00053EC102B41EC100B51EC100BEBF7A5F926
:1050F00041EC100B0AF010FF079A089B51EC100BC3
:10510000EBF79BF90246189809920A46099942EC76
:10511000101B8DED0A0B90ED000B53EC102B10467D
:105120001946EBF7E9F89DED0A1B41EC100B51EC29
:10513000110B53EC102BEBF7F8F90D9A0E9B8446EC
:1051400018988E460F994EEC10CB44F6884CC2F25C
:10515000000CCDF874C08CED000B91ED000B8DEDC3
:10516000120B8DED200B9DF8871081F080018DF8DA
:105170008710209916912199179190ED000B51EC11
:10518000100BEBF760F90246109811920A4611993C
:1051900042EC111B90ED000B51EC110B53EC102B5A
:1051A000EBF751F99DED120B41EC110B8DED141B3A
:1051B00053EC102B10461946EBF745F99DED140BF7
:1051C00053EC102B41EC100B51EC100BEBF735F9B5
:1051D00041EC100B0AF0A0FE1698179953EC102B17
:1051E000EBF72BF90246189819920A46199942ECE6
:1051F000101B8DED1A0B90ED000B53EC102B10468D
:105200001946EBF779F89DED1A1B41EC100B51ECA8
:10521000110B53EC102BEBF788F902461D981C92EA
:105220000A461C9942EC101B80ED020B90ED000B1E
:1052300051EC100BEBF76CFA01461D98259A1160A2
:1052400090ED020B51EC100BEBF762FA25994860D8
:1052500025989FED110A8DED1E0ADFED100ACDEDA8
:105260001F0AFBF74FF89DED1E0ADDED1F0A25987A
:105270000430FBF747F826B080BD00BF00BF00BF79
:10528000000000000000104028F99F37CDCC1841E5
:10529000C3031C348D97824000007A4600007AC612
:1052A00082B001908DF80310019A9DF803004C2103
:1052B00010FB012090ED790AB5EE400AF1EE10FAEC
:1052C0000FDDFFE79DF8031045F23470C2F20000D5
:1052D00050F83100019B4C2211FB0231C1F8E4016E
:1052E0000FE09DF8031045F23470C2F2000000EBAD
:1052F000C1004068019B4C2211FB0231C1F8E4015E
:10530000FFE702B07047000045F21840C2F200000B
:1053100090EDA90AB0EEC00A9FED4C1AB4EE410A16
:10532000F1EE10FA25DDFFE744F6E040C2F200009E
:10533000D0F8E80120F0004000EE100A9FED441A7A
:10534000B4EE410AF1EE10FA13DAFFE745F2184025
:10535000C2F2000090F8A80250B9FFE745F21841E8
:10536000C2F20001B1F8AA020130A1F8AA02FFE7D7
:1053700007E045F21841C2F200010020A1F8AA029C
:10538000FFE745F21840C2F20000B0F8AA02B0F5FB
:10539000967F0DDBFFE745F21841C2F200010120C4
:1053A00081F8A8020020A1F8AC02A1F8AA02FFE748
:1053B00045F21840C2F2000090F8A802002843D03D
:1053C000FFE745F21840C2F20000B0F8AC02012835
:1053D0001BD1FFE744F6E040C2F20000D0F8D00154
:1053E00000EE100A9FED1B1A80EE010A45F21840EC
:1053F000C2F2000080ED100A90ED100A9FED161A1F
:1054000030EE010A80ED100AFFE745F21840C2F2C3
:105410000000B0F8AC02B0F5967F0ADAFFE745F27B
:105420001841C2F20001B1F8AC020130A1F8AC029F
:1054300009E045F21841C2F20001002081F8A802FB
:10544000A1F8AC02FFE7FFE7704700BF00C05A4673
:105450000000C842F1F0E842010040C180B547F6C3
:105460008060C2F20000F7F735FC80BD80B547F6DA
:105470001470C2F20000F7F72DFC80BD82B00190DD
:105480000198406E40B9FFE701990120A1F86A0038
:105490000199A1F8680032E008208DF803008DF82A
:1054A0000200019800688068C0F342608DF8010036
:1054B000019800688068400F8DF800009DF8020098
:1054C0009DF8002041F2B073C0F60203995C484396
:1054D00041F2A871C0F602018A5CB0FBF2F0019AB9
:1054E000A2F86A009DF803009DF801209B5C5843D8
:1054F000895CB0FBF1F00199A1F86800FFE702B008
:105500007047000081B00090009890F828000007D4
:1055100000280BD5FFE700980068406820F40040A1
:10552000009A1168926B10434860FFE7009890F86A
:105530002800C00758B1FFE700980068406820F4D1
:105540000030009A1168D26A10434860FFE7009863
:1055500090F82800800700280BD5FFE70098006826
:10556000406820F48030009A1168126B1043486044
:10557000FFE7009890F82800400700280BD5FFE7C8
:1055800000980068406820F48020009A1168526BEF
:1055900010434860FFE7009890F82800C0060028F4
:1055A0000BD5FFE700980068806820F48050009ACF
:1055B0001168D26B10438860FFE7009890F82800CC
:1055C000800600280BD5FFE700980068806820F46B
:1055D0000050009A1168126C10438860FFE7009831
:1055E00090F82800400600281CD5FFE700980068C6
:1055F000406820F48010009A1168526C1043486093
:105600000098406CB0F5801F0BD1FFE70098006850
:10561000406820F4C000009A1168926C1043486002
:10562000FFE7FFE7009890F82800000600280BD558
:10563000FFE700980068406820F40020009A116895
:10564000D26C10434860FFE701B0704780B588B066
:10565000069006990020C1F89000F2F781FB0590B2
:10566000069800680068000700282FD5FFE7069815
:10567000059B6A466FF07E4111604FF400110022D5
:1056800000F024FF08B3FFE7FFE7FFE70698006894
:1056900050E8000F20F080000490FFE7049906987E
:1056A000026842E800100028F0D1FFE7FFE7069902
:1056B0002020C1F88800FFE70699002081F88400C7
:1056C000FFE703208DF81F005FE0FFE70698006802
:1056D00000684007002842D5FFE70698059B6A4608
:1056E0006FF07E4111604FF48001002200F0EEFE69
:1056F000A0B3FFE7FFE7FFE70698006850E8000F58
:1057000020F490700390FFE703990698026842E83E
:1057100000100028F0D1FFE7FFE7FFE7FFE706985A
:10572000006850E8020F20F001000290FFE70299A4
:105730000698026842E802100028F0D1FFE7FFE770
:1057400006992020C1F88C00FFE70699002081F817
:105750008400FFE703208DF81F0016E0FFE706999D
:105760002020C1F888000699C1F88C000699002015
:10577000C86606990867FFE70699002081F884004B
:10578000FFE700208DF81F00FFE79DF81F0008B01D
:1057900080BD000080B582B001900198806A0090C1
:1057A0000098F7F7FBF902B080BD000080B584B027
:1057B00003900398806A02900298D0F888000190C4
:1057C0000298D0F88C00009002980068806800066B
:1057D000002808D5FFE70198212804D1FFE70298A7
:1057E00000F05EF9FFE70298006880684006002834
:1057F00008D5FFE70098222804D1FFE7029800F0BF
:10580000DDF8FFE70299D1F8900040F01000C1F8F0
:1058100090000298F7F7C2F904B080BD80B588B057
:1058200007900798806A06900798006800688006CD
:1058300000285BD4FFE706990020A1F85E00FFE78F
:10584000FFE70698006850E8000F20F4807005908C
:10585000FFE705990698026842E800100028F0D199
:10586000FFE7FFE7FFE7FFE70698006850E8020F51
:1058700020F001000490FFE704990698026842E8CE
:1058800002100028F0D1FFE7FFE7FFE7FFE70698E7
:10589000006850E8020F20F040000390FFE70399F2
:1058A0000698026842E802100028F0D1FFE7FFE7FF
:1058B00006992020C1F88C000698C06E012814D1EA
:1058C000FFE7FFE7FFE70698006850E8000F20F0C9
:1058D00010000290FFE702990698026842E8001063
:1058E0000028F0D1FFE7FFE7FFE7FFE70699002078
:1058F00008670698C06E012821D1FFE706990020AD
:10590000A1F85E00079800684068ADF80600BDF891
:1059100006000699B1F85C10884206DAFFE7BDF888
:1059200006000699A1F85E00FFE70698B0F85C1043
:10593000B0F85E20891A89B2F6F7F2FF03E0069804
:10594000F8F79EF8FFE708B080BD000080B584B08E
:1059500003900398806A02900299012008670298D8
:10596000C06E012823D1FFE70299B1F85C0040081E
:10597000A1F85E00039800684068ADF80600BDF825
:1059800006000299B1F85C10884206DCFFE7BDF81A
:1059900006000299A1F85E00FFE70298B0F85C10DB
:1059A000B0F85E20891A89B2F6F7BAFF03E00298D0
:1059B000F8F76AF8FFE704B080BD000084B00390F8
:1059C000FFE7FFE70398006850E8000F20F49070AD
:1059D0000290FFE702990398026842E8001000284D
:1059E000F0D1FFE7FFE7FFE7FFE70398006850E823
:1059F000020F4FF6FE71CEF6FF7108400190FFE7EF
:105A000001990398026842E802100028EDD1FFE7EF
:105A1000FFE70398C06E012814D1FFE7FFE7FFE717
:105A20000398006850E8000F20F010000090FFE796
:105A300000990398026842E800100028F0D1FFE7BF
:105A4000FFE7FFE703992020C1F88C0003990020AD
:105A5000C8660399486704B07047000080B582B0FB
:105A60000190FFE7FFE70198006850E8000F20F081
:105A700040000090FFE700990198026842E800109A
:105A80000028F0D1FFE7FFE701992020C1F8880046
:105A90000199002088670198F8F73CF902B080BDB1
:105AA00083B00290FFE7FFE70298006850E8000F1C
:105AB00020F0C0000190FFE701990298026842E8D7
:105AC00000100028F0D1FFE7FFE7FFE7FFE70298AB
:105AD000006850E8020F20F400000090FFE70099F2
:105AE0000298026842E802100028F0D1FFE7FFE7C1
:105AF00002992020C1F8880003B0704780B592B0A9
:105B0000119000208DF837001198006848F20001CC
:105B1000C4F20001884201D1FFE700E0FFE71199DC
:105B200088680B694A69C969184310430843109093
:105B300011980068006846F6F311CCF6FF71084032
:105B40001099084311990968086011980068406825
:105B500020F44050119A1168D2681043486011989F
:105B6000806910901198006848F20001C4F20001A9
:105B7000884206D0FFE71198016A109808431090F8
:105B8000FFE71198006880684FF2FF41C1F2FF11F2
:105B900008401099084311990968886011980068B5
:105BA000C06A20F00F00119A1168526A1043C8624F
:105BB000FFE71198006843F60001C4F20101884232
:105BC00025D1FFE741F28800C4F20200006800F02E
:105BD000030001460A91032814D80A99DFE801F06E
:105BE000020A060E01208DF83D000FE002208DF81C
:105BF0003D000BE004208DF83D0007E008208DF803
:105C00003D0003E010208DF83D00FFE715E11198FD
:105C1000006844F20041C4F2000188422AD1FFE743
:105C200041F28800C4F20200006800F00C00014656
:105C300009910C2819D80999DFE801F007171717FF
:105C40000F1717170B171717130000208DF83D00BB
:105C50000FE002208DF83D000BE004208DF83D00A0
:105C600007E008208DF83D0003E010208DF83D008E
:105C7000FFE7E1E01198006844F60001C4F200017A
:105C800088422CD1FFE741F28800C4F2020000688C
:105C900000F030000146089160B1FFE70898102835
:105CA00010D0FFE70898202808D0FFE70898302890
:105CB0000CD00FE000208DF83D000FE002208DF8A1
:105CC0003D000BE004208DF83D0007E008208DF832
:105CD0003D0003E010208DF83D00FFE7ABE0119898
:105CE000006844F60041C4F2000188422CD1FFE76D
:105CF00041F28800C4F20200006800F0C0000146D2
:105D0000079160B1FFE70798402810D0FFE7079898
:105D1000802808D0FFE70798C0280CD00FE00020AB
:105D20008DF83D000FE002208DF83D000BE00420CF
:105D30008DF83D0007E008208DF83D0003E01020BD
:105D40008DF83D00FFE775E01198006845F200010D
:105D5000C4F2000188422FD1FFE741F28800C4F26B
:105D60000200006800F440700146069178B1FFE738
:105D70000698B0F5807F12D0FFE70698B0F5007F57
:105D800009D0FFE70698B0F5407F0CD00FE0002067
:105D90008DF83D000FE002208DF83D000BE004205F
:105DA0008DF83D0007E008208DF83D0003E010204D
:105DB0008DF83D00FFE73CE01198006848F20001D3
:105DC000C4F2000188422FD1FFE741F28800C4F2FB
:105DD0000200006800F440600146059178B1FFE7D9
:105DE0000598B0F5806F12D0FFE70598B0F5006F09
:105DF00009D0FFE70598B0F5406F0CD00FE0002008
:105E00008DF83D000FE002208DF83D000BE00420EE
:105E10008DF83D0007E008208DF83D0003E01020DC
:105E20008DF83D00FFE703E010208DF83D00FFE70F
:105E3000FFE7FFE7FFE7FFE7FFE7FFE711980068ED
:105E400048F20001C4F20001884240F07E80FFE782
:105E50009DF83D0001460491082819D80499DFE80F
:105E600001F0051709170F1717171300F4F7A8FA11
:105E70000B9013E042F20040C0F2F4000B900DE0F2
:105E8000F4F7C6FA0B9009E04FF400400B9005E0E0
:105E900000200B9001208DF83700FFE70B980028B9
:105EA00052D0FFE70B9811994A6A41F2B871C0F6D7
:105EB000020131F81210B0FBF1F00C900C9811991E
:105EC000496801EB4101884207D3FFE70C9811991B
:105ED0004968B0EB013F04D9FFE701208DF8370096
:105EE00031E00B9811994A6802924A6A41F2B871FE
:105EF000C0F6020131F81220002303931946EAF795
:105F000087F9029A039B090241EA1061000210EB33
:105F1000520041F10001EAF77BF90E900E98B0F5BE
:105F2000407F0BD3FFE70E990020B0EB115F05D146
:105F3000FFE70E9811990968C86003E001208DF809
:105F40003700FFE7FFE7FFE7B9E01198C069B0F558
:105F5000004F61D1FFE79DF83D00014601910828FF
:105F60001DD80199DFE801F005090D1B131B1B1B50
:105F70001700F4F725FA0B9017E0F4F735FA0B90B9
:105F800013E042F20040C0F2F4000B900DE0F4F791
:105F90003FFA0B9009E04FF400400B9005E0002021
:105FA0000B9001208DF83700FFE70B9898B3FFE7BF
:105FB0000B98119A5168536A41F2B872C0F6020206
:105FC00032F81320B0FBF2F0400000EB5100B0FBC0
:105FD000F1F00E900E98102818D3FFE7BDF83A00A4
:105FE000A0B9FFE70E9820F00F00ADF83E000E9824
:105FF00000F00E01BDF83E0040EA5100ADF83E0051
:10600000BDF83E0011990968C86003E001208DF8D1
:106010003700FFE7FFE751E09DF83D0001460091A2
:1060200008281DD80099DFE801F005090D1B131B96
:106030001B1B1700F4F7C4F90B9017E0F4F7D4F921
:106040000B9013E042F20040C0F2F4000B900DE020
:10605000F4F7DEF90B9009E04FF400400B9005E0F7
:1060600000200B9001208DF83700FFE70B9820B33C
:10607000FFE70B98119A5168536A41F2B872C0F663
:10608000020232F81320B0FBF2F000EB5100B0FB3B
:10609000F1F00E900E9810280AD3FFE7BDF83A00F1
:1060A00030B9FFE7BDF8380011990968C86003E00E
:1060B00001208DF83700FFE7FFE7FFE7FFE71199C1
:1060C0000120A1F86A001199A1F868001199002037
:1060D0004867119988679DF8370012B080BD0000AD
:1060E00080B588B006900591ADF812200598069904
:1060F0008865BDF812000699A1F85C000699002099
:10610000C1F8900006992220C1F88C000698D0F8BA
:106110008000B0B3FFE70698D0F8801045F61D0068
:10612000C0F60100C8620698D0F8801045F64D1000
:10613000C0F6010008630698D0F8801045F2AD70F3
:10614000C0F6010048630698D0F8801000208863EC
:1061500006980168826DD0F880002431BDF81230B5
:10616000F0F7CCF860B1FFE706991020C1F8900075
:1061700006992020C1F88C0001208DF81F0042E014
:10618000FFE706980069A0B1FFE7FFE7FFE7069881
:10619000006850E8000F40F480700390FFE7039917
:1061A0000698026842E800100028F0D1FFE7FFE7F8
:1061B000FFE7FFE7FFE70698006850E8020F40F0AE
:1061C00001000290FFE702990698026842E8021077
:1061D0000028F0D1FFE7FFE7FFE7FFE70698006838
:1061E00050E8020F40F040000190FFE70199069847
:1061F000026842E802100028F0D1FFE7FFE7002024
:106200008DF81F00FFE79DF81F0008B080BD00005B
:1062100084B003900398D0F88800212842D1FFE78A
:106220000398B0F8560038BBFFE7FFE7FFE7039895
:10623000006850E8000F20F080000190FFE701990E
:106240000398026842E800100028F0D1FFE7FFE75A
:10625000FFE7FFE70398006850E8000F40F04000B8
:106260000090FFE700990398026842E800100028B8
:10627000F0D1FFE7FFE714E00398006D0290029869
:1062800000886FF35F200399096888620399086D9D
:10629000023008650399B1F856000138A1F856009C
:1062A000FFE7FFE704B0704785B004900498D0F88A
:1062B000880021285DD1FFE70498B0F86A00ADF8A6
:1062C0000A00FFE7BDF80A00002851D0FFE7049854
:1062D000B0F8560038BBFFE7FFE7FFE70498006817
:1062E00050E8020F20F400000190FFE701990498A4
:1062F000026842E802100028F0D1FFE7FFE7FFE75D
:10630000FFE70498006850E8000F40F0400000905C
:10631000FFE700990498026842E800100028F0D1D5
:10632000FFE7FFE724E004980068C0690006002842
:1063300015D5FFE70498006D0390039800886FF36C
:106340005F200499096888620499086D0230086525
:106350000499B1F856000138A1F8560000E0FFE7B3
:10636000FFE7FFE7BDF80A000138ADF80A00A9E72A
:10637000FFE705B07047000083B002900298D0F8A4
:10638000880021283DD1FFE70298B0F8560038BBBD
:10639000FFE7FFE7FFE70298006850E8000F20F0F2
:1063A00080000190FFE701990298026842E800101E
:1063B0000028F0D1FFE7FFE7FFE7FFE7029800685A
:1063C00050E8000F40F040000090FFE7009902986D
:1063D000026842E800100028F0D1FFE7FFE70FE075
:1063E00002980168006D007888620299086D01309A
:1063F00008650299B1F856000138A1F85600FFE788
:10640000FFE703B07047000084B003900398D0F812
:106410008800212858D1FFE70398B0F86A00ADF84A
:106420000A00FFE7BDF80A0000284CD0FFE70398F8
:10643000B0F8560038BBFFE7FFE7FFE703980068B6
:1064400050E8020F20F400000190FFE70199039843
:10645000026842E802100028F0D1FFE7FFE7FFE7FB
:10646000FFE70398006850E8000F40F040000090FC
:10647000FFE700990398026842E800100028F0D175
:10648000FFE7FFE71FE003980068C06900060028E7
:1064900010D5FFE703980168006D007888620399C2
:1064A000086D013008650399B1F856000138A1F86C
:1064B000560000E0FFE7FFE7FFE7BDF80A000138FC
:1064C000ADF80A00AEE7FFE704B0704780B586B0CC
:1064D000DDF820C0049003918DF80B200193FFE7B5
:1064E00004980068C06903990840401AB0FA80F027
:1064F00040099DF80B10884266D1FFE708980130EB
:10650000002860D0FFE7F1F72BFC0199401A0899A9
:10651000884203D8FFE7089820B9FFE703208DF8E9
:10652000170055E00498006800684007002849D526
:10653000FFE70398802845D0FFE70398402841D023
:10654000FFE704980068C06900F008010120B0EB83
:10655000D10F16D1FFE70498016808200090086267
:106560000498FFF72BFA00980499C1F89000FFE710
:106570000499002081F88400FFE701208DF81700BE
:1065800026E004980068C06900F400610120B0EBC7
:10659000D12F16D1FFE7049801684FF4006008621C
:1065A0000498FFF70BFA04992020C1F89000FFE748
:1065B0000499002081F88400FFE703208DF817007C
:1065C00006E0FFE7FFE78BE700208DF81700FFE705
:1065D0009DF8170006B080BD80B508F0E3FA08F01A
:1065E000EDFA80BD0000000070B59AB01990FFE789
:1065F00045F2BD30C2F20000007828B9FFE74FF441
:106600007A7007F0DFFDF3E745F2BD30C2F200001B
:10661000007845F65811C2F200010860FFF7DCFF70
:10662000FFE745F2BD30C2F20000007845F6581190
:10663000C2F20001086045F28420C2F2000090F826
:106640004C0020B1FFE7FFF7C7FF00F09CBD44F608
:106650004440C2F2000090ED020ABDEEC00A10EE06
:10666000100A45F65C11C2F200011791087145F25B
:106670008420C2F20000169090ED060AB1EE400AA6
:10668000BDEEC00A10EE102A0A8090ED0D0ABDEE94
:10669000C00A10EE102A4A8090F83900487144F67A
:1066A000E040C2F200001490D0F8780100EE100A29
:1066B0009FED2D1A8DED131A20EE010A10EE100A2F
:1066C000EAF713F841EC100B51EC100B9FED280B7F
:1066D00052EC103BD20F159262F3DF7141EC100BBC
:1066E00051EC100BE9F7C9FF9DED131A179A0146FB
:1066F00014989171D0F8B00100EE100A20EE010A52
:1067000010EE100AE9F7F1FF159A41EC100B51EC6D
:10671000100B62F3DF7141EC100B51EC100BE9F739
:10672000ACFF169902461798C27145F27632C2F252
:1067300000025288828191F83E2080F8202091ED5D
:10674000100AB9EE081A30EE010AB3EE041A80EE10
:10675000010A80ED090A90ED090AB5EE400AF1EE52
:1067600010FA24DA1CE000BF2EE34D3B00BF00BF4F
:106770000000000000000000EE87103ADB0F4940E7
:106780000000B44300BF00BF0000000000C0624032
:1067900000000000008499400000000000F88540DF
:1067A00045F65C11C2F2000100204862FFE744F6A2
:1067B000E040C2F200000790806A00EE100A1FED70
:1067C000121A8DED061A20EE010A10EE100AE9F7F2
:1067D0008CFF41EC100B51EC100B1FED1B0B52EC1E
:1067E000103BD20F089262F3DF7141EC100B51ECB9
:1067F000100BE9F78DFF9DED061A0146079845F647
:106800005C12C2F2000211921161006E00EE100AD9
:1068100020EE010A10EE100AE9F767FF089A41EC32
:10682000100B51EC100B62F3DF7141EC100B51ECCB
:10683000100BE9F76DFF9DED061A119A01460798B6
:106840005161D0F8980000EE100A20EE010A10EE17
:10685000100AE9F74AFF089A41EC100B51EC100BB3
:1068600062F3DF7141EC100B51EC100BE9F750FFB4
:106870009DED061A119A014607989161D0F8D00053
:1068800000EE100A20EE010A10EE100AE9F72DFFC3
:10689000089A41EC100B51EC100B62F3DF7141ECE4
:1068A000100B51EC100BE9F733FF01461198C16151
:1068B00045F28421C2F2000191F83B20827391F8E5
:1068C0003A1080F8281090F9041001F5877C40F206
:1068D0008041C2F200010B68D3F803206FF35F2CF4
:1068E0006FF3963242EA8C32C3F8032090F90430F9
:1068F0000A68D2F803106FF3DF5141EAC351A1F1E6
:10690000F141C2F8031090F9041040F28442C2F23F
:1069100000021268C2F80B10B0F90200503000EE0D
:10692000100AB8EEC00A30EE000A1FED6C1A8DEDA9
:106930000B1A20EE010A1FED6E1A8DED0C1A80EE77
:10694000010A10EE100AE9F7D0FE41EC100B09F035
:1069500053F851EC100B1FED740B53EC102B0E93EE
:106960000D92E9F770FD41EC100B51EC100B1FED8F
:10697000780B53EC102B0A930992E9F7BDFC41EC1C
:10698000100B51EC100BE9F797FE9DED0B2A9DEDD6
:106990000C1A0346119840F25441C2F200011291C0
:1069A0000A68D2F807106FF3DF236FF3942141EAEE
:1069B0008321C2F80710B0F90200503000EE100A2F
:1069C000B8EEC00A30EE000A20EE020A80EE010A9C
:1069D00010EE100AE9F789FE41EC100B09F070F98E
:1069E0000D9A0E9B51EC100BE9F72DFD41EC100BAD
:1069F00051EC100B1FED980B53EC102B10930F92D2
:106A0000E9F77AFC41EC100B51EC100BE9F754FE5E
:106A10009DED0B2A9DED0C1A1299034611980A68F8
:106A2000D2F807106FF35F5141EA4351C2F80710E3
:106A3000B0F90200643000EE100AB8EEC00A30EE81
:106A4000000A20EE020A80EE010A10EE100AE9F7B1
:106A50004CFE41EC100B08F0CFFF0D9A0E9B51EC51
:106A6000100BE9F7F0FC099A0A9B41EC100B51EC72
:106A7000100BE9F741FC41EC100B51EC100BE9F75E
:106A80001BFE9DED0B2A9DED0C1A129903461198E1
:106A90000A68D2F80B106FF3DF236FF3942141EAF9
:106AA0008321C2F80B10B0F90200643000EE100A26
:106AB000B8EEC00A30EE000A20EE020A80EE010AAB
:106AC00010EE100AE9F711FE41EC100B09F0F8F88E
:106AD0000D9A0E9B51EC100BE9F7B5FC0F9A109B29
:106AE00041EC100B51EC100BE9F706FC41EC100BDC
:106AF00051EC100BE9F7E0FDDDF844E00246129896
:106B00000168D1F80B006FF35F5040EA4250C1F8C2
:106B10000B0040F26844C2F200042168D1F803007F
:106B20006FF39630C1F8030040F2704CC2F2000CD3
:106B3000DCF80010D1F803006FF39630C1F80300C1
:106B400040F26C43C2F200031968D1F803006FF3FE
:106B50009630C1F8030040F27442C2F2000211689C
:106B6000D1F803006FF39630C1F8030040F27C4186
:106B7000C2F200010D68D5F803006FF39630C5F836
:106B8000030040F27840C2F200000668D6F80350D5
:106B90006FF39635C6F803509EF8065000EE105A73
:106BA000B8EEC00A40F2F415C2F2000595ED001AE5
:106BB00080EE010A9FEDEB2A20EE020AB7EE001AE2
:106BC00030EE010ABCEEC00A10EE106A2568D5F856
:106BD00003406FF3DF5444EAC654C5F803409EF8FF
:106BE00007E000EE10EAB8EEC00A40F2F81EC2F26A
:106BF000000E9EED003A80EE030A20EE020A30EE0F
:106C0000010ABCEEC00A10EE104ADCF800E0DEF823
:106C100003C06FF3DF5C4CEAC45CCEF803C0D3F86A
:106C200000C0DCF803306FF3DF53CCF80330136897
:106C3000D3F803206FF3DF52C3F803200A68D2F8B9
:106C400003106FF3DF51C2F803100168D1F803009D
:106C50006FF3DF50C1F8030045F21840C2F20000A4
:106C60000078012823D1FFE740F26840C2F200001B
:106C70000168D1F80300062262F38D20C1F80300F9
:106C800040F26C40C2F200000168D1F8030062F3E8
:106C90008D20C1F8030040F27040C2F2000001688C
:106CA000D1F8030062F38D20C1F80300FFE745F23D
:106CB0001840C2F200000078032823D1FFE740F219
:106CC0006840C2F200000168D1F80300052262F3B7
:106CD0008D20C1F8030040F26C40C2F20000016850
:106CE000D1F8030062F38D20C1F8030040F2704038
:106CF000C2F200000168D1F8030062F38D20C1F8F0
:106D00000300FFE740F2584CC2F2000CDCF8001020
:106D1000D1F803006FF39630C1F8030040F25C43F2
:106D2000C2F200031968D1F803006FF39630C1F87E
:106D3000030040F26042C2F200021168D1F8030081
:106D40006FF39630C1F8030040F26441C2F20001D3
:106D5000D1F800E0DEF803006FF39630CEF80300C0
:106D600045F65C10C2F2000090ED040AB2EE043A5F
:106D700080EE030A9FED7C2A20EE020AB7EE001A8D
:106D800030EE010ABCEEC00A10EE104ADCF800E05A
:106D9000DEF803C06FF3DF5C4CEAC45CCEF803C0DE
:106DA00090ED050A80EE030A20EE020A30EE010A99
:106DB000BCEEC00A10EE10EAD3F800C0DCF80330D5
:106DC0006FF3DF5343EACE53CCF8033090ED060A5D
:106DD00080EE030A20EE020A30EE010ABCEEC00A81
:106DE00010EE10CA1368D3F803206FF3DF5242EAA3
:106DF000CC52C3F8032090ED070A80EE030A20EE80
:106E0000020A30EE010ABCEEC00A10EE103A0A681F
:106E1000D2F803106FF3DF5141EAC351C2F80310F7
:106E200090ED090A9FEDD91A20EE010A9FEDD81ABC
:106E300030EE010ABCEEC00A10EE103A40F290416A
:106E4000C2F200010A68D2F803106FF35F236FF3F8
:106E5000963141EA8331C2F8031090ED090A9FEDA3
:106E6000CD1AB4EE410AF1EE10FA0DDDFFE740F263
:106E70009040C2F200000168D1F80300062262F3DC
:106E80008D20C1F803000CE040F29040C2F20000F7
:106E90000168D1F80300052262F38D20C1F80300D8
:106EA000FFE745F65C10C2F2000090F8200068B9D8
:106EB000FFE740F29040C2F200000168D1F8030001
:106EC000042262F38D20C1F80300FFE745F65C1051
:106ED000C2F2000090F8280040F28C41C2F200019A
:106EE0000968C1F80B0044F65010C2F200000078A7
:106EF00002280DD1FFE740F25040C2F200000168C5
:106F0000D1F80300052262F38D20C1F803000CE0E4
:106F100040F25040C2F200000168D1F803000122A3
:106F200062F38D20C1F80300FFE744F67E40C2F211
:106F30000000007868B9FFE740F25040C2F200005C
:106F40000168D1F80300032262F38D20C1F8030029
:106F5000FFE740F25450C2F200004079002800F0F0
:106F6000AC8003E00000A5430000B34340F254505E
:106F7000C2F20000D0F80600189044F65013C2F296
:106F8000000393ED050A9FED843A20EE030A40F2D8
:106F90005C0EC2F2000E9EED001A80EE010A30EE89
:106FA000030AB3EE0E1A30EE410A40F2640CC2F24C
:106FB000000C9CED002A30EE020ABCEEC00A10EE76
:106FC000104A40F25040C2F200000268D2F80710A6
:106FD0006FF3DF246FF3942141EA8421C2F8071094
:106FE0009DED180A93ED072A30EE420A9FED6B2AB9
:106FF00020EE020A40F26002C2F2000292ED004A64
:1070000080EE040A30EE020A30EE010A40F2680116
:10701000C2F2000191ED004A30EE040ABCEEC00A53
:1070200010EE106A0568D5F807406FF35F5444EA24
:107030004654C5F8074093ED050A20EE030A9EED7D
:10704000004A80EE040A30EE030A30EE010A9CED9D
:10705000003A30EE030ABCEEC00A10EE104AD0F837
:1070600000E0DEF80BC06FF3DF246FF3942C4CEAE2
:10707000842CCEF80BC09DED180A93ED073A30EE44
:10708000430A20EE020A92ED003A80EE030A30EE47
:10709000020A30EE410A91ED001A30EE010ABCEE10
:1070A000C00A10EE102A0168D1F80B006FF35F5090
:1070B00040EA4250C1F80B0028E040F25040C2F2D2
:1070C00000000268D2F8071040F28F3363F3942176
:1070D000C2F807100268D2F8071040F2AE2363F33B
:1070E0005F51C2F807100268D2F80B1040F2F33378
:1070F00063F39421C2F80B100168D1F80B0040F241
:10710000123262F35F50C1F80B00FFE740F2944087
:10711000C2F2000000680F30019040F20800C2F295
:1071200000000390D0F83A00E9F7DFFA0246019830
:1071300002920A46029942EC101B53EC102B41F6C6
:107140003601C0F60201FDF75DF8039840F2884170
:10715000C2F2000109680F310491D0F83E00E9F74E
:10716000C4FA0246049805920A46059942EC101B9F
:1071700053EC102B41F62D01C0F60201FDF742F849
:1071800000F00EF8FFE7FFF74CBA00BF00009EC208
:10719000000001439A99993E0000704400000744A2
:1071A00080B507F0DDFD80BD80B547F6C440C2F272
:1071B0000000F5F78FFD80BD80B547F65850C2F24C
:1071C0000000F5F787FD80BD80B547F6EC50C2F2B0
:1071D0000000F5F77FFD80BD80B582B047F6EC502A
:1071E000C2F2000045F2F801C2F200014022019211
:1071F000F5F73EFB019A47F65850C2F2000045F2FF
:107200003811C2F20001F5F733FB47F68060C2F295
:10721000000045F25471C2F200014FF480720092F6
:10722000F5F726FB009A47F61470C2F2000045F607
:107230005401C2F20001F5F71BFB019A47F6C44066
:10724000C2F2000045F2D431C2F20001F5F710FBA2
:1072500047F22850C2F200000168086820F00400DC
:10726000086047F26840C2F200000168086820F038
:107270000400086047F2A830C2F200000168086804
:1072800020F00400086047F22820C2F200000168E4
:10729000086820F00400086047F2E820C2F200000D
:1072A0000168086820F00400086002B080BD00009A
:1072B00080B582B08DF8070000919DF8070060B995
:1072C000FFE7009A41F67800C0F6020045F68C11FF
:1072D000C2F2000100F0A4FE0BE0009A41F6780033
:1072E000C0F6020045F68C11C2F2000100F098FED3
:1072F000FFE745F68C10C2F2000002B080BD00002E
:1073000080B586B004908DF80F100498D0F8C402B0
:1073100001900498D0F8BC0220B9FFE703208DF853
:1073200017004BE00498D0F8BC02029004989DF836
:107330000F1001EB810100EB8100806910B3FFE7C2
:1073400004989DF80F1001EB810100EB8100826928
:10735000019800EBC100016AB2FBF1F000FB1120C3
:1073600080B9FFE704989DF80F1001EB810100EB55
:1073700081000023836104989DF80F101A4601F0E4
:1073800075FA17E002990020C1F814020498D0F8A9
:10739000C002006968B1FFE70498D0F8C002036931
:1073A0000299D1F8080201F504719DF80F20984761
:1073B000FFE7FFE700208DF81700FFE79DF81700B3
:1073C00006B080BD80B584B002908DF80710029899
:1073D000D0F8BC0200900298D0F8BC0220B9FFE7B8
:1073E00003208DF80F0015E002989DF8071001F0BA
:1073F00021F80099C1F80C020298D0F8C002C268C6
:107400000099D1F8040201F50371904700208DF82E
:107410000F00FFE79DF80F0004B080BD80B584B079
:1074200003908DF80B100398812100F0C3FE03999F
:107430000020019008870398012100F0BBFE01980D
:107440000399A1F878010398822100F0B3FE019816
:107450000399A1F84C000399A1F84E000398D0F8C5
:10746000BC0278B1FFE70398D0F8C00240688047BB
:107470000398D0F8BC0201F0F5FD03990020C1F893
:10748000BC02FFE7002004B080BD000082B08DF890
:107490000700009100991220088040F2C020C2F23B
:1074A000000002B07047000080B584B002900298DE
:1074B000D0F8BC020190019820B9FFE703208DF8B5
:1074C0000F001DE00298D0F8C002A8B1FFE70198B4
:1074D00090F80002FF280FD0FFE70298D0F8C00212
:1074E0008368019991F8000291F801229847019967
:1074F000FF2081F80002FFE700208DF80F00FFE772
:107500009DF80F0004B080BD81B0009000990A2062
:10751000088040F2D420C2F2000001B070470000A1
:1075200081B0009000994320088040F23820C2F2D8
:10753000000001B07047000081B000900099432026
:10754000088040F27C20C2F2000001B070470000C9
:1075500081B0009000994320088040F2E020C2F200
:10756000000001B07047000080B58AB008908DF827
:107570001F104FF4077001F079FD0690069840B98E
:10758000FFE708990020C1F8BC0202208DF827000F
:107590006DE006980899C1F8BC020898007CD8B93B
:1075A000FFE708988121022203924FF400730493AD
:1075B00000F0CEFF039A049B0898012105910187F2
:1075C000089800F0C5FF05980899A1F87801089976
:1075D0001020A1F84E0019E00898812102220092A3
:1075E0004023019300F0B4FF009A019B0898012109
:1075F00002910187089800F0ABFF02980899A1F862
:10760000780108991020A1F84E00FFE70898822120
:107610000322082300F09CFF08990120A1F84C00E8
:107620000898D0F8C0020068804706990020C1F889
:1076300014020699C1F818020898007C50B9FFE7B7
:1076400008980699D1F8042201214FF4007300F044
:10765000A5FF08E008980699D1F8042201214023EB
:1076600000F09CFFFFE700208DF82700FFE79DF862
:1076700027000AB080BD000080B582B08DF80700F9
:1076800000919DF8070060B9FFE7009A41F66A0093
:10769000C0F6020045F68C11C2F2000100F0C0FCF9
:1076A0000BE0009A41F66A00C0F6020045F68C1124
:1076B000C2F2000100F0B4FCFFE745F68C10C2F204
:1076C000000002B080BD000082B08DF8070000917C
:1076D00000990420088040F23830C2F2000002B065
:1076E0007047000080B584B08DF80F000291029AB7
:1076F00041F68300C0F6020045F68C11C2F200018B
:10770000019100F08DFC019804B080BD80B582B07D
:107710008DF8070000919DF8070060B9FFE7009A17
:1077200041F69600C0F6020045F68C11C2F2000147
:1077300000F076FC0BE0009A41F69600C0F60200DD
:1077400045F68C11C2F2000100F06AFCFFE745F635
:107750008C10C2F2000002B080BD000080B584B081
:1077600002900298D0F8BC0201900298D0F8BC02B6
:1077700020B9FFE703208DF80F001AE00298007C83
:1077800050B9FFE702980199D1F8042201214FF482
:10779000007300F003FF08E002980199D1F8042279
:1077A0000121402300F0FAFEFFE700208DF80F00D2
:1077B000FFE79DF80F0004B080BD000083B001908A
:1077C0000091009820B9FFE703208DF80B0007E037
:1077D00000980199C1F8C00200208DF80B00FFE766
:1077E0009DF80B0003B0704780B582B08DF807009C
:1077F000009100991A200880ECF780FC40F23C30A0
:10780000C2F2000002B080BD84B0029001910298E3
:10781000D0F8BC020090009820B9FFE703208DF853
:107820000F0007E001980099C1F8040200208DF8CC
:107830000F00FFE79DF80F0004B0704785B003907C
:10784000029101920398D0F8BC020090009820B9F0
:10785000FFE703208DF813000BE002980099C1F8B0
:10786000080201980099C1F8100200208DF8130059
:10787000FFE79DF8130005B07047000080B58AB09F
:10788000089007910898D0F8BC02069000208DF867
:107890001500ADF812008DF81100069820B9FFE729
:1078A00003208DF82700B3E00798007800F060000F
:1078B0000146039100284AD0FFE70398202840F0B2
:1078C0009A80FFE70798C088B8B3FFE70798007869
:1078D000000600281FD5FFE70898D0F8C00283688B
:1078E000079A50780699D28898470798C088082840
:1078F00003D3FFE70720029003E00798C0880290B7
:10790000FFE70298ADF8160008980699BDF8162012
:1079100000F04CF910E007984078069981F80002D1
:1079200007988079069981F8010208980699079AC4
:10793000D28800F00DF9FFE708E00898D0F8C002FF
:1079400083680799487800229847FFE75BE007982B
:107950004078014601910B2844D80199DFE801F0F5
:10796000064142424242424242421C32089890F84A
:107970009C02032807D1FFE708980DF112010222AB
:1079800000F014F907E00898079900F0D3F80320F5
:107990008DF81100FFE72DE0089890F89C0203286D
:1079A00007D1FFE708980DF11501012200F0FEF85C
:1079B00007E00898079900F0BDF803208DF8110042
:1079C000FFE717E0089890F89C02032808D0FFE72B
:1079D0000898079900F0AEF803208DF81100FFE732
:1079E00008E007E00898079900F0A4F803208DF854
:1079F0001100FFE707E00898079900F09BF80320C3
:107A00008DF81100FFE79DF811008DF82700FFE7C2
:107A10009DF827000AB080BD80B584B0029002981E
:107A2000D0F8BC02019001208DF803000298D0F834
:107A3000BC0220B9FFE703208DF80F001FE001987A
:107A4000D0F81402B0B9FFE701990120C1F814027F
:107A50000198D0F810020299C86202980199D1F8F1
:107A60000822D1F81032812100F000FF00208DF8AB
:107A70000300FFE79DF803008DF80F00FFE79DF876
:107A80000F0004B080BD000080B582B001908DF879
:107A900003100198D0F8B80240B1FFE70198D0F880
:107AA000B8124A689DF803109047FFE7002002B023
:107AB00080BD000080B582B001900091019890F8DF
:107AC0009C02013802280ED8FFE700984088012860
:107AD00008D1FFE701990020C1F8A402019800F045
:107AE0007FF8FFE704E00198009900F023F8FFE732
:107AF00002B080BD80B584B00390029101920398DA
:107B0000029A019B0021009100F048FD009804B00A
:107B100080BD000080B584B003900291019203986B
:107B2000029A019B0021009100F0A0FE009804B091
:107B300080BD000080B582B0019000910198802145
:107B400000F04CFE0198002100F048FE02B080BD1C
:107B500080B584B003900291019203990320C1F88B
:107B6000940201980399C1F8580101980399C1F84A
:107B70005C010398029A019B0021009100F00EFD28
:107B8000009804B080BD000080B582B001900199DA
:107B90000520C1F8940201980023009319461A4663
:107BA00000F0FCFC009802B080BD000080B584B0FD
:107BB00003900291019203990220C1F89402019866
:107BC0000399886101980399C8610398029A019BFF
:107BD0000021009100F04AFE009804B080BD000032
:107BE00080B582B0019001990420C1F894020198F7
:107BF0000023009319461A4600F038FE009802B0A0
:107C000080BD000080B584B0039002910298C088C6
:107C1000012805D0FFE703980299FFF78BFF21E0C9
:107C2000039890F89C12481E0191022804D3FFE7A4
:107C3000019803280AD00FE0039900208860039878
:107C400000F108010122FFF7B1FF0AE00398011DCE
:107C50000122FFF7ABFF04E003980299FFF76AFFE8
:107C6000FFE7FFE704B080BD80B588B007900691BC
:107C70000020ADF8160004908DF80F000698C0782B
:107C80000138014602910E2800F241810299DFE895
:107C900011F02A00340051003E013E010B01230186
:107CA0003E013E013E013E013E013E013E010F000C
:107CB0000798D0F8B402C06950B1FFE70798D0F830
:107CC000B412CA69007C0DF116019047049009E0D6
:107CD00007980699FFF72EFF9DF80F0001308DF8E9
:107CE0000F00FFE71DE10798D0F8B4120A68007C86
:107CF0000DF116019047049013E10798007C60B9DC
:107D0000FFE70798D0F8B802816A0DF1160088479E
:107D100004900499022048700BE00798D0F8B8024C
:107D2000C16A0DF11600884704900499022048703A
:107D3000FFE7F6E00698807801460191052800F2F9
:107D4000A8800199DFE801F0031E39546F8A079873
:107D5000D0F8B402406850B1FFE70798D0F8B412E9
:107D60004A68007C0DF116019047049009E00798DD
:107D70000699FFF7DFFE9DF80F0001308DF80F0028
:107D8000FFE790E00798D0F8B402806850B1FFE7B1
:107D90000798D0F8B4128A68007C0DF1160190475C
:107DA000049009E007980699FFF7C4FE9DF80F00BC
:107DB00001308DF80F00FFE775E00798D0F8B402A6
:107DC000C06850B1FFE70798D0F8B412CA68007CC9
:107DD0000DF116019047049009E007980699FFF706
:107DE000A9FE9DF80F0001308DF80F00FFE75AE063
:107DF0000798D0F8B402006950B1FFE70798D0F8AF
:107E0000B4120A69007C0DF116019047049009E054
:107E100007980699FFF78EFE9DF80F0001308DF848
:107E20000F00FFE73FE00798D0F8B402406950B177
:107E3000FFE70798D0F8B4124A69007C0DF11601EB
:107E40009047049009E007980699FFF773FE9DF8A4
:107E50000F0001308DF80F00FFE724E00798D0F8FD
:107E6000B402806950B1FFE70798D0F8B4128A696C
:107E7000007C0DF116019047049009E007980699DF
:107E8000FFF758FE9DF80F0001308DF80F00FFE757
:107E900009E007980699FFF74DFE9DF80F000130A5
:107EA0008DF80F00FFE73CE00798007C48B9FFE73A
:107EB0000798D0F8B802416B0DF11600884704907E
:107EC00009E007980699FFF735FE9DF80F0001308D
:107ED0008DF80F00FFE724E00798007C60B9FFE70A
:107EE0000798D0F8B802016B0DF11600884704908E
:107EF00004990720487009E007980699FFF71AFED1
:107F00009DF80F0001308DF80F00FFE709E007989A
:107F10000699FFF70FFE9DF80F0001308DF80F0056
:107F2000FFE79DF80F0008B1FFE72AE00698C08838
:107F300018B3FFE7BDF81600C8B1FFE7BDF816009B
:107F40000699C988884204DAFFE7BDF81600009058
:107F500003E00698C0880090FFE70098ADF816008F
:107F600007980499BDF81620FFF720FE04E0079853
:107F70000699FFF7DFFDFFE703E00798FFF730FE04
:107F8000FFE708B080BD000083B0029000208DF8AC
:107F9000070002980090FFE70098007848B1FFE7DB
:107FA0009DF8070001308DF807000098013000901F
:107FB000F2E79DF8070003B07047000080B582B07B
:107FC00001900091019890F89C02013802281FD876
:107FD000FFE70098C088022805D0FFE701980099C4
:107FE000FFF7A8FD19E001990120C8600198D0F8B9
:107FF000A40230B1FFE70199C86840F00200C860F0
:10800000FFE7019800F10C010222FFF7CFFD04E029
:1080100001980099FFF78EFDFFE702B080BD0000D8
:1080200080B586B005900491039200208DF80B0076
:10803000059808B9FFE73DE0059801900198FFF722
:10804000A3FF0146022000EB41000399088003983A
:10805000007804999DF80B2088549DF80B0001309E
:108060008DF80B0004999DF80B20032088549DF88F
:108070000B0001308DF80B00FFE701980078C8B1C4
:10808000FFE70198007804999DF80B208854019827
:10809000013001909DF80B0001308DF80B00049920
:1080A0009DF80B20002088549DF80B0001308DF8BE
:1080B0000B00E2E706B080BD82B08DF8070000201B
:1080C0008DF806009DF8070001460091032814D89A
:1080D0000099DFE801F002060A0E00208DF8060084
:1080E0000FE003208DF806000BE001208DF806005C
:1080F00007E003208DF8060003E003208DF806005A
:10810000FFE79DF8060002B07047000080B584B01C
:10811000029001918DF80320029820B9FFE7032017
:108120008DF80F0023E002990020C1F8B8020299EF
:10813000C1F8C0020299C1F8CC02019828B1FFE74A
:1081400001980299C1F8B402FFE70299012081F871
:108150009C029DF8030002990870029800F078F9DB
:108160008DF802009DF802008DF80F00FFE79DF8E2
:108170000F0004B080BD000080B582B001908DF882
:10818000031000208DF802008DF801000198D0F84E
:10819000C4029DF80310F0F789FA8DF802009DF8EB
:1081A0000200FFF789FF8DF801009DF8010002B081
:1081B00080BD000080B582B001908DF803100020D2
:1081C0008DF802008DF801000198D0F8C4029DF8E6
:1081D0000310F0F717FA8DF802009DF80200FFF780
:1081E0006BFF8DF801009DF8010002B080BD00001A
:1081F00080B588B006908DF8171004929DF817008E
:10820000002872D1FFE70698143003900698D0F842
:108210009402022859D1FFE703998868C968884207
:1082200012D9FFE703998868CA68801A886006989F
:108230000499039A9268FFF76DFC0698002319468B
:108240001A4600F0ABF93FE003988168C0688842A5
:108250001ED1FFE703994868C968884218D3FFE731
:10826000039840680699D1F89812884210D2FFE727
:108270000698002201921146FFF74CFC019B0698DC
:10828000C0F89832069819461A4600F087F91AE0A5
:10829000069890F89C0203280DD1FFE70698D0F8C5
:1082A000B802C06830B1FFE70698D0F8B812C968C4
:1082B0008847FFE7FFE70698802100F08FFA0698CD
:1082C000FFF762FCFFE7FFE700E0FFE7069890F8A2
:1082D000A002012808D1FFE7069800F047FB0699A5
:1082E000002081F8A002FFE720E0069890F89C02A9
:1082F00003281AD1FFE70698D0F8B802406998B170
:10830000FFE70698D0F8B8124A699DF81710904711
:108310008DF80B009DF80B0028B1FFE79DF80B00CE
:108320008DF81F0006E0FFE7FFE7FFE700208DF86C
:108330001F00FFE79DF81F0008B080BD80B58AB020
:1083400008908DF81F1006929DF81F00002847D155
:10835000FFE7089800F5AA7005900898D0F89402F5
:1083600003283BD1FFE705998868C96888421DD971
:10837000FFE705998868CA68801A886008980290A3
:108380000698039005998868C968884204D2FFE777
:1083900005988068019003E00598C0680190FFE7A8
:1083A00003990298019AFFF7A5FB16E0089890F848
:1083B0009C0203280DD1FFE70898D0F8B8020069A5
:1083C00030B1FFE70898D0F8B81209698847FFE78D
:1083D000FFE70898FFF704FCFFE700E0FFE720E075
:1083E000089890F89C0203281AD1FFE70898D0F863
:1083F000B802806998B1FFE70898D0F8B8128A6986
:108400009DF81F1090478DF813009DF8130028B1B8
:10841000FFE79DF813008DF8270006E0FFE7FFE770
:10842000FFE700208DF82700FFE79DF827000AB03E
:1084300080BD000080B582B001908DF803100198D6
:10844000D0F8C4029DF80310F0F788FE02B080BD9A
:1084500080B584B00390039947F2A470C2F2000083
:108460000290C0F8D8120399C1F8C40245F6004141
:10847000C4F2000101600821017102214171C17142
:108480000021017241728172C172F1F7A1F818B135
:10849000FFE7EBF719F9FFE70398D0F8C4020022D1
:1084A000019218231146F0F747F8019A0398D0F883
:1084B000C40280215823F0F73FF8019A0398D0F8BE
:1084C000C4028121C023F0F737F8019A0398D0F84D
:1084D000C40201214FF48873F0F72EF8019A039833
:1084E000D0F8C40282214FF48073F0F725F8019888
:1084F00004B080BD84B002908DF807100298D0F8C7
:10850000C40200909DF80700000600280DD5FFE783
:1085100000989DF8071001F07F0101EB810100EB4D
:10852000C100807C8DF80F000DE000989DF80710C9
:1085300001F07F0101EB810100EBC10090F85201D5
:108540008DF80F00FFE79DF80F0004B070470000A2
:1085500080B584B003908DF80B108DF80A20ADF82B
:10856000083000208DF807008DF806000398D0F839
:10857000C4029DF80B10BDF808209DF80A30F0F7F2
:10858000FFFD8DF807009DF80700FFF795FD8DF8BA
:1085900006009DF8060004B080BD000080B586B0DE
:1085A00005908DF813100392029300208DF80700B8
:1085B0008DF806000598D0F8C4029DF81310039AB0
:1085C000029BF0F74DFE8DF807009DF80700FFF7BE
:1085D00073FD8DF806009DF8060006B080BD000012
:1085E00080B586B004900499012081F89C0204991A
:1085F0000020C1F89402049948600499C1F8A402CB
:108600000498D0F8B80220B9FFE703208DF81700CE
:1086100032E00498D0F8BC0270B1FFE70498D0F8BB
:10862000B802406838B1FFE70498D0F8B8124A6839
:1086300001799047FFE7FFE7049800220392402367
:1086400002931146FFF784FF029B039A04990120CD
:108650000190A1F864010498C0F860310498802169
:10866000FFF776FF019A02990398049B9A84049A73
:1086700011628DF81700FFE79DF8170006B080BD66
:1086800081B00090009890F89C02042807D1FFE781
:10869000009890F89D02009981F89C02FFE7002065
:1086A00001B0704780B582B000900098D0F8B80251
:1086B00020B9FFE703208DF8070016E0009890F836
:1086C0009C0203280DD1FFE70098D0F8B802C069DA
:1086D00030B1FFE70098D0F8B812C9698847FFE7C2
:1086E000FFE700208DF80700FFE79DF8070002B0C4
:1086F00080BD000082B001908DF803109DF803004A
:1087000001990874002002B07047000080B582B063
:1087100001908DF8031000208DF802008DF8010003
:108720000198D0F8C4029DF80310F1F793F88DF882
:1087300002009DF80200FFF7BFFC8DF801009DF8D4
:10874000010002B080BD000080B584B003900291AA
:10875000039800F2AA20029900F0AAF803990120D8
:10876000C1F894020399B1F8B002C1F898020398D5
:1087700090F8AA0200F01F000146009140B1FFE707
:10878000009801280CD0FFE70098022810D017E0CD
:10879000039800F2AA2100F029FA8DF8070019E0E9
:1087A000039800F2AA2100F00FFC8DF8070011E0F9
:1087B000039800F2AA2100F07BFA8DF8070009E087
:1087C000039890F8AA1201F0800100F007F88DF8E4
:1087D0000700FFE79DF8070004B080BD80B582B0B8
:1087E00001908DF8031000208DF802008DF8010033
:1087F0000198D0F8C4029DF80310F0F75FFD8DF8E2
:1088000002009DF80200FFF757FC8DF801009DF86B
:10881000010002B080BD000080B582B00190002050
:108820008DF803008DF802000198D0F8C402F1F72A
:108830004BF88DF803009DF80300FFF73DFC8DF821
:1088400002009DF8020002B080BD000081B00090DF
:10885000009890F89C02009981F89D0200990420EC
:1088600081F89C02002001B07047000080B586B0FE
:1088700005908DF813100392029300208DF80700E5
:108880008DF806000598D0F8C4029DF81310039ADD
:10889000029BF0F775FD8DF807009DF80700FFF7C4
:1088A0000BFC8DF806009DF8060006B080BD0000A8
:1088B00080B584B0039002910298019001980078ED
:1088C000039908700198013001900198007803998C
:1088D00048700198013001900198FBF74BF903991A
:1088E0004880019801300190019801300190019871
:1088F000FBF740F9039988800198013001900198B5
:10890000013001900198FBF735F90399C88004B054
:1089100080BD000080B584B0029001910020ADF8C8
:108920000200019820B9FFE703208DF80F0018E03E
:1089300001980299C1F8B8020298D0F8B802C06A4A
:1089400058B1FFE70298D0F8B802C16A0DF10200F1
:1089500088470299C1F8CC02FFE700208DF80F008C
:10896000FFE79DF80F0004B080BD000081B00090CB
:10897000002001B07047000080B584B003900291E0
:1089800002988088B8BBFFE70298C08898BBFFE7D1
:10899000029840887F282ED8FFE70298807800F060
:1089A0007F008DF80700039890F89C02032805D1FA
:1089B000FFE703980299FFF7BDF81BE09DF8070059
:1089C000039981F89E0203989DF80710FFF79EFE19
:1089D0000398FFF705F99DF8070028B1FFE7039911
:1089E000022081F89C0204E00399012081F89C0296
:1089F000FFE7FFE704E003980299FFF79BF8FFE722
:108A000004B080BD80B582B001908DF803100320C2
:108A10008DF802000198D0F8B80250B1FFE7019834
:108A2000D0F8B8120A689DF8031090478DF802003C
:108A3000FFE79DF8020002B080BD000080B586B05F
:108A40000490039100208DF80B000398817845F67F
:108A50008810C2F2000001700078022808D3FFE7F6
:108A600004980399FFF766F803208DF817009CE03F
:108A7000049890F89C0201460191022804D0FFE777
:108A8000019803282BD07BE045F68810C2F2000045
:108A90000078F8B1FFE745F68811C2F200010878C6
:108AA000049A506004980978FFF7ACFF8DF80B002A
:108AB0009DF80B0028B1FFE704980399FFF73AF8F7
:108AC00007E00498FFF78CF80499032081F89C02D2
:108AD000FFE703E00498FFF783F8FFE760E045F65F
:108AE0008810C2F20000007898B9FFE704990220CC
:108AF00081F89C0245F68811C2F200010878049AB8
:108B0000506004980978FEF7BFFF0498FFF768F8F3
:108B100035E045F68810C2F20000007804994968F3
:108B2000884227D0FFE704980179FEF7ADFF45F6AC
:108B30008811C2F200010878049A506004980978FC
:108B4000FFF760FF8DF80B009DF80B0068B1FFE7A1
:108B500004980399FEF7EEFF04980179FEF794FF5D
:108B60000499022081F89C0203E00498FFF738F88A
:108B7000FFE703E00498FFF733F8FFE7FFE70FE0B4
:108B800004980399FEF7D6FF049845F68811C2F2BF
:108B900000010978FEF778FF03208DF80B00FFE74E
:108BA0009DF80B008DF81700FFE79DF8170006B041
:108BB00080BD000080B582B001900091009840888F
:108BC000012808D1FFE701990120C1F8A40201980A
:108BD000FFF706F8FFE702B080BD000080B582B065
:108BE00001900198FFF718FE02B080BD80B586B0F5
:108BF0000590049100208DF80F000498007800F093
:108C000060000146029188B1FFE70298202804D055
:108C1000FFE70298402842D1FFE70598D0F8B81244
:108C20008A68049990478DF80F003DE004984078D9
:108C30000146019109282CD80199DFE801F01B2594
:108C40002A202A0A052A160F05980499FFF70CF81E
:108C500024E005980499FFF78FFE1FE0059804991A
:108C6000FFF7ECFE8DF80F0018E005980499FEF769
:108C7000C9FF13E005980499FFF7A0F90EE00598E5
:108C80000499FFF797FF09E005980499FEF712FF92
:108C900004E005980499FEF74DFFFFE704E005980E
:108CA0000499FEF747FFFFE79DF80F0006B080BD6F
:108CB00080B58CB00B900A9100208DF822000A98A4
:108CC00080888DF823000A98007800F06000014643
:108CD000079190B1FFE70798202805D0FFE7079894
:108CE000402840F06881FFE70B98D0F8B8128A68F6
:108CF0000A9990478DF8220062E10A98407801466F
:108D00000691002800F09880FFE7069801284CD0D3
:108D1000FFE70698032840F04881FFE70B9890F89A
:108D20009C0201460591022804D0FFE7059803281C
:108D300019D034E09DF8230078B1FFE79DF82300B7
:108D400080280AD0FFE70B989DF82310FFF746FD17
:108D50000B988021FFF742FD04E00B980A99FEF77B
:108D6000E9FEFFE720E00A984088A0B9FFE79DF8F8
:108D7000230078B1FFE79DF8230080280AD0FFE7A1
:108D80000A98C08830B9FFE70B989DF82310FFF7C9
:108D900025FDFFE7FFE70B98FEF722FF04E00B98A5
:108DA0000A99FEF7C7FEFFE704E10B9890F89C02D2
:108DB00001460491022804D0FFE70498032819D043
:108DC00034E09DF8230078B1FFE79DF82300802868
:108DD0000AD0FFE70B989DF82310FFF7FFFC0B98D4
:108DE0008021FFF7FBFC04E00B980A99FEF7A2FE36
:108DF000FFE720E00A984088B8B9FFE79DF8230014
:108E0000400630B1FFE70B989DF82310FFF7B4F947
:108E1000FFE70B98FEF7E4FE0B98D0F8B8128A68CB
:108E20000A9990478DF82200FFE704E00B980A9911
:108E3000FEF780FEFFE7BDE00B9890F89C0201462C
:108E40000391022804D0FFE70398032838D0A6E056
:108E50009DF8230050B1FFE79DF82300802805D03E
:108E6000FFE70B980A99FEF765FE9DE09DF8230049
:108E7000000600280CD5FFE70B989DF8231001F0A1
:108E80007F0101EB810100EB8100143002900CE0C6
:108E90000B989DF8231001F07F0101EB810100EB9D
:108EA000810000F5AA700290FFE7029809900999E5
:108EB000002008600B9809990222FEF777FE73E004
:108EC0009DF823000006002812D5FFE70B989DF8B7
:108ED000231001F00F0101EB810100EB8100808C78
:108EE00028B9FFE70B980A99FEF724FE5CE012E030
:108EF0000B989DF8231001F00F0101EB810100EBAD
:108F00008100B0F8640128B9FFE70B980A99FEF7D1
:108F100011FE49E0FFE79DF82300000600280CD56C
:108F2000FFE70B989DF8231001F07F0101EB810111
:108F300000EB8100143001900CE00B989DF8231099
:108F400001F07F0101EB810100EB810000F5AA70C7
:108F50000190FFE7019809909DF8230028B1FFE7F1
:108F60009DF82300802804D1FFE7099900200860BC
:108F70000FE00B989DF82310FFF7BCFA20B1FFE734
:108F800009990120086003E0099900200860FFE7C3
:108F9000FFE70B9809990222FEF708FE04E00B9800
:108FA0000A99FEF7C7FDFFE704E00B980A99FEF760
:108FB000C1FDFFE704E00B980A99FEF7BBFDFFE750
:108FC0009DF822000CB080BD80B584B00390029162
:108FD00000208DF807000298007800F0600001463C
:108FE000009140B1FFE70098202804D0FFE70098E7
:108FF00040282DD1FFE7039890F89C020138022801
:1090000020D8FFE702980079012815D8FFE70398D8
:10901000D0F8B8128A68029990478DF80700029834
:10902000C08840B9FFE79DF8070020B9FFE7039823
:10903000FEF7D6FDFFE704E003980299FEF77AFDFC
:10904000FFE704E003980299FEF774FDFFE704E0F0
:1090500003980299FEF76EFDFFE79DF8070004B044
:1090600080BD000081B0009001B0704781B00090D9
:1090700045F68C30C2F2000001B07047A6B02590D2
:10908000249100208DF88F0025982499097830F8D4
:10909000210048F68F110840ADF88C002498C07864
:1090A0000146009103281AD80099DFE801F0021167
:1090B000090ABDF88C0040F40070ADF88C0012E095
:1090C00011E0BDF88C0040F4C060ADF88C000AE0FF
:1090D000BDF88C0040F48060ADF88C0003E0012006
:1090E0008DF88F00FFE7BDF88C0048F2800108433F
:1090F0002599249A127821F82200FFE725982499CF
:10910000097830F8210048F68F71084024990978D1
:109110000843ADF88A00BDF88A0048F28001084390
:109120002599249A127821F82200FFE72498007BE1
:10913000002840F05981FFE724984078002878D033
:10914000FFE7FFE7259820902598B0F85010209869
:109150000844209020982499097800EBC10000F57C
:10916000806021902498C08820F001002199088017
:10917000FFE7FFE725982499097830F82100ADF83A
:109180007E00BDF87E004006002817D5FFE7FFE708
:1091900025982499097830F8210048F68F71084005
:1091A000ADF87C00BDF87C0048F2C0010843259969
:1091B000249A127821F82200FFE7FFE7FFE72498BE
:1091C000C07801281DD0FFE7FFE72598249909788A
:1091D00030F8210048F6BF710840ADF87A00BDF8BC
:1091E0007A0080F02000ADF87A00BDF87A0048F2ED
:1091F000800108432599249A127821F82200FFE77C
:1092000016E0FFE725982499097830F8210048F600
:10921000BF710840ADF87800BDF8780048F28001D1
:1092200008432599249A127821F82200FFE7FFE7E6
:10923000D9E0FFE725981C902598B0F850101C98AD
:1092400008441C901C982499097800EBC10000F296
:1092500004401D902498C08820F001001D990880CA
:10926000FFE7FFE725981B902598B0F850101B9852
:1092700008441B901B982499097800EBC10000F268
:1092800006401A90FFE71A9908886FF39F2008801C
:109290002498006930B9FFE71A99088840F4004023
:1092A000088033E0249800693E2816D8FFE7FFE7DE
:1092B00024980069400819902498007CC00720B1C8
:1092C000FFE7199801301990FFE7199A1A99088851
:1092D00040EA82200880FFE717E0FFE72498006952
:1092E000400919902498007CC00620B9FFE719981E
:1092F00001381990FFE7199A1A99088840EA8220E4
:1093000040F400400880FFE7FFE7FFE7FFE7FFE7E3
:10931000FFE725982499097830F82100ADF862001C
:10932000BDF862004004002817D5FFE7FFE7259845
:109330002499097830F8210048F68F710840ADF87B
:109340006000BDF860004CF2800108432599249A22
:10935000127821F82200FFE7FFE7FFE72498007862
:1093600018BBFFE7FFE725982499097830F821001A
:109370004BF68F710840ADF85E00BDF85E0080F4DA
:109380008050ADF85E00BDF85E0080F40050ADF88E
:109390005E00BDF85E0048F2800108432599249ADA
:1093A000127821F82200FFE71CE0FFE725982499B6
:1093B000097830F821004BF68F710840ADF85C0059
:1093C000BDF85C0080F40050ADF85C00BDF85C00B6
:1093D00048F2800108432599249A127821F8220046
:1093E000FFE7FFE7FFE788E22498C078022817D15B
:1093F000FFE7FFE725982499097830F8210048F61F
:109400008F710840ADF85A00BDF85A0048F280113B
:1094100008432599249A127821F82200FFE716E0E4
:10942000FFE725982499097830F8210048F68F61E4
:109430000840ADF85800BDF8580048F280010843D4
:109440002599249A127821F82200FFE7FFE7FFE729
:10945000FFE7FFE7259814902598B0F8501014986E
:109460000844149014982499097800EBC10000F581
:10947000806015902498008920F0010015990880DB
:10948000FFE7FFE7FFE7FFE7259812902598B0F880
:10949000501012980844129012982499097800EB01
:1094A000C10000F2044013902498408920F001008C
:1094B00013990880FFE7FFE7FFE72498407800282A
:1094C00040F07E81FFE7FFE725982499097830F87E
:1094D0002100ADF84600BDF846004004002817D52D
:1094E000FFE7FFE725982499097830F8210048F62E
:1094F0008F710840ADF84400BDF844004CF2800183
:1095000008432599249A127821F82200FFE7FFE703
:10951000FFE7FFE725982499097830F82100ADF896
:109520004200BDF842004006002817D5FFE7FFE7DC
:1095300025982499097830F8210048F68F71084061
:10954000ADF84000BDF8400048F2C001084325993D
:10955000249A127821F82200FFE7FFE7FFE7FFE7F0
:10956000FFE724984078002858D1FFE7FFE72598C7
:109570000F902598B0F850100F9808440F900F984E
:109580002499097800EBC10000F202400E90FFE739
:109590000E9908886FF39F2008802498006930B9DD
:1095A000FFE70E99088840F40040088033E02498D3
:1095B00000693E2816D8FFE7FFE7249800694008B5
:1095C0000D902498007CC00720B1FFE70D98013072
:1095D0000D90FFE70D9A0E99088840EA82200880D6
:1095E000FFE717E0FFE72498006940090D902498F1
:1095F000007CC00620B9FFE70D9801380D90FFE709
:109600000D9A0E99088840EA822040F400400880B4
:10961000FFE7FFE7FFE7FFE7FFE71CE0249840785C
:10962000012817D1FFE7FFE725980C902598B0F89F
:1096300050100C9808440C900C982499097800EB71
:10964000C10000F202400B90249800690B99088039
:10965000FFE7FFE7FFE7FFE7FFE725980A90249879
:109660004078002858D1FFE7FFE725980890259813
:10967000B0F8501008980844089008982499097880
:1096800000EBC10000F206400790FFE70799088849
:109690006FF39F2008802498006930B9FFE707998D
:1096A000088840F40040088033E0249800693E2890
:1096B00016D8FFE7FFE72498006940080690249831
:1096C000007CC00720B1FFE7069801300690FFE755
:1096D000069A0799088840EA82200880FFE717E089
:1096E000FFE724980069400906902498007CC00692
:1096F00020B9FFE7069801380690FFE7069A079918
:10970000088840EA822040F400400880FFE7FFE735
:10971000FFE7FFE7FFE718E024984078012813D11E
:10972000FFE72598B0F850100A9808440A900A9864
:109730002499097800EBC10000F2064009902498B2
:10974000006909990880FFE7FFE7FFE7FFE7FFE708
:1097500025982499097830F821004BF68F7108403C
:10976000ADF81600BDF8160080F48050ADF8160074
:10977000BDF8160080F40050ADF81600BDF81600D4
:1097800048F2800108432599249A127821F8220092
:10979000FFE7FFE725982499097830F8210048F67B
:1097A000BF710840ADF81400BDF8140048F2800104
:1097B00008432599249A127821F82200FFE79BE0BC
:1097C000FFE725982499097830F82100ADF81200B8
:1097D000BDF812004004002817D5FFE7FFE72598E1
:1097E0002499097830F8210048F68F710840ADF8C7
:1097F0001000BDF810004CF2800108432599249A0E
:10980000127821F82200FFE7FFE7FFE7FFE725983E
:109810002499097830F82100ADF80E00BDF80E004B
:109820004006002817D5FFE7FFE725982499097817
:1098300030F8210048F68F710840ADF80C00BDF8F3
:109840000C0048F2C00108432599249A127821F8A7
:109850002200FFE7FFE7FFE72498C07801281DD02A
:10986000FFE7FFE725982499097830F8210048F6AA
:10987000BF710840ADF80A00BDF80A0080F0200072
:10988000ADF80A00BDF80A0048F2800108432599A6
:10989000249A127821F82200FFE716E0FFE72598C6
:1098A0002499097830F8210048F6BF710840ADF8D6
:1098B0000800BDF8080048F2800108432599249A61
:1098C000127821F82200FFE7FFE7FFE725982499A7
:1098D000097830F821004BF68F710840ADF806008A
:1098E000BDF8060048F2800108432599249A1278B1
:1098F00021F82200FFE7FFE7FFE79DF88F0026B081
:10990000704700008CB00B900A910A98007B0028E9
:1099100040F08080FFE70A984078E8B3FFE7FFE770
:109920000B980A99097830F82100ADF82600BDF8A7
:1099300026004006002817D5FFE7FFE70B980A9995
:10994000097830F8210048F68F710840ADF82400FE
:10995000BDF8240048F2C00108430B990A9A127816
:1099600021F82200FFE7FFE7FFE7FFE70B980A99DE
:10997000097830F8210048F6BF710840ADF82200A0
:10998000BDF8220048F2800108430B990A9A127828
:1099900021F82200FFE73CE0FFE70B980A990978DD
:1099A00030F82100ADF82000BDF820004004002868
:1099B00017D5FFE7FFE70B980A99097830F82100DF
:1099C00048F68F710840ADF81E00BDF81E004CF23D
:1099D000800108430B990A9A127821F82200FFE7C8
:1099E000FFE7FFE7FFE70B980A99097830F82100B5
:1099F0004BF68F710840ADF81C00BDF81C0048F212
:109A0000800108430B990A9A127821F82200FFE797
:109A1000FFE724E10A984078002840F09080FFE7B3
:109A2000FFE70B980A99097830F82100ADF81A0081
:109A3000BDF81A004004002817D5FFE7FFE70B9890
:109A40000A99097830F8210048F68F710840ADF87E
:109A50001800BDF818004CF2800108430B990A9ACF
:109A6000127821F82200FFE7FFE7FFE7FFE70B98F6
:109A70000A99097830F82100ADF81600BDF81600F3
:109A80004006002817D5FFE7FFE70B980A990978E9
:109A900030F8210048F68F710840ADF81400BDF889
:109AA000140048F2C00108430B990A9A127821F871
:109AB0002200FFE7FFE7FFE7FFE70B980A99097825
:109AC00030F8210048F68F710840ADF81200BDF85B
:109AD000120048F2C00108430B990A9A127821F843
:109AE0002200FFE7FFE70B980A99097830F8210078
:109AF0004BF68F710840ADF81000BDF8100048F229
:109B0000800108430B990A9A127821F82200FFE796
:109B1000FFE70B980A99097830F8210048F6BF71E1
:109B20000840ADF80E00BDF80E0048F28001084371
:109B30000B990A9A127821F82200FFE78EE0FFE7DE
:109B40000B980A99097830F82100ADF80C00BDF89F
:109B50000C004004002817D5FFE7FFE70B980A998F
:109B6000097830F8210048F68F710840ADF80A00F6
:109B7000BDF80A004CF2800108430B990A9A12784A
:109B800021F82200FFE7FFE7FFE7FFE70B980A99BC
:109B9000097830F82100ADF80800BDF8080040064B
:109BA000002817D5FFE7FFE70B980A99097830F8E6
:109BB000210048F68F710840ADF80600BDF8060098
:109BC00048F2C00108430B990A9A127821F8220042
:109BD000FFE7FFE7FFE7FFE70B980A99097830F8FE
:109BE000210048F68F710840ADF80400BDF804006C
:109BF0004CF2800108430B990A9A127821F822004E
:109C0000FFE7FFE70B980A99097830F8210048F63A
:109C1000BF710840ADF80200BDF8020048F28001B3
:109C200008430B990A9A127821F82200FFE7FFE710
:109C30000B980A99097830F821004BF68F7108408B
:109C4000ADF80000BDF8000048F2800108430B9910
:109C50000A9A127821F82200FFE7FFE7FFE70020C9
:109C60000CB0704781B000900099B1F8580040F4F2
:109C70000040A1F85800002001B0704783B0029264
:109C80000191009000990120A1F840000099002066
:109C9000A1F840000099A1F844000099A1F85000F3
:109CA00003B0704782B001904BF680700090009A2C
:109CB0000199B1F840009043A1F84000002002B0A3
:109CC0007047000085B00490039103984078002805
:109CD00049D0FFE7FFE704980399097830F821009D
:109CE000ADF80A00BDF80A004006002817D5FFE7C6
:109CF000FFE704980399097830F8210048F68F713E
:109D00000840ADF80800BDF8080048F2C00108435B
:109D10000499039A127821F82200FFE7FFE7FFE792
:109D20000398C07801281DD0FFE7FFE70498039946
:109D3000097830F8210048F6BF710840ADF80600F8
:109D4000BDF8060080F02000ADF80600BDF8060062
:109D500048F2800108430499039A127821F82200FE
:109D6000FFE7FFE748E0FFE704980399097830F838
:109D70002100ADF80400BDF804004004002817D508
:109D8000FFE7FFE704980399097830F8210048F6C7
:109D90008F710840ADF80200BDF802004CF280015E
:109DA00008430499039A127821F82200FFE7FFE79D
:109DB000FFE7FFE704980399097830F821004BF694
:109DC0008F710840ADF80000BDF8000080F48050AD
:109DD000ADF80000BDF8000080F40050ADF80000C0
:109DE000BDF8000048F2800108430499039A1278F4
:109DF00021F82200FFE7FFE7002005B070470000D0
:109E000083B00290019101984078E8B1FFE7FFE745
:109E100002980199097830F8210048F6BF7108408E
:109E2000ADF80200BDF8020080F01000ADF80200AD
:109E3000BDF8020048F2800108430299019A1278A5
:109E400021F82200FFE71CE0FFE70298019909785A
:109E500030F821004BF68F710840ADF80000BDF8D6
:109E6000000080F48050ADF80000BDF8000048F21A
:109E7000800108430299019A127821F82200FFE735
:109E8000FFE7002003B0704780B5ACB02A9029915D
:109E900029984078012840F01B84FFE72998016940
:109EA0008069884204D9FFE729980069289003E077
:109EB000299880692890FFE72998007BF0B9FFE78F
:109EC0002A98299A5169D288BDF8A03000F062FD25
:109ED000FFE72A9826902A98B0F850102698084450
:109EE000269026982999097800EBC10000F20240DB
:109EF0002590289825990880FFE7C6E32998C0781F
:109F0000022840F0A982FFE729980169006A884287
:109F100040F26582FFE7FFE72A982999097830F82F
:109F2000210048F68F710840ADF89200BDF892000C
:109F300048F2801108432A99299A127821F82200C0
:109F4000FFE7289A2999086A801A08622A982999AD
:109F5000097830F821004006002840F12081FFE711
:109F6000FFE72A98239029984078002854D1FFE7EA
:109F7000FFE72A9821902A98B0F8501021980844B9
:109F8000219021982999097800EBC10000F2064040
:109F90002090FFE7209908886FF39F200880289879
:109FA00030B9FFE72099088840F40040088030E08D
:109FB00028983E2815D8FFE7FFE7289840081F900B
:109FC0009DF8A000C00720B1FFE71F9801301F9047
:109FD000FFE71F9A2099088840EA82200880FFE75F
:109FE00016E0FFE7289840091F909DF8A000C006E2
:109FF00020B9FFE71F9801381F90FFE71F9A2099AB
:10A00000088840EA822040F400400880FFE7FFE72C
:10A01000FFE7FFE7FFE717E029984078012812D112
:10A02000FFE72A98B0F8501023980844239023980B
:10A030002999097800EBC10000F206402290289887
:10A0400022990880FFE7FFE7FFE729984089ADF8EC
:10A050009E002A9829994969BDF89E20BDF8A03034
:10A0600000F098FC289A2999486910444861299879
:10A070000169006A884206D9FFE7289A2999086A87
:10A08000801A086206E02998006A28902999002021
:10A090000862FFE7FFE729984078002854D1FFE7DE
:10A0A000FFE72A981E902A98B0F850101E9808448E
:10A0B0001E901E982999097800EBC10000F2024019
:10A0C0001D90FFE71D9908886FF39F20088028984E
:10A0D00030B9FFE71D99088840F40040088030E05F
:10A0E00028983E2815D8FFE7FFE7289840081C90DD
:10A0F0009DF8A000C00720B1FFE71C9801301C901C
:10A10000FFE71C9A1D99088840EA82200880FFE733
:10A1100016E0FFE7289840091C909DF8A000C006B3
:10A1200020B9FFE71C9801381C90FFE71C9A1D9985
:10A13000088840EA822040F400400880FFE7FFE7FB
:10A14000FFE7FFE7FFE71BE029984078012816D1D9
:10A15000FFE7FFE72A981B902A98B0F850101B9849
:10A1600008441B901B982999097800EBC10000F264
:10A1700002401A9028981A990880FFE7FFE7FFE746
:10A18000FFE729980089ADF89E002A982999496926
:10A19000BDF89E20BDF8A03000F0FCFB1EE1FFE7FB
:10A1A00029984078002854D1FFE7FFE72A981990B2
:10A1B0002A98B0F8501019980844199019982999BC
:10A1C000097800EBC10000F202401890FFE71899EF
:10A1D00008886FF39F200880289830B9FFE7189906
:10A1E000088840F40040088030E028983E2815D8C0
:10A1F000FFE7FFE72898400817909DF8A000C007E8
:10A2000020B1FFE7179801301790FFE7179A1899C8
:10A21000088840EA82200880FFE716E0FFE72898D8
:10A22000400917909DF8A000C00620B9FFE71798D5
:10A2300001381790FFE7179A1899088840EA82209A
:10A2400040F400400880FFE7FFE7FFE7FFE7FFE794
:10A250001BE029984078012816D1FFE7FFE72A98EC
:10A2600016902A98B0F85010169808441690169830
:10A270002999097800EBC10000F202401590289856
:10A2800015990880FFE7FFE7FFE7FFE729980089B6
:10A29000ADF89E002A9829994969BDF89E20BDF81D
:10A2A000A03000F077FB289A29994869104448614A
:10A2B00029980169006A884206D9FFE7289A2999F6
:10A2C000086A801A086206E02998006A289029998D
:10A2D00000200862FFE7FFE72A9814902998407849
:10A2E000002854D1FFE7FFE72A9812902A98B0F887
:10A2F000501012980844129012982999097800EB8E
:10A30000C10000F206401190FFE7119908886FF331
:10A310009F200880289830B9FFE71199088840F4F9
:10A320000040088030E028983E2815D8FFE7FFE776
:10A330002898400810909DF8A000C00720B1FFE7C2
:10A34000109801301090FFE7109A1199088840EAA0
:10A3500082200880FFE716E0FFE728984009109068
:10A360009DF8A000C00620B9FFE7109801381090B2
:10A37000FFE7109A1199088840EA822040F40040D3
:10A380000880FFE7FFE7FFE7FFE7FFE717E029980F
:10A390004078012812D1FFE72A98B0F8501014989D
:10A3A0000844149014982999097800EBC10000F230
:10A3B00006401390289813990880FFE7FFE7FFE70E
:10A3C00029984089ADF89E002A9829994969BDF8D5
:10A3D0009E20BDF8A03000F0DDFAFFE73BE02998B1
:10A3E000006A2890FFE72A982999097830F8210017
:10A3F00048F68F610840ADF83E00BDF83E0048F2D7
:10A40000800108432A99299A127821F82200FFE74F
:10A41000FFE72A980E902A98B0F850100E9808443A
:10A420000E900E982999097800EBC10000F20240C5
:10A430000D9028980D990880FFE729980089ADF8BC
:10A440009E002A9829994969BDF89E20BDF8A03040
:10A4500000F0A0FAFFE717E1289A2999086A801A04
:10A4600008622A982999097830F8210040060028C6
:10A4700040F18480FFE7FFE72A980C902998407804
:10A48000002854D1FFE7FFE72A980A902A98B0F8ED
:10A4900050100A9808440A900A982999097800EB04
:10A4A000C10000F206400990FFE7099908886FF3A0
:10A4B0009F200880289830B9FFE70999088840F460
:10A4C0000040088030E028983E2815D8FFE7FFE7D5
:10A4D0002898400808909DF8A000C00720B1FFE729
:10A4E000089801300890FFE7089A0999088840EA1F
:10A4F00082200880FFE716E0FFE7289840090890CF
:10A500009DF8A000C00620B9FFE708980138089020
:10A51000FFE7089A0999088840EA822040F4004041
:10A520000880FFE7FFE7FFE7FFE7FFE717E029986D
:10A530004078012812D1FFE72A98B0F850100C9803
:10A5400008440C900C982999097800EBC10000F29E
:10A5500006400B9028980B990880FFE7FFE7FFE77C
:10A5600029984089ADF89E002A9829994969BDF833
:10A570009E20BDF8A03000F00DFA84E0FFE7299896
:10A580004078002854D1FFE7FFE72A9807902A98DF
:10A59000B0F850100798084407900798299909784F
:10A5A00000EBC10000F202400690FFE70699088820
:10A5B0006FF39F200880289830B9FFE70699088834
:10A5C00040F40040088030E028983E2815D8FFE786
:10A5D000FFE72898400805909DF8A000C00720B12B
:10A5E000FFE7059801300590FFE7059A069908886E
:10A5F00040EA82200880FFE716E0FFE7289840093C
:10A6000005909DF8A000C00620B9FFE70598013825
:10A610000590FFE7059A0699088840EA822040F4F1
:10A6200000400880FFE7FFE7FFE7FFE7FFE71BE0E9
:10A6300029984078012816D1FFE7FFE72A9804906F
:10A640002A98B0F850100498084404900498299966
:10A65000097800EBC10000F20240039028980399AA
:10A660000880FFE7FFE7FFE7FFE729980089ADF8DB
:10A670009E002A9829994969BDF89E20BDF8A0300E
:10A6800000F088F9FFE7FFE7FFE7FFE72A9829993D
:10A69000097830F8210048F6BF710840ADF80A008B
:10A6A000BDF80A0080F01000ADF80A00BDF80A00FD
:10A6B00080F02000ADF80A00BDF80A0048F28001E1
:10A6C00008432A99299A127821F82200FFE7C0E06E
:10A6D0002998007B002847D1FFE729988069D8B9DD
:10A6E000FFE72998C078B8B9FFE7FFE72A982999CA
:10A6F000097830F8210048F68F710840ADF808005D
:10A70000BDF8080048F2801108432A99299A127866
:10A7100021F82200FFE716E0FFE72A982999097837
:10A7200030F8210048F68F610840ADF80600BDF80A
:10A73000060048F2800108432A99299A127821F8E4
:10A740002200FFE7FFE7299801698069884206D95E
:10A75000FFE729990A698869801A886103E02999C5
:10A7600000208861FFE751E02998C07802283ED197
:10A77000FFE72998C069C8B3FFE72A9829990978A3
:10A7800030F82100ADF89C00BDF89C004004002882
:10A7900006D5FFE7BDF89C00400600280CD4FFE773
:10A7A000BDF89C00400400281FD4FFE7BDF89C00C2
:10A7B0004006002819D4FFE7FFE7FFE72A98299908
:10A7C000097830F8210048F68F710840ADF8040090
:10A7D000BDF8040048F2C00108432A99299A12786A
:10A7E00021F82200FFE7FFE7FFE7FFE70DE02998E8
:10A7F000C078012804D1FFE729990020886103E08F
:10A8000001208DF8AF0028E0FFE7FFE7FFE72A9877
:10A810002999097830F821004BF68F710840ADF87E
:10A820000200BDF8020080F48050ADF80200BDF8CF
:10A83000020080F40050ADF80200BDF8020048F2BA
:10A84000800108432A99299A127821F82200FFE70B
:10A85000FFE700208DF8AF00FFE79DF8AF002CB0B8
:10A8600080BD000082B0019001990020A1F8440051
:10A870004BF6807100910099019AA2F8401002B045
:10A880007047000080B547F2A470C2F20000EEF7F6
:10A89000ABFD80BD82B001900198B0F844000090FB
:10A8A000009802B07047000089B008900791ADF899
:10A8B0001A20ADF81830BDF8180040080590089827
:10A8C0000490079800900498BDF81A10084400F509
:10A8D0008060019005980390FFE70398C0B1FFE7FF
:10A8E0000198008802900198023001900298009926
:10A8F00008700098013000900298000A00990870D2
:10A90000009801300090FFE7039801380390E4E7D6
:10A910009DF81800C00738B1FFE701980088029041
:10A92000029800990870FFE709B0704780B582B0BF
:10A93000019000910199009A45F6AC50C2F20000D6
:10A94000E5F797FC45F6EC51C2F2000108680130CA
:10A9500008600198E6F7A2F902B080BD80B582B028
:10A9600001908DF8031001989DF80310E7F7AEF9F8
:10A9700002B080BD82B001908DF803109DF80300F5
:10A9800028B9FFE701998020A1F84C00FFE70020DB
:10A9900002B0704789B008900791ADF81A20ADF861
:10A9A0001830BDF818000130400805900898049050
:10A9B000079800900498BDF81A10084400F58060CC
:10A9C000019005980390FFE70398F0B1FFE7009826
:10A9D0000078ADF80A0000984178BDF80A0040EA16
:10A9E0000120ADF80A00BDF80A000199088001981D
:10A9F00002300190009801300090009801300090E2
:10AA0000FFE7039801380390DEE709B070470000C4
:10AA1000FFE7FEE780B582B00190019841F628017A
:10AA2000C0F602010422E5F758FC50B9FFE701988F
:10AA3000011D46F6F050C2F200001422E5F719FCA1
:10AA4000FFE702B080BD000081B08DF803009DF9E2
:10AA5000030000280ED4FFE79DF9031001F01F0248
:10AA6000012090404A094EF20011CEF2000141F857
:10AA70002200FFE701B070474EF60C50CEF2000006
:10AA80000068C0F30220704782B08DF80700009183
:10AA90009DF9070000280AD4FFE7009800019DF9FE
:10AAA00007104EF20042CEF2000288540BE00098EC
:10AAB00000019DF8071001F00F014EF61452CEF27E
:10AAC00000028854FFE702B07047000083B0029094
:10AAD000029800F0070000904EF60C51CEF20001F3
:10AAE0000868019001984FF6FF021040019001980C
:10AAF000009A40EA02200022C0F2FA52104301906C
:10AB00000198086003B070472DE9F04184B000203F
:10AB10000390FFE70398062824DCFFE70398C0EBC7
:10AB2000001240F24C00C2F201000D3000218154AD
:10AB3000039AC2EB0212024451700399C1EB011255
:10AB4000024491700399C1EB01110144D1F8030053
:10AB5000012262F30200C1F80300FFE7039801300D
:10AB60000390D7E707200290FFE70298062811DC40
:10AB7000FFE70298C0EB001140F24C00C2F2010066
:10AB80000144086920F007000861FFE702980130DE
:10AB90000290EAE740F29040C2F200000268D2F868
:10ABA0000310042767F3C501C2F803100268D2F846
:10ABB0000310012666F30201C2F803100268D2F8FE
:10ABC000031021F47071C2F803100268D2F8031068
:10ABD000062565F38D21C2F803100268D2F807102C
:10ABE0004FF4707464F39421C2F807100268D2F82D
:10ABF00007104FF4077E6EF35F51C2F8071002682A
:10AC0000D2F807104FF0100C6CF30901C2F80710CE
:10AC10000268D2F80310322363F39631C2F80310AE
:10AC20000268D2F80310822363F3DF51C2F80310E5
:10AC30000368D3F80B104FF4BE7262F39421C3F88B
:10AC40000B100168D1F80B0062F35F50C1F80B00E4
:10AC500040F28040C2F200000368D3F8031067F3AB
:10AC6000C501C3F803100368D3F8031066F30201AB
:10AC7000C3F803100368D3F8031021F47071C3F80C
:10AC800003100368D3F8031065F38D21C3F8031094
:10AC90000368D3F8071064F39421C3F8071003681E
:10ACA000D3F807106EF35F51C3F807100368D3F8A9
:10ACB00007106CF30901C3F807100368D3F80310F9
:10ACC00040F20D1C6CF39631C3F803100368D3F8FF
:10ACD000031040F20F1C6CF3DF51C3F8031003683C
:10ACE000D3F80B1062F39421C3F80B100168D1F86C
:10ACF0000B0062F35F50C1F80B0040F28440C2F2D7
:10AD000000000268D2F8031065F3C501C2F8031011
:10AD10000268D2F8031066F30201C2F80310026859
:10AD2000D2F8031021F47071C2F803100268D2F84F
:10AD3000031065F38D21C2F803100268D2F80710E2
:10AD40004FF4F17363F39421C2F807100268D2F84C
:10AD500007104FF4207363F35F51C2F807100268C5
:10AD6000D2F80710032363F30901C2F80710026841
:10AD7000D2F803104FF01E0E6EF39631C2F8031096
:10AD800001682D20C1F80B0040F26C40C2F20000B7
:10AD90000268D2F8031067F3C501C2F80310026815
:10ADA000D2F8031066F30201C2F803100268D2F869
:10ADB000031021F47071C2F803100268D2F8031076
:10ADC00065F38D21C2F803100268D2F8071040F233
:10ADD000636363F39421C2F807100268D2F8071086
:10ADE0004FF43D7363F35F51C2F807100268D2F865
:10ADF0000710052464F30901C2F807100268D2F8AD
:10AE000003106EF39631C2F803100268D2F80310F3
:10AE10004FF4A57C6CF3DF51C2F803100368D3F83C
:10AE20000B10152262F39421C3F80B100168D1F8BE
:10AE30000B0062F35F50C1F80B0040F26840C2F2B1
:10AE400000000368D3F8031067F3C501C3F80310CB
:10AE50000368D3F8031066F30201C3F80310036814
:10AE6000D3F8031021F47071C3F803100368D3F80A
:10AE7000031065F38D21C3F803100368D3F807109E
:10AE800040F2326868F39421C3F807100368D3F8DE
:10AE9000071040F2A52868F35F51C3F80710036854
:10AEA000D3F8071064F30901C3F807100368D3F857
:10AEB00003106EF39631C3F803100368D3F8031040
:10AEC0006CF3DF51C3F803100368D3F80B1062F37F
:10AED0009421C3F80B100168D1F80B0062F35F50A6
:10AEE000C1F80B0040F27040C2F200000368D3F8D2
:10AEF000031067F3C501C3F803100368D3F8031008
:10AF000066F30201C3F803100368D3F8031021F4B9
:10AF10007071C3F803100368D3F8031065F38D2133
:10AF2000C3F803100368D3F8071040F2926868F37F
:10AF30009421C3F807100368D3F807104FF428785A
:10AF400068F35F51C3F807100368D3F8071064F380
:10AF50000901C3F807100368D3F803106EF39631A4
:10AF6000C3F803100368D3F803106CF3DF51C3F880
:10AF700003100368D3F80B1062F39421C3F80B108D
:10AF80000168D1F80B0062F35F50C1F80B0040F28A
:10AF90007C40C2F200000368D3F8031067F3C501D8
:10AFA000C3F803100368D3F8031066F30201C3F873
:10AFB00003100368D3F8031021F47071C3F8031071
:10AFC0000368D3F8031065F38D21C3F803100368F9
:10AFD000D3F8071040F2876565F39421C3F8071092
:10AFE0000368D3F807104FF4347565F35F51C3F865
:10AFF00007100368D3F8071064F30901C3F80710BA
:10B000000368D3F803106EF39631C3F80310036896
:10B01000D3F803106CF3DF51C3F803100368D3F8BF
:10B020000B1062F39421C3F80B100168D1F80B00E8
:10B0300062F35F50C1F80B0040F24C00C2F2010015
:10B04000019003F00DFE0198782103F0FFF804B0A1
:10B05000BDE8F0812DE9F04784B000200390FFE7C0
:10B060000398062825DCFFE70398C0EB001240F2A6
:10B07000C400C2F201000D3000218154039AC2EBDA
:10B08000021202445170039AD11DC2EB0212024413
:10B0900091700399C1EB01110144D1F80300012221
:10B0A00062F30200C1F80300FFE703980130039048
:10B0B000D6E707200290FFE70298062811DCFFE799
:10B0C0000298C0EB001140F2C400C2F2010001443A
:10B0D000086920F007000861FFE70298013002903C
:10B0E000EAE740F27840C2F200000268D2F80310AA
:10B0F0004FF0040969F3C501C2F803100268D2F8E1
:10B1000003104FF0010E6EF30201C2F80310026843
:10B11000D2F8031021F47071C2F803100268D2F85B
:10B120000310062363F38D21C2F803100268D2F8DE
:10B13000071040F2616C6CF39421C2F807100268AA
:10B14000D2F807104FF4257C6CF35F51C2F807105A
:10B150000268D2F807104FF0050C6CF30901C2F831
:10B1600007100268D2F803101E2666F39631C2F863
:10B1700003100268D2F803104FF4A57565F3DF5190
:10B18000C2F803100468D4F80B10152262F394215E
:10B19000C4F80B100168D1F80B0062F35F50C1F8DE
:10B1A0000B0040F27440C2F200000468D4F80310AF
:10B1B00069F3C501C4F803100468D4F803106EF3F2
:10B1C0000201C4F803100468D4F8031021F470716C
:10B1D000C4F803100468D4F8031063F38D21C4F895
:10B1E00003100468D4F8071040F23C6767F3942119
:10B1F000C4F807100468D4F807104FF4357767F3E4
:10B200005F51C4F807100468D4F807106CF3090103
:10B21000C4F807100468D4F8031066F39631C4F834
:10B2200003100468D4F8031065F3DF51C4F8031069
:10B230000468D4F80B1062F39421C4F80B10016871
:10B24000D1F80B0062F35F50C1F80B0040F2584098
:10B25000C2F200000468D4F8031069F3C501C4F811
:10B2600003100468D4F803106EF30201C4F803104D
:10B270000468D4F8031021F47071C4F80310046852
:10B28000D4F8031063F38D21C4F803100468D4F8D4
:10B2900007104FF4C16767F39421C4F807100468DE
:10B2A000D4F8071040F2033868F35F51C4F8071070
:10B2B0000468D4F807106CF30901C4F80710046897
:10B2C000D4F8031066F39631C4F803100468D4F878
:10B2D000031065F3DF51C4F803100468D4F80B10B1
:10B2E00062F39421C4F80B100168D1F80B0062F3EB
:10B2F0005F50C1F80B0040F26040C2F200000468E9
:10B30000D4F8031069F3C501C4F803100468D4F835
:10B3100003106EF30201C4F803100468D4F803109C
:10B3200021F47071C4F803100468D4F8031063F3B7
:10B330008D21C4F803100468D4F8071067F3942132
:10B34000C4F807100468D4F8071040F2792767F3AF
:10B350005F51C4F807100468D4F807106CF30901B2
:10B36000C4F807100468D4F8031066F39631C4F8E3
:10B3700003100468D4F8031065F3DF51C4F8031018
:10B380000468D4F80B1062F39421C4F80B10016820
:10B39000D1F80B0062F35F50C1F80B0040F25C4043
:10B3A000C2F200000468D4F8031069F3C501C4F8C0
:10B3B00003100468D4F803106EF30201C4F80310FC
:10B3C0000468D4F8031021F47071C4F80310046801
:10B3D000D4F8031063F38D21C4F803100468D4F883
:10B3E00007104FF4D76868F39421C4F80710046875
:10B3F000D4F8071040F2023A6AF35F51C4F807101C
:10B400000468D4F807106CF30901C4F80710046845
:10B41000D4F8031066F39631C4F803100468D4F826
:10B42000031065F3DF51C4F803100468D4F80B105F
:10B4300062F39421C4F80B100168D1F80B0062F399
:10B440005F50C1F80B0040F26440C2F20000046893
:10B45000D4F8031069F3C501C4F803100468D4F8E4
:10B4600003106EF30201C4F803100468D4F803104B
:10B4700021F47071C4F803100468D4F8031063F366
:10B480008D21C4F803100468D4F8071068F39421E0
:10B49000C4F807100468D4F8071067F35F51C4F8C4
:10B4A00007100468D4F807106CF30901C4F80710FA
:10B4B0000468D4F8031066F39631C4F803100468E6
:10B4C000D4F8031065F3DF51C4F803100468D4F80E
:10B4D0000B1062F39421C4F80B100168D1F80B0033
:10B4E00062F35F50C1F80B0040F25440C2F200001A
:10B4F0000268D2F8031021F03801C2F80310026884
:10B50000D2F803106EF30201C2F803100268D2F8F9
:10B51000031021F47071C2F803100268D2F803100E
:10B5200063F38D21C2F803100268D2F807104FF4BC
:10B53000C86363F39421C2F807100368D3F80710B7
:10B540004FF4547262F35F51C3F807100368D3F8E5
:10B5500007106CF30901C3F807100368D3F80B1048
:10B5600040F28B6C6CF39421C3F80B100168D1F896
:10B570000B0062F35F50C1F80B0040F2C400C2F24E
:10B580000100019003F06CFB0198782102F05EFE4F
:10B5900004B0BDE8F087000080B584B000200390BF
:10B5A000FFE70398012826DCFFE70398C0EB0012B1
:10B5B00040F23C10C2F201000D3000218154039A88
:10B5C000C2EB021202445170039A02F10E01C2EB67
:10B5D0000212024491700399C1EB01110144D1F8A8
:10B5E0000300012262F30200C1F80300FFE70398A1
:10B5F00001300390D5E702200290FFE7029801286E
:10B6000011DCFFE70298C0EB001140F23C10C2F2DF
:10B6100001000144086920F007000861FFE7029873
:10B6200001300290EAE740F28C40C2F2000002686A
:10B63000D2F803104FF0060C6CF3C501C2F80310EA
:10B640000268D2F80310012363F30201C2F8031069
:10B650000268D2F8031021F47071C2F80310026876
:10B66000D2F803106CF38D21C2F803100268D2F8EF
:10B67000071040F2566C6CF39421C2F80710026870
:10B68000D2F8071040F2622C6CF35F51C2F8071039
:10B690000268D2F807104FF0030C6CF30901C2F8EE
:10B6A00007100268D2F803104FF01E0C6CF39631AD
:10B6B000C2F803100068C0F80B3040F25040C2F2EC
:10B6C00000000268D2F8031063F3C501C2F803104A
:10B6D0000268D2F8031063F30201C2F80310026893
:10B6E000D2F8031021F47071C2F803100268D2F886
:10B6F0000310052363F38D21C2F803100268D2F80A
:10B70000071040F28F3C6CF39421C2F807100268D6
:10B71000D2F8071040F2AE2C6CF35F51C2F807105C
:10B720000268D2F8071063F30901C2F80710026833
:10B73000D2F80B1040F2F33363F39421C2F80B10EC
:10B740000168D1F80B0040F2123262F35F50C1F889
:10B750000B0040F23C10C2F20100019003F046FAE7
:10B7600001982D2102F072FD04B080BD80B582B039
:10B7700040F26A11C2F201010191002048738873FE
:10B780001020C8730869012363F30200086140F2C6
:10B790009440C2F200000268D2F8031041F0380170
:10B7A000C2F803100268D2F8031063F30201C2F872
:10B7B00003100268D2F8031021F47071C2F803106C
:10B7C0000268D2F80310062363F38D21C2F8031038
:10B7D0000268D2F8071040F2764C6CF39421C2F85C
:10B7E00007100268D2F8071040F2162C6CF35F5174
:10B7F000C2F807100268D2F807104FF0020C6CF381
:10B800000901C2F807100268D2F803104FF0140CB7
:10B810006CF39631C2F803100268D2F8031063F398
:10B82000DF51C2F8031000680F3041F64901C0F63D
:10B830000201E4F749FD019803F04CFA01983C211C
:10B8400002F004FD02B080BD80B582B040F2A611C6
:10B85000C2F2010101910020487388731120C8735E
:10B860000869012363F30200086140F28840C2F2D4
:10B8700000000268D2F8031041F03801C2F803104A
:10B880000268D2F8031063F30201C2F803100268E1
:10B89000D2F8031021F47071C2F803100268D2F8D4
:10B8A0000310062363F38D21C2F803100268D2F857
:10B8B000071040F2764C6CF39421C2F8071002682E
:10B8C000D2F8071040F2F91C6CF35F51C2F8071070
:10B8D0000268D2F807104FF0020C6CF30901C2F8AD
:10B8E00007100268D2F803104FF0140C6CF3963175
:10B8F000C2F803100268D2F8031063F3DF51C2F8F4
:10B90000031000680F3041F64201C0F60201E4F76F
:10B91000DBFC019803F0DEF901983C2102F096FC73
:10B9200002B080BD2DE9F04184B000200390FFE714
:10B930000398062824DCFFE70398C0EB001240F2CE
:10B94000E210C2F201000D30002181540399C1EBD5
:10B950000111014401224A700399C1EB0113034410
:10B9600099700399C1EB01110144D1F8030062F30E
:10B970000200C1F80300FFE7039801300390D7E706
:10B9800007200290FFE70298062811DCFFE70298E3
:10B99000C0EB001140F2E210C2F20100014408695C
:10B9A00020F007000861FFE7029801300290EAE703
:10B9B00040F2E440C2F200000268D2F8031021F025
:10B9C0003801C2F803100268D2F80310012666F3AA
:10B9D0000201C2F803100268D2F8031021F470715A
:10B9E000C2F803100268D2F80310082565F38D2110
:10B9F000C2F803100268D2F8071040F2C62363F3BE
:10BA00009421C2F807100368D3F807104FF4AA7204
:10BA100062F35F51C3F807100368D3F8071066F3A9
:10BA20000901C3F807100368D3F80B104FF4976CA3
:10BA30006CF39421C3F80B100168D1F80B0062F38A
:10BA40005F50C1F80B0040F2E840C2F2000002680B
:10BA5000D2F8031021F03801C2F803100268D2F8BE
:10BA6000031066F30201C2F803100268D2F8031053
:10BA700021F47071C2F803100268D2F8031065F364
:10BA80008D21C2F803100268D2F807104FF47074C9
:10BA900064F39421C2F807100268D2F8071040F24C
:10BAA000572363F35F51C2F807100268D2F80710FA
:10BAB00066F30901C2F807100268D2F80B1064F3AC
:10BAC0009421C2F80B100168D1F80B00FA2262F33E
:10BAD0005F50C1F80B0040F20850C2F2000002684B
:10BAE000D2F80310042767F3C501C2F803100268F7
:10BAF000D2F8031066F30201C2F803100268D2F80C
:10BB0000031021F47071C2F803100268D2F8031018
:10BB100065F38D21C2F803100268D2F8071064F3B0
:10BB20009421C2F807100268D2F807104FF4077E7C
:10BB30006EF35F51C2F807100268D2F807104FF099
:10BB4000100C6CF30901C2F807100268D2F8031058
:10BB5000312363F39631C2F803100268D2F8031060
:10BB6000322363F3DF51C2F803100368D3F80B10DC
:10BB70004FF4BE7262F39421C3F80B100168D1F840
:10BB80000B0062F35F50C1F80B0040F20C50C2F2A0
:10BB900000000368D3F8031067F3C501C3F803106E
:10BBA0000368D3F8031066F30201C3F803100368B7
:10BBB000D3F8031021F47071C3F803100368D3F8AD
:10BBC000031065F38D21C3F803100368D3F8071041
:10BBD00064F39421C3F807100368D3F807106EF3D9
:10BBE0005F51C3F807100368D3F807106CF309011D
:10BBF000C3F807100368D3F803104FF0820868F306
:10BC00009631C3F803100368D3F803104FF083088C
:10BC100068F3DF51C3F803100368D3F80B1062F325
:10BC20009421C3F80B100168D1F80B0062F35F5048
:10BC3000C1F80B0040F21050C2F200000268D2F8C6
:10BC4000031067F3C501C2F803100268D2F80310AD
:10BC500066F30201C2F803100268D2F8031021F45F
:10BC60007071C2F803100268D2F8031065F38D21D9
:10BC7000C2F803100268D2F8071064F39421C2F8E6
:10BC800007100268D2F807106EF35F51C2F8071070
:10BC90000268D2F807106CF30901C2F807100268B5
:10BCA000D2F803105A2363F39631C2F803100268E6
:10BCB000D2F803105B2363F3DF51C2F8031003686B
:10BCC000D3F80B104FF4B47262F39421C3F80B1045
:10BCD0000168D1F80B0062F35F50C1F80B0040F22D
:10BCE0001450C2F200000368D3F8031067F3C501D3
:10BCF000C3F803100368D3F8031066F30201C3F816
:10BD000003100368D3F8031021F47071C3F8031013
:10BD10000368D3F8031065F38D21C3F8031003689B
:10BD2000D3F8071064F39421C3F807100368D3F81D
:10BD300007106EF35F51C3F807100368D3F80710BC
:10BD40006CF30901C3F807100368D3F803104FF030
:10BD5000730868F39631C3F803100368D3F803102F
:10BD60004FF0740868F3DF51C3F803100368D3F889
:10BD70000B1062F39421C3F80B100168D1F80B008B
:10BD800062F35F50C1F80B0040F21850C2F200009D
:10BD90000368D3F8031067F3C501C3F80310036801
:10BDA000D3F8031066F30201C3F803100368D3F855
:10BDB000031021F47071C3F803100368D3F8031063
:10BDC00065F38D21C3F803100368D3F8071064F3FB
:10BDD0009421C3F807100368D3F807106EF35F517E
:10BDE000C3F807100368D3F807106CF30901C3F810
:10BDF00007100368D3F803104FF0410C6CF3963131
:10BE0000C3F803100368D3F803104FF0420C6CF32F
:10BE1000DF51C3F803100368D3F80B1062F39421C9
:10BE2000C3F80B100168D1F80B0062F35F50C1F842
:10BE30000B0040F2E210C2F20100019002F010FF8C
:10BE40000198782102F002FA04B0BDE8F081000008
:10BE50002DE9F04184B000200390FFE70398062805
:10BE600025DCFFE70398C0EB001240F25A20C2F233
:10BE700001000D30002181540399C1EB01110144EF
:10BE800001224A70039BD91DC3EB0313034499702D
:10BE90000399C1EB01110144D1F8030062F30200E0
:10BEA000C1F80300FFE7039801300390D6E70720AD
:10BEB0000290FFE70298062811DCFFE70298C0EB2A
:10BEC000001140F25A20C2F201000144086920F03A
:10BED00007000861FFE7029801300290EAE740F2AC
:10BEE000C440C2F200000268D2F80310042767F3CE
:10BEF000C501C2F803100268D2F803104FF0010E1A
:10BF00006EF30201C2F803100268D2F8031021F4A4
:10BF10007071C2F803100268D2F803104FF0080CD9
:10BF20006CF38D21C2F803100268D2F807104FF4A9
:10BF3000707666F39421C2F807100268D2F80710F1
:10BF40004FF4077565F35F51C2F807100268D2F825
:10BF50000710102464F30901C2F807100268D2F830
:10BF60000310F52363F39631C2F803100268D2F888
:10BF70000310F62363F3DF51C2F803100368D3F80C
:10BF80000B104FF4B47262F39421C3F80B100168E4
:10BF9000D1F80B0062F35F50C1F80B0040F2C040D3
:10BFA000C2F200000368D3F8031067F3C501C3F8B9
:10BFB00003100368D3F803106EF30201C3F80310F3
:10BFC0000368D3F8031021F47071C3F803100368F9
:10BFD000D3F803106CF38D21C3F803100368D3F872
:10BFE000071066F39421C3F807100368D3F807100D
:10BFF00065F35F51C3F807100368D3F8071064F3C3
:10C000000901C3F807100368D3F8031040F227189A
:10C0100068F39631C3F803100368D3F803104FF4A4
:10C02000947868F3DF51C3F803100368D3F80B105A
:10C0300062F39421C3F80B100168D1F80B0062F38E
:10C040005F50C1F80B0040F2BC40C2F20000036830
:10C05000D3F8031067F3C501C3F803100368D3F8DE
:10C0600003106EF30201C3F803100368D3F8031042
:10C0700021F47071C3F803100368D3F803106CF354
:10C080008D21C3F803100368D3F8071066F39421D9
:10C09000C3F807100368D3F8071065F35F51C3F8BE
:10C0A00007100368D3F8071064F30901C3F80710F9
:10C0B0000368D3F803104FF4877868F39631C3F818
:10C0C00003100368D3F8031040F20F1868F3DF5130
:10C0D000C3F803100368D3F80B1062F39421C3F87C
:10C0E0000B100168D1F80B0062F35F50C1F80B0030
:10C0F00040F2B840C2F200000268D2F8031067F3C1
:10C10000C501C2F803100268D2F803106EF30201F1
:10C11000C2F803100268D2F8031021F47071C2F85B
:10C1200003100268D2F803106CF38D21C2F80310DB
:10C130000268D2F8071066F39421C2F8071002686B
:10C14000D2F8071065F35F51C2F807100268D2F801
:10C15000071064F30901C2F807100268D2F803104F
:10C160004FF49B7363F39631C2F803100268D2F860
:10C17000031040F2371363F3DF51C2F80310036872
:10C18000D3F80B104FF4BE7262F39421C3F80B1076
:10C190000168D1F80B0062F35F50C1F80B0040F268
:10C1A000B440C2F200000368D3F8031067F3C5017E
:10C1B000C3F803100368D3F803106EF30201C3F849
:10C1C00003100368D3F8031021F47071C3F803104F
:10C1D0000368D3F803106CF38D21C3F803100368D0
:10C1E000D3F8071066F39421C3F807100368D3F857
:10C1F000071065F35F51C3F807100368D3F8071001
:10C2000064F30901C3F807100368D3F80310E524A9
:10C2100064F39631C3F803100368D3F80310E624DF
:10C2200064F3DF51C3F803100368D3F80B1062F313
:10C230009421C3F80B100168D1F80B0062F35F5032
:10C24000C1F80B0040F2F040C2F200000268D2F8E0
:10C250000310022464F3C501C2F803100268D2F887
:10C2600003106EF30201C2F803100268D2F8031043
:10C2700021F47071C2F803100268D2F803106CF355
:10C280008D21C2F803100268D2F8071040F2BF33C4
:10C2900063F39421C2F807100368D3F8071040F243
:10C2A0001D2262F35F51C3F807100368D3F807102B
:10C2B00064F30901C3F807100168D1F80B001423D7
:10C2C00063F30900C1F80B0040F2D040C2F2000055
:10C2D0000368D3F8031021F03801C3F80310036892
:10C2E000D3F803106EF30201C3F803100368D3F808
:10C2F000031021F47071C3F803100368D3F803101E
:10C300006CF38D21C3F803100368D3F807104FF4C2
:10C31000257C6CF39421C3F807100368D3F8071049
:10C3200040F21B2C6CF35F51C3F807100368D3F87D
:10C3300007104FF0030C6CF30901C3F807100368F2
:10C34000D3F80B1040F2EE4C6CF39421C3F80B10B1
:10C350000168D1F80B0062F35F50C1F80B0040F2A6
:10C360005A20C2F20100019002F07AFC0198782173
:10C3700001F06CFF04B0BDE8F081000080B582B030
:10C3800040F2D221C2F20101019100204873012341
:10C390008B732120C873086963F30200086140F2BF
:10C3A0000450C2F200000268D2F8031041F03801D4
:10C3B000C2F803100268D2F8031063F30201C2F856
:10C3C00003100268D2F8031021F47071C2F8031050
:10C3D0000268D2F803104FF0080C6CF38D21C2F8FC
:10C3E00003100268D2F8071040F2B12C6CF39421CC
:10C3F000C2F807100268D2F807104FF4BB7C6CF348
:10C400005F51C2F807100268D2F807104FF0020C13
:10C410006CF30901C2F807100268D2F803104FF05C
:10C420000F0C6CF39631C2F803100268D2F80310B7
:10C4300063F3DF51C2F8031000680F3041F6560174
:10C44000C0F60201E3F740FF019802F043FC0198B7
:10C450003C2101F0FBFE02B080BD00002DE9F0415F
:10C4600084B000200390FFE70398062826DCFFE74E
:10C470000398C0EB001240F20E30C2F201000D3002
:10C48000002181540399C1EB0111014401224A703A
:10C49000039B03F10E01C3EB03130344997003994B
:10C4A000C1EB01110144D1F8030062F30200C1F8AD
:10C4B0000300FFE7039801300390D5E707200290BF
:10C4C000FFE70298062811DCFFE70298C0EB001195
:10C4D00040F20E30C2F201000144086920F007006A
:10C4E0000861FFE7029801300290EAE740F29C40C1
:10C4F000C2F200000268D2F8031021F03801C2F83D
:10C5000003100268D2F80310012565F30201C2F896
:10C5100003100268D2F8031021F47071C2F80310FE
:10C520000268D2F80310082464F38D21C2F80310C6
:10C530000268D2F8071040F2326363F39421C2F824
:10C5400007100268D2F8071040F2A62363F35F5188
:10C55000C2F807100268D2F807104FF0050C6CF310
:10C560000901C2F807100268D2F80B1040F26263AA
:10C5700063F39421C2F80B100168D1F80B0040F26C
:10C58000C12666F35F50C1F80B0040F2D440C2F2FE
:10C5900000000268D2F8031021F03801C2F803103D
:10C5A0000268D2F8031065F30201C2F803100268B2
:10C5B000D2F8031021F47071C2F803100268D2F8A7
:10C5C000031064F38D21C2F803100268D2F807103B
:10C5D00040F28E3E6EF39421C2F80710D0F800E0CE
:10C5E000DEF807104FF4FA7262F35F51CEF80710CD
:10C5F000D0F800E0DEF8071065F30901CEF8071067
:10C60000D0F800E0DEF80B1040F2F23767F3942127
:10C61000CEF80B100168D1F80B0062F35F50C1F83F
:10C620000B0040F2A040C2F200000268D2F80310F2
:10C6300021F03801C2F803100268D2F8031065F344
:10C640000201C2F803100268D2F8031021F47071DD
:10C65000C2F803100268D2F8031064F38D21C2F807
:10C6600003100268D2F8071040F2926E6EF3942124
:10C67000C2F807100268D2F8071040F2A12E6EF33C
:10C680005F51C2F807100268D2F807106CF3090175
:10C69000C2F807100268D2F80B1040F2646E6EF315
:10C6A0009421C2F80B100168D1F80B004FF43072DE
:10C6B00062F35F50C1F80B0040F2A440C2F20000E8
:10C6C0000268D2F8031021F03801C2F803100268A2
:10C6D000D2F8031065F30201C2F803100268D2F821
:10C6E000031021F47071C2F803100268D2F803102D
:10C6F00064F38D21C2F803100268D2F8071063F3C7
:10C700009421C2F807100268D2F807104FF42E7E69
:10C710006EF35F51C2F807100268D2F807106CF38D
:10C720000901C2F807100268D2F80B1040F26367E3
:10C7300067F39421C2F80B100168D1F80B0040F2A6
:10C74000F62262F35F50C1F80B0040F2A840C2F23B
:10C7500000000268D2F8031021F03801C2F803107B
:10C760000268D2F8031065F30201C2F803100268F0
:10C77000D2F8031021F47071C2F803100268D2F8E5
:10C78000031064F38D21C2F803100268D2F8071079
:10C7900040F2616E6EF39421C2F807100268D2F87D
:10C7A000071066F35F51C2F807100268D2F807104D
:10C7B0006CF30901C2F807100268D2F80B1040F2BE
:10C7C0003B6868F39421C2F80B100168D1F80B00A4
:10C7D00040F2D52262F35F50C1F80B0040F2AC404A
:10C7E000C2F200000268D2F8031021F03801C2F84A
:10C7F00003100268D2F8031065F30201C2F80310B7
:10C800000268D2F8031021F47071C2F803100268B4
:10C81000D2F8031064F38D21C2F803100268D2F835
:10C82000071067F39421C2F807100268D2F80710C6
:10C8300066F35F51C2F807100268D2F807106CF374
:10C840000901C2F807100268D2F80B1040F289669D
:10C8500066F39421C2F80B100168D1F80B0040F286
:10C86000D22262F35F50C1F80B0040F2B040C2F236
:10C8700000000268D2F8031021F03801C2F803105A
:10C880000268D2F8031065F30201C2F803100268CF
:10C89000D2F8031021F47071C2F803100268D2F8C4
:10C8A000031064F38D21C2F803100268D2F8071058
:10C8B0006EF39421C2F807100268D2F8071040F214
:10C8C000962E6EF35F51C2F807100268D2F8071077
:10C8D0006CF30901C2F807100268D2F80B1063F379
:10C8E0009421C2F80B100168D1F80B004FF42F729D
:10C8F00062F35F50C1F80B0040F20E30C2F201004B
:10C90000019002F0ADF90198782101F09FFC04B08C
:10C91000BDE8F08170B584B000200390FFE7039874
:10C92000052826DCFFE70398C0EB001240F28630B2
:10C93000C2F201000D30002181540399C1EB0111B5
:10C94000014401224A70039B03F11501C3EB031359
:10C95000034499700399C1EB01110144D1F803001C
:10C9600062F30200C1F80300FFE70398013003906F
:10C97000D5E706200290FFE70298062811DCFFE7C2
:10C980000298C0EB001140F28630C2F2010001446F
:10C99000086920F007000861FFE702980130029063
:10C9A000EAE740F2CC40C2F200000268D2F803107D
:10C9B000022666F3C501C2F803100268D2F803101C
:10C9C0004FF0010C6CF30201C2F803100268D2F8B8
:10C9D000031021F47071C2F803100268D2F803103A
:10C9E000082363F38D21C2F803100268D2F8071000
:10C9F00040F2616565F39421C2F807100268D2F82D
:10CA0000071040F2BF2464F35F51C2F807100268B8
:10CA1000D2F807104FF0050E6EF30901C2F80710A7
:10CA20000168D1F80B00542262F30900C1F80B0031
:10CA300040F2C840C2F200000268D2F8031066F368
:10CA4000C501C2F803100268D2F803106CF30201AA
:10CA5000C2F803100268D2F8031021F47071C2F812
:10CA600003100268D2F8031063F38D21C2F803109B
:10CA70000268D2F8071065F39421C2F80710026823
:10CA8000D2F8071064F35F51C2F807100268D2F8B9
:10CA900007106EF30901C2F807100168D1F80B0006
:10CAA0008C2262F30900C1F80B0040F2D840C2F2B8
:10CAB00000000268D2F8031021F03801C2F8031018
:10CAC0000268D2F803106CF30201C2F80310026886
:10CAD000D2F8031021F47071C2F803100268D2F882
:10CAE000031063F38D21C2F803100268D2F8071017
:10CAF0004FF4577E6EF39421C2F807100468D4F8FF
:10CB000007104FF4E67262F35F51C4F8071004682F
:10CB1000D4F807106CF30901C4F807100468D4F8BE
:10CB20000B1040F2254565F39421C4F80B10016801
:10CB3000D1F80B0062F35F50C1F80B0040F2EC40FB
:10CB4000C2F200000268D2F8031021F03801C2F8E6
:10CB500003100268D2F803106CF30201C2F803104C
:10CB60000268D2F8031021F47071C2F80310026851
:10CB7000D2F8031063F38D21C2F803100268D2F8D3
:10CB800007106EF39421C2F807100268D2F807105C
:10CB90004FF4DC7464F35F51C2F807100268D2F8F6
:10CBA00007106CF30901C2F807100268D2F80B10E5
:10CBB0006EF39421C2F80B100168D1F80B004FF40A
:10CBC000CC7262F35F50C1F80B0040F2DC40C2F25D
:10CBD00000000268D2F8031021F03801C2F80310F7
:10CBE0000268D2F803106CF30201C2F80310026865
:10CBF000D2F8031021F47071C2F803100268D2F861
:10CC0000031063F38D21C2F803100268D2F80710F5
:10CC100040F22A3E6EF39421C2F80710D0F800E0EB
:10CC2000DEF807104FF4D27262F35F51CEF80710AE
:10CC3000D0F800E0DEF807106CF30901CEF8071019
:10CC4000D0F800E0DEF80B1040F2564464F3942173
:10CC5000CEF80B100168D1F80B0062F35F50C1F8F9
:10CC60000B0040F2E040C2F200000268D2F803106C
:10CC700021F03801C2F803100268D2F803106CF3F7
:10CC80000201C2F803100268D2F8031021F4707197
:10CC9000C2F803100268D2F8031063F38D21C2F8C2
:10CCA00003100268D2F807104FF43E7363F3942127
:10CCB000C2F807100368D3F807104FF4BE7262F38E
:10CCC0005F51C3F807100368D3F807106CF309012C
:10CCD000C3F807100368D3F80B104FF4916C6CF392
:10CCE0009421C3F80B100168D1F80B0062F35F5078
:10CCF000C1F80B0040F28630C2F20100019001F051
:10CD0000AFFF0198782101F0A1FA04B070BD0000D6
:10CD100080B582B040F2FE31C2F2010101910020E3
:10CD2000487301238B731B20C873086963F30200E7
:10CD3000086140F21C50C2F200000268D2F80310F1
:10CD400041F03801C2F803100268D2F8031063F30F
:10CD50000201C2F803100268D2F8031021F47071C6
:10CD6000C2F803100268D2F80310082363F38D2180
:10CD7000C2F803100268D2F807104FF4C76363F3D8
:10CD80009421C2F807100268D2F8071040F2272356
:10CD900063F35F51C2F807100268D2F8071004234A
:10CDA00063F30901C2F807100268D2F803102823C0
:10CDB00063F39631C2F803100268D2F80310072318
:10CDC00063F3DF51C2F8031000680F3041F65801D9
:10CDD000C0F60201E3F778FA019801F07BFF0198B1
:10CDE0003C2101F033FA02B080BD000080B582B072
:10CDF00040F23A41C2F2010101910020487301233F
:10CE00008B731C20C873086963F30200086140F249
:10CE10009840C2F200000268D2F8031041F03801D5
:10CE2000C2F803100268D2F8031063F30201C2F8DB
:10CE300003100268D2F8031021F47071C2F80310D5
:10CE40000268D2F80310062363F38D21C2F80310A1
:10CE50000268D2F8071040F29C6363F39421C2F891
:10CE600007100268D2F8071040F2D31363F35F5142
:10CE7000C2F807100268D2F80710022363F3090111
:10CE8000C2F807100268D2F80310142363F3963136
:10CE9000C2F803100268D2F80310092363F3DF51CC
:10CEA000C2F8031000680F3041F66001C0F60201BD
:10CEB000E3F70AFA019801F00DFF01983C2101F017
:10CEC000C5F902B080BD000080B582B040F2764165
:10CED000C2F2010101910020487301238B731D20D0
:10CEE000C873086963F30200086140F2F440C2F2BB
:10CEF00000000268D2F8031041F03801C2F80310B4
:10CF00000268D2F8031063F30201C2F8031002684A
:10CF1000D2F8031021F47071C2F803100268D2F83D
:10CF200003104FF0080C6CF38D21C2F80310026857
:10CF3000D2F8071040F27B3C6CF39421C2F8071042
:10CF40000268D2F8071040F2162C6CF35F51C2F859
:10CF500007100268D2F807104FF0020C6CF30901B9
:10CF6000C2F807100268D2F803104FF00F0C6CF3F0
:10CF70009631C2F803100268D2F8031063F3DF5150
:10CF8000C2F8031000680F3041F64E01C0F60201EE
:10CF9000E3F79AF9019801F09DFE01983C2101F018
:10CFA00055F902B080BD000080B582B040F2B241B8
:10CFB000C2F2010101910020487301238B731E20EE
:10CFC000C873086963F30200086140F2F840C2F2D6
:10CFD00000000268D2F8031041F03801C2F80310D3
:10CFE0000268D2F8031063F30201C2F8031002686A
:10CFF000D2F8031021F47071C2F803100268D2F85D
:10D0000003104FF0080C6CF38D21C2F80310026876
:10D01000D2F807104FF4527C6CF39421C2F8071039
:10D020000268D2F8071040F2ED1C6CF35F51C2F8B1
:10D0300007100268D2F807104FF0020C6CF30901D8
:10D04000C2F807100268D2F803104FF00F0C6CF30F
:10D050009631C2F803100268D2F8031063F3DF516F
:10D06000C2F8031000680F3041F65001C0F602010B
:10D07000E3F72AF9019801F02DFE01983C2101F017
:10D08000E5F802B080BD000080B582B040F2EE410C
:10D09000C2F2010101910020487301238B731F200C
:10D0A000C873086963F30200086140F2FC40C2F2F1
:10D0B00000000268D2F8031041F03801C2F80310F2
:10D0C0000268D2F8031063F30201C2F80310026889
:10D0D000D2F8031021F47071C2F803100268D2F87C
:10D0E00003104FF0080C6CF38D21C2F80310026896
:10D0F000D2F8071040F2153C6CF39421C2F80710E7
:10D100000268D2F807104FF4E37C6CF35F51C2F869
:10D1100007100268D2F807104FF0020C6CF30901F7
:10D12000C2F807100268D2F803104FF00F0C6CF32E
:10D130009631C2F803100268D2F8031063F3DF518E
:10D14000C2F8031000680F3041F65201C0F6020128
:10D15000E3F7BAF8019801F0BDFD01983C2101F018
:10D1600075F802B080BD000080B582B040F22A514F
:10D17000C2F2010101910020487301238B7320202A
:10D18000C873086963F30200086140F20050C2F2FC
:10D1900000000268D2F8031041F03801C2F8031011
:10D1A0000268D2F8031063F30201C2F803100268A8
:10D1B000D2F8031021F47071C2F803100268D2F89B
:10D1C00003104FF0080C6CF38D21C2F803100268B5
:10D1D000D2F8071040F2E22C6CF39421C2F8071049
:10D1E0000268D2F807104FF4CE7C6CF35F51C2F89E
:10D1F00007100268D2F807104FF0020C6CF3090117
:10D20000C2F807100268D2F803104FF00F0C6CF34D
:10D210009631C2F803100268D2F8031063F3DF51AD
:10D22000C2F8031000680F3041F65401C0F6020145
:10D23000E3F74AF8019801F04DFD01983C2101F017
:10D2400005F802B080BD000080B582B000200190DA
:10D25000FFE70198062812DCFFE70198C0EB0011F8
:10D2600040F24C00C2F2010001440869022262F35C
:10D2700002000861FFE7019801300190E9E740F200
:10D280004C00C2F20100009001F0EAFC0098782105
:10D2900000F0DCFF02B080BD80B582B000200190BC
:10D2A000FFE70198062812DCFFE70198C0EB0011A8
:10D2B00040F2C400C2F2010001440869022262F394
:10D2C00002000861FFE7019801300190E9E740F2B0
:10D2D000C400C2F20100009001F0C2FC0098782165
:10D2E00000F0B4FF02B080BD80B582B00020019094
:10D2F000FFE70198012812DCFFE70198C0EB00115D
:10D3000040F23C10C2F2010001440869022262F3BB
:10D3100002000861FFE7019801300190E9E740F25F
:10D320003C10C2F20100009001F060FC00982D2139
:10D3300000F08CFF02B080BD80B582B040F26A1070
:10D34000C2F2010001900169022262F3020101614F
:10D3500001F0C0FC01983C2100F078FF02B080BDD4
:10D3600080B582B040F2A610C2F2010001900169BE
:10D37000022262F30201016101F0ACFC01983C2140
:10D3800000F064FF02B080BD89B00890079106925A
:10D39000089840680590079840680490069840688F
:10D3A00003900899088849884843029002980190A0
:10D3B000FFE70198A8B1FFE70598011D059190EDE1
:10D3C000000A0498011D049190ED001A30EE010A44
:10D3D0000398011D039180ED000A01980138019026
:10D3E000E7E700208DF803009DF9030009B07047BE
:10D3F00083B00290ADF80610ADF804200093BDF89C
:10D40000060002990880BDF804000299488000983F
:10D410000299486003B07047BBB039903891399891
:10D420004068379038984068369039980088349032
:10D430003998408833900020329031902B90369864
:10D44000359034982C90FFE72C9858B3FFE7349828
:10D450002C99401A2A90FFE72A9848B1FFE735999E
:10D46000081D3590002008602A9801382A90F3E7BB
:10D470003599081D35904FF07E5008602C98013882
:10D480002A90FFE72A9848B1FFE73599081D3590A3
:10D49000002008602A9801382A90F3E72C98013878
:10D4A0002C90D1E700202990FFE7299833998842F2
:10D4B00080F05582FFE700202B9029982F90399912
:10D4C00048684988299A01FB022100EB81003590C8
:10D4D00035980068329029983090299801302D9025
:10D4E000FFE72D983499884225D2FFE7399948689B
:10D4F00049882D9A299B01FB023100EB8100359070
:10D500003598006831909DED310AB0EEC00A9DED6E
:10D51000321AB0EEC11AB4EE410AF1EE10FA05DD8E
:10D52000FFE72D98309031983290FFE7FFE72D9874
:10D5300001302D90D5E79DED320AB5EE400AF1EEAF
:10D5400010FA76D0FFE730982999884271D0FFE72A
:10D5500039984068259039984068249039984088D7
:10D56000239023982999401A22902F982399299A39
:10D5700000FB0121259800EB81002590309823992C
:10D58000299A00FB0121249800EB810024900020BF
:10D590002790FFE727982299884213DAFFE725981A
:10D5A000006826902498006825990A1D2592086035
:10D5B000269824990A1D24920860FFE727980130D5
:10D5C0002790E7E7389840681F90389840681E9089
:10D5D000389840881D901D981C902F981D994143A4
:10D5E0001F9800EB81001F9030981D9941431E98B1
:10D5F00000EB81001E9000202190FFE721981C99EC
:10D60000884213DAFFE71F98006820901E98006890
:10D610001F990A1D1F92086020981E990A1D1E92CC
:10D620000860FFE7219801302190E7E701202B9067
:10D63000FFE72B9801280CD0FFE79DED320AB5EEED
:10D64000400AF1EE10FA04D1FFE7FB208DF8EB0061
:10D65000C4E19DED321AB7EE000A80EE010A8DEDAD
:10D66000320A399840681A90399840881990199868
:10D670002999401A18902F981999299A00FB01218D
:10D680001A9800EB81001A9000201B90FFE71B986E
:10D690001899884210DAFFE79DED321A1A98011D99
:10D6A0001A9190ED000A20EE010A80ED000AFFE7D2
:10D6B0001B9801301B90EAE738984068169038981C
:10D6C00040881590159814902F98159941431698F5
:10D6D00000EB8100169000201790FFE7179814992F
:10D6E000884210DAFFE79DED321A1698011D169157
:10D6F00090ED000A20EE010A80ED000AFFE717987E
:10D7000001301790EAE700202D90FFE72D982F9920
:10D71000884280F08B80FFE73999486849882D9AC4
:10D72000299B01FB023100EB8100359035980068A0
:10D730003290399840681290399840681190399821
:10D740004088109010982999401A0F9012982D999E
:10D75000109A514300EB8100299900EB810012904F
:10D7600011982F99109A514300EB8100299900EBF1
:10D770008100119000201390FFE713980F998842C1
:10D7800017DAFFE79DED321A1198011D119190ED06
:10D79000002A1298011D129190ED000A21EE021A42
:10D7A00030EE410A80ED000AFFE713980130139034
:10D7B000E3E7389840680D90389840680C903898A6
:10D7C00040880B900B980A900D982D990B9A514315
:10D7D00000EB81000D900C982F990B9A514300EBB0
:10D7E00081000C9000200E90FFE70E980A99884265
:10D7F00017DAFFE79DED321A0C98011D0C9190EDA0
:10D80000002A0D98011D0D9190ED000A21EE021ADB
:10D8100030EE410A80ED000AFFE70E9801300E90CD
:10D82000E3E7FFE72D9801302D906FE72F98013047
:10D830002D90FFE72D983499884280F08B80FFE788
:10D840003999486849882D9A299B01FB023100EBE0
:10D85000810035903598006832903998406808907A
:10D860003998406807903998408806900698299919
:10D87000401A059008982D99069A514300EB8100B3
:10D88000299900EB8100089007982F99069A514337
:10D8900000EB8100299900EB81000790002009909E
:10D8A000FFE709980599884217DAFFE79DED321ADC
:10D8B0000798011D079190ED002A0898011D089115
:10D8C00090ED000A21EE021A30EE410A80ED000AC6
:10D8D000FFE7099801300990E3E738984068039022
:10D8E00038984068029038984088019001980090DC
:10D8F00003982D99019A514300EB810003900298FF
:10D900002F99019A514300EB81000290002004906E
:10D91000FFE704980099884217DAFFE79DED321A75
:10D920000298011D029190ED002A0398011D0391B8
:10D9300090ED000A21EE021A30EE410A80ED000A55
:10D94000FFE7049801300490E3E7FFE72D980130EA
:10D950002D906FE7FFE7299801302990A5E5002079
:10D960008DF8A3002B98012833D0FFE79DED320AF4
:10D97000B5EE400AF1EE10FA2BD1FFE73998406876
:10D98000379000202E90FFE72E983499339A514318
:10D99000884212D2FFE737982E9900EB810090ED74
:10D9A000000AB5EE400AF1EE10FA01D0FFE704E0FC
:10D9B000FFE72E9801302E90E6E72E983499339A9F
:10D9C0005143884204D1FFE7FB208DF8A300FFE715
:10D9D000FFE79DF8A3008DF8EB00FFE79DF9EB0052
:10D9E0003BB0704792B008AB0093119010910F922A
:10D9F000119840680E90109840680D9011984068FA
:10DA00000C90109840680B900F9840680A901198FD
:10DA10000088ADF81E0010984088ADF81C001198E1
:10DA20004088ADF81A0000200490BDF81E00039055
:10DA3000FFE70A98049900EB81000990BDF81C00EB
:10DA40000590109840680D90FFE7002008900C9812
:10DA50000E90BDF81A000290FFE70298D8B1FFE7D8
:10DA600000980E990A1D0E9291ED000A0D9991ED04
:10DA7000002A90ED001A20EE020A30EE010A80ED35
:10DA8000000ABDF81C100D9800EB81000D90029863
:10DA900001380290E1E7089809990A1D0992086087
:10DAA0000598013805900B98BDF81C10059A891A45
:10DAB00000EB81000D90FFE705980028C5D1FFE736
:10DAC0000498BDF81C10084404900C98BDF81A1076
:10DAD00000EB81000C90039801380390FFE7039856
:10DAE0000028A6D1FFE700208DF807009DF9070068
:10DAF00012B0704789B00890079106920898406864
:10DB0000059007984068049006984068039008992B
:10DB1000088849884843029002980190FFE70198DD
:10DB2000A8B1FFE70598011D059190ED000A049842
:10DB3000011D049190ED001A30EE410A0398011D79
:10DB4000039180ED000A019801380190E7E7002079
:10DB50008DF803009DF9030009B070478AB0099061
:10DB600008910998406807900898406806900998BD
:10DB70000088ADF8120009984088ADF81000BDF893
:10DB80001200029000200190FFE70698019900EB37
:10DB900081000590BDF810000390FFE7039880B165
:10DBA000FFE70798011D0791006805990860BDF817
:10DBB0001210059800EB810005900398013803903E
:10DBC000ECE7019801300190029801380290FFE7DC
:10DBD00002980028D9D1FFE700208DF803009DF9B5
:10DBE00003000AB07047000080B58AB0E3F7FCF983
:10DBF00080200590E3F7F0FA55200690E3F7ECFA61
:10DC00000698E3F7E9FA48F24401C2F200010891EC
:10DC10000870E3F7DFF901200790E8F7EDFBE3F781
:10DC2000E3F90598E3F7D8FA0698E3F7D5FA0698EA
:10DC3000E3F7D2FA08990870E3F7CCF90798E8F708
:10DC4000DBFBE3F7D1F97E20B621E3F7DDFAE3F75A
:10DC5000C1F95020E8F7D0FBE3F7C6F90598E3F7E0
:10DC6000BBFA0698E3F7B8FA0698E3F7B5FA08990D
:10DC70000870E3F7AFF90798E8F7BEFBE3F7B4F9EC
:10DC80000598E3F7A9FA0698E3F7A6FA0698E3F7EA
:10DC9000A3FA08990870E3F79DF90798E8F7ACFB39
:10DCA000089800781E2804D0FFE7FF208DF8270091
:10DCB00074E040F28451C2F2010100200870FFE7D5
:10DCC00040F28450C2F201000078052862DCFFE7D0
:10DCD000E3F78AF940F28450C2F201000390007821
:10DCE00000EB400240F22C50C2F200000490811878
:10DCF000805C4978E3F788FAE3F76CF9012001903A
:10DD0000E8F77AFBE3F770F903990498097801EBD7
:10DD10004101405C40F08000E3F75EFA552000903E
:10DD2000E3F75AFA0098E3F757FA48F24401C2F2CF
:10DD3000000102910870E3F74DF90198E8F75CFBE8
:10DD40000298039A04990078127802EB4202114477
:10DD50004978884215D0FFE740F28450C2F20100B2
:10DD6000007800EB400140F22C50C2F20000084461
:10DD7000827846F6A061C2F200010878104308706C
:10DD8000FFE7FFE740F28451C2F201010878013059
:10DD9000087095E700208DF82700FFE79DF8270021
:10DDA0000AB080BD80B588B0E3F732F948F244018B
:10DDB000C2F20001069100200490E3F7FBF9E3F7BB
:10DDC0001DF901200590E8F717FBE3F721F9049806
:10DDD0000699E3F7EFF9E3F711F90598E8F70CFB7B
:10DDE000E3F716F91420B621E3F70EFAE3F706F984
:10DDF0005020E8F701FBE3F70BF904980699E3F7E5
:10DE0000D9F9E3F7FBF80598E8F7F6FAE3F700F934
:10DE100004980699E3F7CEF9E3F7F0F80598E8F7E8
:10DE2000EBFA069800780F2804D0FFE7FF208DF862
:10DE30001F006DE040F28451C2F201010020087021
:10DE4000FFE740F28450C2F20100007805285BDC55
:10DE5000FFE7E3F7DDF840F28450C2F201000290E0
:10DE6000007800EB400240F23E50C2F20000039006
:10DE70008118805C4978E3F7C7F9E3F7BFF8012020
:10DE80000090E8F7B9FAE3F7C3F802990398097824
:10DE900001EB4101405C48F24401C2F200010191F2
:10DEA000E3F788F9E3F7AAF80098E8F7A5FA0198EC
:10DEB000029A03990078127802EB420211444978E1
:10DEC000884218D0FFE740F28450C2F20100017886
:10DED00001390170007800EB400140F22C50C2F291
:10DEE00000000844827846F6A061C2F2000108787A
:10DEF00010430870FFE7FFE740F28451C2F20101CE
:10DF00000878013008709CE700208DF81F00FFE7BB
:10DF10009DF81F0008B080BD84B0029001914FF6BB
:10DF2000FF70ADF80200029828B9FFE74FF6FF70C6
:10DF3000ADF80E0021E0FFE70198411E0191B8B154
:10DF4000FFE70298411C029100788DF80100BDF8AE
:10DF500002109DF801004840C2B241F6B200C0F67E
:10DF6000020030F8120080EA1120ADF80200E3E769
:10DF7000BDF80200ADF80E00FFE7BDF80E0004B0DA
:10DF80007047000083B002900191FF208DF80300DC
:10DF9000FFE70198411E019198B1FFE79DF803004A
:10DFA00002994A1C0292097848408DF802009DF8B7
:10DFB000021041F20850C0F60200405C8DF80300E8
:10DFC000E7E79DF8030003B07047000080B584B018
:10DFD0000390029103988DF8070047F68060C2F223
:10DFE00000000DF1070101226423EFF751FD0398B2
:10DFF00004B080BD84B002900191ADF80220029877
:10E0000028B9FFE74FF6FF70ADF80E0021E0FFE7FB
:10E010000198411E0191B8B1FFE70298411C02919D
:10E0200000788DF80100BDF802109DF8010048400D
:10E03000C2B241F6B220C0F6020030F8120080EA07
:10E040001120ADF80200E3E7BDF80200ADF80E00C4
:10E05000FFE7BDF80E0004B07047000083B00290E7
:10E0600001918DF80320FFE70198411E019198B1BD
:10E07000FFE79DF8030002994A1C02920978484084
:10E080008DF802009DF8021041F20860C0F602000F
:10E09000405C8DF80300E7E79DF8030003B070478C
:10E0A00084B08DED030A9DED030AB6EE001A20EE52
:10E0B000010A8DED020A03980190019800900099E1
:10E0C00045F68620C5F63770A0EB610000900098F9
:10E0D00001909DED010A9DED021A21EE001A21EE3C
:10E0E000002AB7EE081A31EE421A20EE010A8DED31
:10E0F000010A9DED010A04B07047000080B582B0AE
:10E1000000200190E9F7BCFFF6F720F9F2F744FC94
:10E11000F2F7E8F9F2F750FAF2F77AFAF2F7A4FA1E
:10E12000F2F7E6FFF3F72CF8F3F772F8F3F7BCF821
:10E13000F3F706F9F2F72AF9F2F7A2F9F2F7DAFCA7
:10E14000F2F714FDF2F730FDF2F75AFDF2F714FE84
:10E15000F2F7C6FEF2F758FFF2F780FDF2F776F914
:10E16000E3F764F8AA20E4F7B9FFFFE747F6E420F5
:10E17000C2F200000121E2F755FF08B1FFE7F5E721
:10E18000E3F7EAFCF9F728F80120E3F75FF8F2F784
:10E1900097FA00F02BF8FFE7FEE7000082B0ADF839
:10E1A000060000200090BDF90600842807D0FFE794
:10E1B000BDF906000099084403300090FFE700987D
:10E1C00002B0704780B584B0039003980290029823
:10E1D00018B1FFE70298019002E001200190FFE7EB
:10E1E000019800F047FF002004B080BD80B500F02A
:10E1F00079FF002080BD000010B58AB0089007911B
:10E2000008980168029141680591018A0391079974
:10E210000491B0F90800FFF7C1FF0299039A049B2B
:10E2200084460598EE4606ACCEF80440CEF800C011
:10E2300001F024F9012803D0FFE70020099002E053
:10E2400006980990FFE709980AB010BD80B584B020
:10E250000390029100200190FFE701980299884203
:10E260000EDAFFE703980199415C41F63F00C0F6E2
:10E27000020001F0E7FAFFE7019801300190ECE7B6
:10E28000E4F7DAFE44F6DC40C2F2000080ED000A5A
:10E29000FFE7E4F7D1FE44F6DC40C2F2000090ED67
:10E2A000001A30EE410AB3EE091AB4EE410AF1EE5B
:10E2B00010FA04DAFFE70120FFF784FFE9E704B072
:10E2C00080BD000080B584B00390029140F21C60D4
:10E2D000C2F201000068009047F6A870C2F2000088
:10E2E0000068043000F048FD88B9FFE747F6A870E1
:10E2F000C2F200000068C16A012000FA01F240F297
:10E300008051C2F2010108689043086000E0FFE715
:10E310000398013080B9FFE7029868B1FFE747F63C
:10E32000A870C2F200000068011D40F2F450C2F271
:10E33000010000F09BFD3DE0009803990844019026
:10E34000019847F6A871C2F2000109684860019877
:10E35000009988420ED2FFE747F6B470C2F200007F
:10E36000006847F6A871C2F200010968043100F0A4
:10E3700047FD1EE047F6AC70C2F20000006847F6A9
:10E38000A871C2F200010968043100F039FD01985A
:10E3900040F2C051C2F201010968884207D2FFE78A
:10E3A000019840F2C051C2F20101086000E0FFE7AD
:10E3B000FFE7FFE704B080BD80B582B0019000F0B8
:10E3C0007DFD40F27051C2F2010108680130086021
:10E3D00047F6A870C2F20000006898B9FFE70198FC
:10E3E00047F6A871C2F20001086040F27050C2F214
:10E3F00001000068012803D1FFE700F0A3F900E065
:10E40000FFE71CE040F2E850C2F201000068A0B94A
:10E41000FFE747F6A870C2F200000068C06A0199E1
:10E42000C96A884207D8FFE7019847F6A871C2F287
:10E430000001086000E0FFE700E0FFE7FFE740F2CF
:10E440007C51C2F201010868013008600198C16A7C
:10E45000012000FA01F240F28051C2F20101086885
:10E46000104308600199C86A00EB800247F6B87053
:10E47000C2F2000000EB8200043100F0F7FC00F073
:10E4800049FD40F2E850C2F201000068C8B1FFE760
:10E4900047F6A870C2F200000068C06A0199C96A14
:10E4A00088420CD2FFE74EF60451CEF200014FF045
:10E4B00080500860BFF34F8FBFF36F8F00E0FFE71E
:10E4C00000E0FFE702B080BD80B582B0FFE740F218
:10E4D0007450C2F20100006808B3FFE700F0EEFCE0
:10E4E00040F20860C2F20100C068C0680190019863
:10E4F000043000F041FC40F27051C2F201010868A2
:10E500000138086040F27451C2F201010868013814
:10E51000086000F0FFFC019800F004F8D7E702B0B3
:10E5200080BD000080B582B001900198006B00F0C2
:10E5300017FD019800F014FD02B080BD84B04FF4C7
:10E540000040009048F24A00C2F2000001909DF89D
:10E550000400400788B1FFE7019807300190019857
:10E5600020F007000190019A48F24A01C2F200012E
:10E570000098891A08440090FFE7019802900299D8
:10E5800040F2EC50C2F201000160002141600298AB
:10E59000009A10440190019808380190019820F0E9
:10E5A00007000190019A47F6B070C2F200000260C5
:10E5B0000268516002681160029903910199039AFF
:10E5C000891A51600068039908600398406840F216
:10E5D000BC51C2F2010108600398406840F2B45196
:10E5E000C2F20101086040F28851C2F201014FF00D
:10E5F0000040086004B0704780B582B00190FFE72A
:10E60000FFF762FF47F6B870C2F200000068022808
:10E610000CD3FFE74EF60451CEF200014FF08050CC
:10E620000860BFF34F8FBFF36F8F00E0FFE7E7E7AE
:10E6300080B588B0DDF834C0DDF830C0DDF82CC01E
:10E64000DDF828C006900591049203930C98006BA6
:10E65000049900EB810004380290029820F0070032
:10E6600002909DF80800400758B1FFE74FF05000B6
:10E6700080F31188BFF36F8FBFF34F8F0790FFE7D1
:10E68000FEE70598F8B1FFE700200190FFE7019849
:10E690000F2813D8FFE70598019A805C0C99114464
:10E6A00081F8340005980199405C08B9FFE705E05E
:10E6B000FFE7FFE7019801300190E8E70C9900209F
:10E6C00081F8430004E00C99002081F83400FFE752
:10E6D0000A98072803D3FFE706200A9000E0FFE727
:10E6E0000A980C99C8620A980C9948640C99002001
:10E6F000009088640C98043000F07AFB0C98183075
:10E7000000F076FB00980C9909610A99C1F10701A4
:10E710000C9A91610C9949620C99C8640C9981F822
:10E72000500002980699039A00F00CFA0C990860C0
:10E730000B9820B1FFE70C980B99086000E0FFE709
:10E7400008B080BD80B584B000200390FFE7039837
:10E75000062810D8FFE7039800EB800147F6B87051
:10E76000C2F2000000EB810000F02AFBFFE70398F3
:10E7700001300390EBE740F28C50C2F201000190AF
:10E7800000F01EFB40F2A050C2F20100029000F027
:10E7900017FB40F2D450C2F2010000F011FB40F22E
:10E7A0000860C2F2010000F00BFB40F2F450C2F22C
:10E7B000010000F005FB0199029847F6AC72C2F225
:10E7C0000002116047F6B471C2F20001086004B0A3
:10E7D00080BD000083B0029040F2EC50C2F2010014
:10E7E0000190FFE7019800680299884205D2FFE78F
:10E7F000FFE7019800680190F4E701980090009805
:10E800000199496808440299884209D1FFE70298B2
:10E81000426801994868104448600198029000E0FD
:10E82000FFE702980090009802994968084401990E
:10E830000968884220D1FFE70198006847F6B07167
:10E84000C2F20001096888420DD0FFE70198006814
:10E85000426802994868104448600198006800685E
:10E860000299086007E047F6B070C2F20000006845
:10E8700002990860FFE704E00198006802990860C7
:10E88000FFE701980299884204D0FFE702980199B6
:10E89000086000E0FFE703B0704700000848006828
:10E8A000006880F308884FF0000080F3148862B697
:10E8B00061B6BFF34F8FBFF36F8F00DF00BF000063
:10E8C00008ED00E081B047F6AC70C2F200000068CD
:10E8D000006840B9FFE740F2C051C2F201014FF0B9
:10E8E000FF3008600FE047F6AC70C2F2000000682D
:10E8F000C068C06800900098406840F2C051C2F201
:10E9000001010860FFE701B07047000083B00020FC
:10E91000009040F22850C2F200000068013058B167
:10E92000FFE74FF0500080F31188BFF36F8FBFF304
:10E930004F8F0290FFE7FEE74FF0500080F3118801
:10E94000BFF36F8FBFF34F8F0190FFE7009808B9B7
:10E95000FFE7FBE703B0704780B58AB00690002060
:10E96000029000F00FFC47F6B070C2F200000068A1
:10E9700018B9FFE7FFF7E2FD00E0FFE7069840F275
:10E980008851C2F201010968084240F0C580FFE7E2
:10E99000069800B3FFE70698083006909DF8180027
:10E9A0004007B0B1FFE7069820F007000830069056
:10E9B0009DF81800400758B1FFE74FF0500080F372
:10E9C0001188BFF36F8FBFF34F8F0990FFE7FEE70A
:10E9D00000E0FFE700E0FFE70698002800F09A80DB
:10E9E000FFE7069840F2B451C2F20101096888427B
:10E9F00000F29080FFE740F2EC50C2F20100049078
:10EA000000680590FFE705984168069A002091424A
:10EA1000019007D2FFE705980068002818BF012081
:10EA20000190FFE70198C00730B1FFE70598049017
:10EA3000059800680590E6E7059847F6B071C2F2C0
:10EA400000010968884263D0FFE704980068083035
:10EA50000290059800680499086005984068069936
:10EA6000401A112821D3FFE705980699084403901E
:10EA70009DF80C00400758B1FFE74FF0500080F3BD
:10EA80001188BFF36F8FBFF34F8F0890FFE7FEE74A
:10EA9000059840680699401A0399486006980599B8
:10EAA00048600398FFF796FE00E0FFE7059842688C
:10EAB00040F2B450C2F201000168891A0160006896
:10EAC00040F2BC51C2F20101096888420BD2FFE753
:10EAD00040F2B450C2F20100006840F2BC51C2F2F0
:10EAE0000101086000E0FFE740F28850C2F2010037
:10EAF000026805994868104348600599002008603D
:10EB000040F2C851C2F2010108680130086000E01B
:10EB1000FFE700E0FFE700E0FFE700F0D7FD9DF82A
:10EB20000800400758B1FFE74FF0500080F311880C
:10EB3000BFF36F8FBFF34F8F0790FFE7FEE7029899
:10EB40000AB080BD83B0029001910092029804380F
:10EB5000029002994FF08070086002980438029089
:10EB6000019820F001000299086002980438029090
:10EB700002994EF60D10C0F6010008600298143894
:10EB80000290009802990860029804380290029955
:10EB90006FF002000860029820380290029803B0DB
:10EBA0007047000080B5FBF7AFFFFCF753FAFCF7A6
:10EBB000F3FCFCF7DBFDFCF747FE80BD80B5FCF7FE
:10EBC000B1FEFDF745F9FDF749FCFDF7A3FEFEF7A1
:10EBD0009FF8FEF70BF9FEF777F9FEF7E5F9FEF778
:10EBE00053FAFEF7C1FAFDF7C9FB80BD80B582B0CC
:10EBF00001900199A520087001992420A1F8010035
:10EC000048F24502C2F200021078411C11700199CD
:10EC1000C87001980421FFF7B5F9019908710199AD
:10EC200040F20130A1F8050001994FF48170A1F87C
:10EC3000070045F65810C2F200000168019AA2F8D8
:10EC40000910006800F580700199A1F80B00019887
:10EC50002B21FFF761F90199A1F82B0002B080BDCB
:10EC600080B582B001900199A520087001996F20AC
:10EC7000A1F8010048F24502C2F200021078411CDE
:10EC800011700199C87001980421FFF77BF901996F
:10EC90000871019940F20130A1F8050001994FF483
:10ECA0008270A1F8070045F65810C2F20000016812
:10ECB000019AA2F80910006800F580700199A1F886
:10ECC0000B0001987621FFF727F90199A1F876004A
:10ECD00002B080BD80B582B001900199A520087076
:10ECE00001993320A1F8010048F24502C2F2000266
:10ECF0001078411C11700199C87001980421FFF728
:10ED000041F901990871019940F20130A1F805001B
:10ED100001994FF48870A1F8070045F65810C2F227
:10ED200000000168019AA2F80910006800F58070DF
:10ED30000199A1F80B0001981C30E1F7BEFA0246D8
:10ED4000019908696FF3DF5040EAC25008610198E9
:10ED50003A21FFF7E1F80199488702B080BD000031
:10ED600080B5FEF771FAFEF797FAFEF7BDFAFEF7E7
:10ED7000E3FAFEF7F5FA80BD82B0019001980069D0
:10ED800000900198416880688860019948688968A6
:10ED90004860009840680199884205D1FFE70198D2
:10EDA00080680099486000E0FFE701990020086151
:10EDB00000990868013808600098006802B0704740
:10EDC00081B00090009901F10800486000994FF06F
:10EDD000FF308860009901F10800C860009901F1D6
:10EDE0000800086100990020086001B07047000029
:10EDF00081B0009000990020086101B070470000C8
:10EE000084B003900291029800680090009801304D
:10EE100020B9FFE703980069019010E003980830DB
:10EE20000190FFE70198406800680099884205D882
:10EE3000FFE7FFE7019840680190F3E7FFE70198DB
:10EE40004068029948600298416888600198029978
:10EE500088600298019948600398029908610399B3
:10EE600008680130086004B07047000083B0029069
:10EE700001910298406800900098019948600098BC
:10EE800080680199886001980099896848600198B4
:10EE90000099886002980199086102990868013018
:10EEA000086003B070470000DFF80C00016841F40F
:10EEB000700101607047000088ED00E082B04FF003
:10EEC000500080F31188BFF36F8FBFF34F8F019015
:10EED00040F22850C2F20000016801310160006870
:10EEE000012814D1FFE74EF60450CEF2000000686E
:10EEF000000658B1FFE74FF0500080F31188BFF3D0
:10EF00006F8FBFF34F8F0090FFE7FEE7FFE702B080
:10EF10007047000082B040F22850C2F20000006842
:10EF200058B9FFE74FF0500080F31188BFF36F8F9F
:10EF3000BFF34F8F0090FFE7FEE740F22850C2F288
:10EF40000000016801390160006830B9FFE7002066
:10EF50000190019880F31188FFE702B0704700002C
:10EF600080B586B0039003980290039800285CD087
:10EF7000FFE70298083802900298019001984068D3
:10EF800040F28851C2F20101096808420BD1FFE743
:10EF90004FF0500080F31188BFF36F8FBFF34F8F96
:10EFA0000590FFE7FEE70198006858B1FFE74FF0D2
:10EFB000500080F31188BFF36F8FBFF34F8F049021
:10EFC000FFE7FEE70198406840F28851C2F2010174
:10EFD0000968084227D0FFE70198006808BBFFE7EF
:10EFE00040F28850C2F201000268019948689043DB
:10EFF000486000F0C7F80198426840F2B451C2F28C
:10F0000001010868104408600198FFF7E3FB40F233
:10F01000CC51C2F2010108680130086000F056FBD3
:10F0200000E0FFE700E0FFE7FFE706B080BD00007B
:10F030004EF21001CEF20001002008604EF21802DC
:10F04000CEF20002106040F2FC10C2F20000006834
:10F0500044F6D352C1F26202A0FB02024FF0FF302D
:10F0600000EB92104EF21402CEF200021060072064
:10F070000860704780B584B002900020019002982B
:10F08000E0B1FFE740F27850C2F20100006858B1E9
:10F09000FFE74FF0500080F31188BFF36F8FBFF38D
:10F0A0004F8F0390FFE7FEE700F06CF80298002115
:10F0B000FFF708F900F00AFB019000E0FFE7019874
:10F0C00060B9FFE74EF60451CEF200014FF08050D8
:10F0D0000860BFF34F8FBFF36F8F00E0FFE704B00E
:10F0E00080BD000080B586B040F2B851C2F2010187
:10F0F00068464160002303604EF2F950C0F60100FB
:10F1000041F6AC01C0F60201802200F0B7F903908D
:10F110000398012823D1FFE74FF0500080F31188B6
:10F12000BFF36F8FBFF34F8F059040F2C051C2F213
:10F1300001014FF0FF30086040F2E851C2F20101D6
:10F140000120086040F21C61C2F201010020086049
:10F1500000F0E8F808B1FFE700E0FFE70FE00398F0
:10F16000013058B9FFE74FF0500080F31188BFF32A
:10F170006F8FBFF34F8F0490FFE7FEE7FFE706B006
:10F1800080BD000040F27851C2F2010108680130F0
:10F190000860704785B040F27850C2F20100006804
:10F1A00038B1FFE740F22061C2F20101012008609E
:10F1B0004DE040F22061C2F201010020086040F2FF
:10F1C0008050C2F20100006804900498B0FA80F008
:10F1D0008DF80F009DF80F00C0F11F0001900198FD
:10F1E00000EB800147F6B870C2F2000050F8210031
:10F1F00058B9FFE74FF0500080F31188BFF36F8FCD
:10F20000BFF34F8F0290FFE7FEE7019800EB80010C
:10F2100047F6B870C2F2000000EB81000090009940
:10F22000486840684860009948680831884205D1BC
:10F23000FFE70099486840684860FFE70098406829
:10F24000C06847F6A871C2F200010860FFE705B088
:10F250007047000080B586B0049003910020ADF89F
:10F260000A00049820B1FFE70398022803D8FFE7BB
:10F270000020059029E004980399023940F28C029D
:10F28000C2F200021288FEF7B5FEADF80A009DF842
:10F290000A10049A0398104410F8022C002091429E
:10F2A00001900DD1FFE79DF80B00049A03991144DA
:10F2B00011F8011C401AB0FA80F040090190FFE7F4
:10F2C000019800F001000590FFE7059806B080BDA9
:10F2D00080B584B00290019100208DF8030002985F
:10F2E00020B1FFE70198022803D8FFE70020039030
:10F2F00014E0029801990139FF22FEF7AFFE8DF864
:10F3000003009DF80300029A0199114411F8011CB1
:10F31000401AB0FA80F040090390FFE7039804B068
:10F3200080BD000080B588B04EF60050CEF20000DF
:10F3300000684CF27121C4F20F1188420BD1FFE733
:10F340004FF0500080F31188BFF36F8FBFF34F8FE2
:10F350000790FFE7FEE74EF60050CEF2000000688F
:10F360004CF27021C4F20F1188420BD1FFE74FF02D
:10F37000500080F31188BFF36F8FBFF34F8F06905B
:10F38000FFE7FEE74EF20040CEF200000390017866
:10F390000491FF21017000788DF80B009DF80B009F
:10F3A00000F0500040F24A01C2F20101087040F240
:10F3B0006851C2F2010107200860FFE79DF80B00C9
:10F3C000000600280DD5FFE740F26851C2F20101A6
:10F3D0000868013808609DF80B0040008DF80B00AC
:10F3E000ECE740F26850C2F20100006803280BD03D
:10F3F000FFE74FF0500080F31188BFF36F8FBFF32A
:10F400004F8F0590FFE7FEE740F26851C2F201011D
:10F41000086800020860086800F4E060086004986A
:10F420004EF20041CEF2000108704EF62051CEF2AD
:10F430000001086840F470000860086840F07040FF
:10F440000860FFF7F5FD40F22851C2F200010020EC
:10F4500001900860FFF728FD4EF63471CEF20001EE
:10F46000086840F040400860FFF718FAFFF792FE86
:10F47000FFF74CFA019808B080BD000070B58CB061
:10F48000DDF844C0DDF840C00B900A91ADF82620AD
:10F490000893BDF826008000FFF75EFA05900598F6
:10F4A00080B1FFE75420FFF757FA0790079820B183
:10F4B000FFE705980799086303E00598FFF750FDFB
:10F4C000FFE702E000200790FFE70798D8B1FFE7C9
:10F4D0000B980A99BDF82620089BDDF840C0119CC6
:10F4E000079DEE460026CEF80C60CEF80850CEF808
:10F4F0000440CEF800C0FFF79BF80798FEF75CFFCA
:10F500000120069003E04FF0FF300690FFE70698D9
:10F510000CB070BD80B586B00020029040F27850EB
:10F52000C2F201000068002840F0C580FFE740F209
:10F530001C61C2F201010868013001900198086065
:10F54000019858BBFFE747F6AC70C2F200000068B4
:10F55000006858B1FFE74FF0500080F31188BFF307
:10F560006F8FBFF34F8F0590FFE7FEE747F6AC7252
:10F57000C2F200021068009047F6B471C2F20001B6
:10F58000086810600098086040F2C451C2F201019E
:10F59000086801300860FFF795F900E0FFE701987F
:10F5A00040F2C051C2F201010968884262D3FFE70C
:10F5B000FFE747F6AC70C2F200000068006840B98F
:10F5C000FFE740F2C051C2F201014FF0FF30086086
:10F5D0004FE047F6AC70C2F200000068C068C06837
:10F5E000049004984068039001980399884207D2D8
:10F5F000FFE7039840F2C051C2F20101086038E011
:10F60000FFE704980430FFF7B7FB0498806A28B13D
:10F61000FFE704981830FFF7AFFB00E0FFE704981E
:10F62000C16A012000FA01F240F28051C2F20101E8
:10F630000868104308600499C86A00EB800247F626
:10F64000B870C2F2000000EB82000431FFF70EFC3C
:10F650000498C06A47F6A871C2F200010968C96A35
:10F66000884203D3FFE70120029000E0FFE7FFE7B5
:10F670009FE7FFE747F6A870C2F200000068C06A83
:10F6800000EB800147F6B870C2F2000050F821008C
:10F69000022803D3FFE70120029000E0FFE740F2D9
:10F6A0002060C2F20100006818B1FFE7012002905B
:10F6B00000E0FFE707E040F2D051C2F20101086824
:10F6C00001300860FFE7029806B080BD80B584B0C5
:10F6D00000200290019040F27850C2F201000068D0
:10F6E00058B9FFE74FF0500080F31188BFF36F8FD8
:10F6F000BFF34F8F0390FFE7FEE7FFF7DFFB40F21A
:10F700007850C2F2010001680139016000680028E8
:10F7100040F09280FFE740F27050C2F201000068B2
:10F72000002800F08880FFE7FFE740F2D450C2F2E3
:10F7300001000068E0B3FFE740F2D450C2F20100DC
:10F74000C068C068029002981830FFF715FB029855
:10F750000430FFF711FB0298C16A012000FA01F2A0
:10F7600040F28051C2F2010108681043086002991A
:10F77000C86A00EB800247F6B870C2F2000000EBE6
:10F7800082000431FFF772FB0298C06A47F6A87145
:10F79000C2F200010968C96A884207D3FFE740F254
:10F7A0002061C2F201010120086000E0FFE7BCE730
:10F7B000029818B1FFE7FFF785F8FFE740F2D05055
:10F7C000C2F20100006800900098E0B1FFE7FFE797
:10F7D000FFF7A0FE38B1FFE740F22061C2F201015D
:10F7E0000120086000E0FFE7009801380090FFE783
:10F7F00000980028ECD1FFE740F2D051C2F201019D
:10F800000020086000E0FFE740F22060C2F2010043
:10F81000006870B1FFE7012001904EF60451CEF26E
:10F8200000014FF080500860BFF34F8FBFF36F8F20
:10F8300000E0FFE7FFE700E0FFE7FFF76BFB019861
:10F8400004B080BD0FB4054B10B503A9044A02985B
:10F8500001F068F910BC5DF814FB0000CDDF010871
:10F860000000002037B514460846064B6A4621467C
:10F8700001F058F904466946002001F0EAFC2046F0
:10F880003EBD00005312020803B4019841000098E5
:10F8900050EAC12018BF04204A0D18BF40F00100F3
:10F8A00040F2FF72B2EB515F08BF40F00200012846
:10F8B00008BF052002B070474100080218BF0420AD
:10F8C0000A0E18BF40F001004FF07F4232EA0101FA
:10F8D00008BF40F00200012808BF05207047000063
:10F8E00010B510EE104A4FF01A402DED028B00EBD0
:10F8F0004400B0F1C85F4AD84FF0FC40B0EB440F71
:10F9000022D2B0EEC00AF7EE000A30EEC00AF6EEE0
:10F91000000A20EE208A18EE100A01F0ABFC00EE7F
:10F92000100A14F0004F1DBF9FED281ADFED280AC2
:10F93000B1EE400A9FED271A08BFF0EE410AF8EE3B
:10F94000001A20EE210A05E020EE008A9FED221A1F
:10F95000DFED220ADFED221A9FED222A70EEC00AA7
:10F9600020EE080A08EE212ADFED1F1A48EE021ADF
:10F970009FED1E2A08EE212ADFED1D1A48EE021A1D
:10F98000BDEC028B40EE610A30EE810A10BD4FF0F3
:10F99000CC40B0EB440F82BF9FED160ABDEC028B4A
:10F9A00010BD4FF07F40B0EB440F05D2BDEC028B91
:10F9B000BDE8104000F020BF012000F0EBFFBDECDF
:10F9C000028BBDE8104000F01BBF00000000494062
:10F9D00022AA7D3A000000000000C93F22AAFD399A
:10F9E00024FE1C3DC78AD83C1E67383D1B93993DB9
:10F9F000AFAA2A3EDB0FC93F10B52F499FED2C1B44
:10FA00002DED020B84B0059820F000408842D8BF4D
:10FA10009DED040B2DDD2949884209D1049840B998
:10FA20004FF0010000F0B6FF00F0C6FE06B010BDBA
:10FA300005DB9DED040B00F0B3FE06B010BD68467B
:10FA40009DED040B00F0C4FA10F0030004BF9DED1F
:10FA5000021B9DED000B0CD001280ED09DED021B6A
:10FA60009DED000B022817D0012000F001FE06B02A
:10FA700010BD00F0C9FC06B010BD9DED021B9DED50
:10FA8000000B012000F0F4FD51EC100B81F000415F
:10FA900006B041EC100B10BD00F0B6FC51EC100BA1
:10FAA00081F0004106B041EC100B10BD00000000D9
:10FAB0000000000000000000FB21E93F0000F07F93
:10FAC00010EE101A08B5444A6846B2EB410F28D927
:10FAD0004FF0E640B0EB410F94BF00204FF0FF30F5
:10FAE00000900098002861DB60EE000A10F0010F22
:10FAF00045D010F0020FDFED391A9FED391A00EEF4
:10FB0000A11ADFED381A40EE811A21EEA01AF0EEAC
:10FB1000400A40EE010A08BFF1EE600AB0EE600A4A
:10FB200008BD314B21F0004293423CD911F0004F07
:10FB3000DFED2E0A20EE201ADFED2D0A19BF31EE7F
:10FB4000601A71EE200A31EE201A71EE600ABDEEE5
:10FB5000E01A11EE100A9FED271A00F0030000EEE4
:10FB6000C10A9FED251A009000EEC10A9FED231AED
:10FB700000EEC10A9FED221A00EEC10AB1E79FED27
:10FB8000211A9FED210A10F0020F00EE810A9FED6D
:10FB90001F1A00EE801AB7EE000A00EE810A18BFA5
:10FBA000B1EE400A08BD00F03BFE9AE710EE100AE5
:10FBB0004000B0F17F4F3CBFB7EE000A08BD07D14F
:10FBC0004FF0010000F0E6FEBDE8084000F018BE6E
:10FBD000BDE8084000F010BEB61F927E336D4CB9F0
:10FBE000DA82083CA0AA2ABE490E494683F9223F80
:10FBF0000000004B0000C93F00A0FD390020A233E7
:10FC00001A61342CB93AB2BACA9F2A3DDDFFFFBE51
:10FC100010B52DED028BF0EE408A18EE900AB0EE92
:10FC2000608A20F00040C0F1FF40C00F07D118EEFD
:10FC3000100A20F00040C0F1FF40C00F2BD018EE9A
:10FC4000101A18EE900AE0F7FDFD00EE100A10EE13
:10FC5000100A6FEAD05010F0FF0F04BFBDEC028B0A
:10FC600010BD18EE900A00F0004110EE100A00F0EE
:10FC70000040814204BFBDEC028B10BD18EE101A8B
:10FC800010EE100ABDEC028B61F31E0000EE900A2C
:10FC900030EE600A10BD18EE900A4FF07F41B1EBD4
:10FCA000400F1CBF18EE100A5FEA4000C7D10120C8
:10FCB00000F070FEBDEC028BBDE8104000F0A0BD6E
:10FCC00010B52F499FED2C1B2DED020B84B005982C
:10FCD00020F000408842DCBF00209DED040B32DDA7
:10FCE0002849884209D1049840B94FF0010000F03A
:10FCF00051FE00F061FD06B010BD05DB9DED040B6B
:10FD000000F04EFD06B010BD68469DED040B00F0FE
:10FD10005FF910F0030011D0012818D09DED021BEF
:10FD20009DED000B02281AD000F06EFB51EC100B79
:10FD300081F0004106B041EC100B10BD9DED021B9F
:10FD40009DED000B012000F093FC06B010BD9DED71
:10FD5000021B9DED000B00F057FB06B010BD01200B
:10FD600000F086FC51EC100B81F0004106B041EC34
:10FD7000100B10BD0000000000000000000000009B
:10FD8000FB21E93F0000F07F00B510EE101A2DEDC9
:10FD9000028B81B0524A6846B2EB410F2ED94FF028
:10FDA000E640B0EB410F94BF00204FF0FF300090D1
:10FDB0000098B0EE408A00286ADB10F0010F4BD0AB
:10FDC00068EE080A9FED471A9FED470A00EE810A88
:10FDD0009FED461A10F0020F00EE801AB7EE000AEF
:10FDE00000EE810A02BF01B0BDEC028B00BD00BF76
:10FDF00001B0B1EE400ABDEC028B00BD3C4B21F0DE
:10FE00000042934241D911F0004FDFED3A0A20EE53
:10FE1000201ADFED390A19BF31EE601A71EE200A9F
:10FE200031EE201A71EE600ABDEEE01A11EE100AF2
:10FE30009FED321A00F0030000EEC10A9FED301A68
:10FE4000009000EEC10A9FED2F1A00EEC10A9FED4F
:10FE50002E1A00EEC10AABE728EE080A9FED2B1A16
:10FE6000DFED2B0A10F0020F40EE010A9FED291A78
:10FE700000EE201A61EE000AB0EE480A08EE200AF1
:10FE8000B6D101B0BDEC028B00BD00F0C9FC8FE71C
:10FE900018EE100A4000B0F17F4F0DD218EE100A94
:10FEA000FFF70AFD042808BF00F0B2FCB0EE480AD4
:10FEB00001B0BDEC028B00BD09D1012000F06AFD4C
:10FEC00001B0BDEC028B5DF804EB00F099BC01B011
:10FED000B0EE480ABDEC028B5DF804EB00F08CBC80
:10FEE000B61F927EB93AB2BACA9F2A3DDDFFFFBE65
:10FEF000490E494683F9223F0000004B0000C93FEC
:10FF000000A0FD390020A2331A61342C336D4CB9A6
:10FF1000DA82083CA0AA2ABE00B52DED048BB0EE13
:10FF2000409AF0EE609A83B051EC190BE0F710FDA7
:10FF300041EC180B18EE100A18EE901A8DED008B9C
:10FF4000002818BF0120084320F00040C0F17F6066
:10FF500000F1E040C00F14D019EE101A19EE900A0B
:10FF60008DED009B002918BF0121084320F00040BF
:10FF7000C0F17F6000F1E040C00F04BF012000F03D
:10FF800009FDB0EE480A03B0F0EE680ABDEC048B40
:10FF900000BD10B52DED028BB1EEC08A18EE100A2F
:10FFA00020F00040C0F1FF40C00F0AD010EE100A50
:10FFB00020F00040C0F1FF40C00F04BF012000F05E
:10FFC000E9FCB0EE480ABDEC028B10BD0000000059
:10FFD0002DE9F14F04462DED020B2DED088B8AB073
:10FFE0009FEDE70B80ED020B139EE74826F00045DE
:10FFF00085420ADC9DED120B002084ED000B0AB057
:020000040802F0
:10000000BDEC088B03B0BDE8F08FE0489FEDE0AB9E
:100010009FEDE1BBA84247DDE14F9FEDE39B9FEDE4
:10002000E48B9DED120B53EC1A2B51EC100B002EB0
:100030001CDDE0F702FA41EC100BBD4208D053EC96
:100040001B2B51EC100BE0F7F8F9C4E900010BE0B1
:1000500053EC192B51EC100BE0F7EFF953EC182B84
:10006000E0F7EBF9C4E900010120C8E7E0F744F943
:1000700041EC100BBD4208D053EC1B2B51EC100B84
:10008000E0F73AF9C4E900010BE053EC192B51EC0D
:10009000100BE0F731F953EC182BE0F72DF9C4E918
:1000A00000014FF0FF30AAE7C348A84279DB9DED7D
:1000B000120B51EC100B01F0D1F841EC180B9FED35
:1000C000C00B53EC102BE0F7BEF99FEDBF1B53ECB8
:1000D000112BE0F711F9E0F7D0FA0746E0F7AFFA95
:1000E00041EC190B53EC1A2BE0F7ADF953EC182B3C
:1000F000E0F7A6F941EC180B53EC1B2B51EC190B54
:10010000E0F7A1F9DFF8C8A241EC100B4FEA15584F
:100110000125FA4453EC102B51EC180BE0F78DF944
:10012000032DC4E900013DD0C1F30A5005EB451190
:10013000A8EB00001139814234DA0AEB051BB0EE5E
:1001400048AA9BED000BF0EE68AA53EC102B51EC83
:10015000190BE0F778F941EC1B0B51EC1A0B53EC3F
:100160001B2BE0F76AF941EC180B51EC1A0B53EC1E
:10017000182BE0F762F953EC1B2BE0F75EF99BEDCF
:10018000020B41EC1A0B53EC102B51EC190BE0F75E
:100190005AF953EC1A2BE0F750F941EC100B6D1C97
:1001A000B8E70EE0002EA8BF3846BFF628AF94EDA2
:1001B000000B51EC100B81F00041C4E900017842C2
:1001C0001DE7C6F3130040F4801EC6F30A50A0F2E8
:1001D000F530471100F01F05C5F12000DDF848B0EB
:1001E00008900020069007900520EC467949002DE4
:1001F00007EB0002794408BF51F8221009D051F8EA
:10020000223001EB8201AB404A68089922FA01F1E1
:100210001943A1FB0E26A1FB0B131A449A4234BFCB
:100220000123002303EB06080CEB8003D3E901A6AE
:100230000E448E4234BF0121002192448A4411B100
:10024000924502D903E0924501D2012100E000214C
:10025000C3E901A641444CF82010011EA0F10100A1
:10026000C4DC029800F10050850F0298DDE90367B5
:100270008000DDF81480E0F7E2F941EC1A0B30461B
:10028000E0F7EEF99FED541B53EC112BE0F7DBF890
:1002900041EC1B0B3846E0F7E3F99FED511B53ECA3
:1002A000112BE0F7D0F841EC180B4046E0F7D8F9F5
:1002B0009FED4D1B53EC112BE0F7C5F841EC190BEA
:1002C00051EC180B53EC192BE0F716F853EC1B2BE1
:1002D000E0F712F853EC1A2BE0F70EF8CDE908011D
:1002E000002008909DED080B53EC1A2B51EC100BDD
:1002F000E0F7A3F853EC1B2BE0F79FF853EC182B17
:10030000E0F79BF853EC192BE0F79AF89FED381BB8
:1003100053EC112BE0F797F89FED370B41EC180BDE
:1003200053EC102B9DED080B51EC100BE0F78BF804
:1003300053EC182BDFF7E0FF9FED310B41EC180B6E
:1003400053EC102B9DED080B51EC100BE0F77BF8F4
:1003500053EC182BDFF7D0FF41EC100B139810F083
:10036000004F06D06D4251EC100B81F0004141EC82
:10037000100B284684ED000B41E600000000000051
:100380000000000000000000FB21E93F7CD9024092
:1003900000004054FB21F93F3163621A61B4D03D43
:1003A000FB21F93F000000000000601A61B4D03D5D
:1003B0007370032E8A19A33BFB2139410000000012
:1003C00083C8C96D305FE43F000000000000E03FDB
:1003D000D211000020110000000000000000103EBB
:1003E000000000000000103C000000000000103A77
:1003F000182D4454FB21F93D3326A611460B113C20
:1004000000000054FB21F93D10B52DED040B2DED3E
:10041000088B82B0B0EE419AF0EE619A0B9820F012
:1004200000449FED4BABB4F1795F11DA9DED0A0BFF
:1004300051EC100BE0F721F9002801BFB0EE4A0A99
:10044000F0EE6A0A02B0BDEC088B04BF04B010BD28
:100450009DED0A0B53EC102B51EC100BDFF7F3FF63
:1004600041EC180B3C480621B0EE480AF0EE680A51
:10047000784400F081F853EC182B51EC100BDFF7A7
:10048000E2FF9DED0A0B41EC1B0B53EC192B51ECD9
:10049000100BDFF7D8FF41EC190B53EC1B2B51EC81
:1004A000180BDFF7D0FF53EC192BDFF7C6FF9FEDDA
:1004B0002C0B41EC190B53EC102B51EC180BDFF704
:1004C000C2FF41EC100B2848844210DA53EC192B80
:1004D00051EC100BDFF7B1FF53EC1A2BDFF7B0FF35
:1004E00041EC100B02B0BDEC088B04B010BD1F48EE
:1004F000A042BCBF9FED1E1B8DED001B06DBA4F5CB
:1005000000100190002000909DED001B51EC100B9D
:1005100053EC112BDFF791FF9DED000B41EC180B15
:1005200053EC102B51EC1A0BDFF787FF41EC1A0B41
:1005300053EC192B51EC180BDFF77FFF53EC1A2B00
:10054000DFF77EFF41EC100BCCE70000000000005D
:10055000000000000000F03F440E0000000000001A
:10056000000000000000E03F3333D33F0000E93FCC
:10057000000000000000D23F70B504462DED028B54
:100580004D1E00EBC500B0EE408AF0EE608A90EDA3
:10059000000B35F0060017D053EC182B51EC100B64
:1005A000DFF751FF41EC100B6D1E04EBC50090ED21
:1005B000001B51EC100B53EC112BDFF79DFE41ECAF
:1005C000100B35F00600E7D1022D36D0042D1CD0DB
:1005D000062D1CBFBDEC028B70BD53EC182B51ECEB
:1005E000100BDFF730FF94ED0A1B53EC112BDFF7F4
:1005F00083FE53EC182BDFF726FF94ED081B53EC1A
:10060000112BDFF779FE41EC100B53EC182B51EC5A
:10061000100BDFF718FF94ED061B53EC112BDFF7DF
:100620006BFE53EC182BDFF70EFF94ED040B53EC2D
:10063000102BDFF761FE41EC100B53EC182B51EC43
:10064000100BDFF700FF94ED021B53EC112BDFF7CB
:1006500053FE53EC182BDFF7F6FE94ED001B53EC22
:10066000112BDFF749FEBDEC028B41EC100B70BD86
:1006700031B504462DED040B2DED0A8BB0EE41BAD9
:10068000F0EE61BA0B989DED0A0B20F00040B0F13E
:10069000795F0DDA51EC100BFFF7F6F8042808BF6C
:1006A00000F09AF89DED0A0BBDEC0A8B05B030BD49
:1006B00053EC102B51EC100BDFF7C5FE41EC180B7F
:1006C0009DED0A0B53EC182B51EC100BDFF7BBFE22
:1006D00041EC190B2C48B0EE480AF0EE680A0521EF
:1006E0007844FFF749FF9FED2ACBB0EE40AAF0EE29
:1006F00060AA9CB353EC1C2B51EC190BDFF7A3FE43
:1007000041EC1C0B53EC1A2B51EC190BDFF79BFE41
:100710009FED210B41EC190B53EC102B51EC1B0BF3
:10072000DFF791FE53EC192BDFF787FE53EC182B04
:10073000DFF789FE53EC1B2BDFF77FFE53EC1C2BFE
:10074000DFF77BFE9DED0A1B53EC112BDFF778FEE4
:10075000BDEC0A8B05B041EC100B30BDFFE753EC4C
:100760001A2B51EC180BDFF76EFE53EC1C2BDFF746
:10077000C3FD53EC192BDFF766FE9DED0A1B53EC0E
:10078000112BDFF7B9FDE3E7F40C000000000000D7
:10079000495555555555C5BF000000000000E03FC4
:1007A00010B553EC102B51EC100BDFF7A5FD41EC0D
:1007B000100B10BD000000009FED050B10B553ECB1
:1007C000102B51EC100BDFF7B0FE41EC100B10BDFD
:1007D00000000000000000009FED050B10B553EC79
:1007E000102B51EC100BDFF72EFE41EC100B10BD5F
:1007F000000000000000001030EE000A704700000A
:10080000DFED020A80EEA00A704700000000000041
:100810009FED020A20EE000A704700000000001061
:100820002DE9F0014FF07F42B2EB410F9FBF4FF037
:10083000FF310160BDE8F00170474FF0004242EA2D
:100840000123C1F3C752783A551112F01F0C434CE3
:10085000CCF120067C44C1F3C752A2F178024FEAE2
:10086000621204EB820254F8254008BFD2E9015617
:1008700012D0556804FA0CF425FA06F73C43976841
:1008800005FA0CF527FA06F8D26807FA0CFCF240D4
:1008900045EA08054CEA0206A4FB034CA5FB0352FB
:1008A000A6FB03631D449D4234BF01260026131995
:1008B000334416B1934202D903E0934201D201229C
:1008C00000E00022624402F1200C9206DC0C42EAB5
:1008D000443200EE102A5B03DFED210AF8EEC01A65
:1008E00000EE103A4FEA9C1C11F0004FB8EE400A9F
:1008F000C0F800C020EE201A00EE105ADFED190AF1
:10090000B8EE400A20EE200A71EE810A70EE800AED
:1009100010EE902A02F500626FF30B0200EE902AAF
:1009200070EEE11A31EEC11ADFED101A30EE411A05
:100930009FED0D0A20EE800A01EE210A9FED0C1AB0
:1009400000EE810A04BFBDE8F0017047CCF1805190
:100950000160BDE8F001B1EE400A70475C0B000099
:10096000000000360000802C22AAFD29DB0FC92FD1
:100970000000C92F02E008C8121F08C1002AFAD1DE
:1009800070477047002001E001C1121F002AFBD10F
:100990007047000001490860704700000400002013
:1009A0002DE9FF5F82B00021DDE90430020DDDF8A2
:1009B00040B0034318D044F61050A2F2FF32424335
:1009C0001514119801281FD0A5EB0B00401C5FEAFD
:1009D000000A4FF000064E4FDFF83891B0465046FF
:1009E00015D5CAF1000413E0119801244AA3012887
:1009F00001D16FEA0B010298119AC0E90031C0E9F8
:100A0000024206B0BDE8F09FCBF10000DFE70446EC
:100A10000021404A491842EB0450CDE9001012E091
:100A2000E00707D032463B4640464946DFF70BFD1C
:100A30008046894632463B4610461946DFF703FD9D
:100A400006460F466410002CEAD1DDE90401DDE919
:100A50000023BAF1000F06DADFF7F5FC42464B46F9
:100A6000DFF7F1FC05E0DFF760FD42464B46DFF7BC
:100A70005CFD04460E460022284BDFF7D3FF03D867
:100A80004FF0FF30014607E00022254B204631465B
:100A9000DFF732FCDFF7ADFF102409E0002C0ADBA2
:100AA0000A220023DFF7B4FB039B30321A55641E81
:100AB00050EA0102F2D1641C039AC4F111031444F8
:100AC000119A012A03D0012208430DD10AE00843FC
:100AD00004D000204FF0110B119072E7A3EB0B052F
:100AE0006D1E0DE05B4504DD4FF0000205F10105D0
:100AF00004E003DA4FF00002A5F10105002AECD072
:100B000002981199C0E90231C0E9004579E7000077
:100B1000000014400000F03F300000000000F043EF
:100B20000000E03F2DE9FF4F95B09B468946064601
:100B300000250FE2252877D100242746F84A012115
:100B4000059400E0044316F8013F203B01FA03F04E
:100B50001042F7D130782A2811D06FF02F03307867
:100B6000A0F13002092A16D8059A44F0020402EBDB
:100B7000820203EB42021044761C0590EFE759F81D
:100B8000042B0592002A03DA504244F400540590E5
:100B900044F00204761C30782E2816D116F8010F86
:100BA00044F004042A280DD06FF02F023078A0F111
:100BB0003003092B09D807EB870302EB4303C7185F
:100BC000761CF3E759F8047B761C30786C280FD03C
:100BD00006DC4C2817D068280DD06A2814D104E010
:100BE000742810D07A280FD10DE044F400140AE0E4
:100BF00044F4801401E044F440147278824202D13B
:100C000004F58014761C761C307866280BD013DC33
:100C1000582877D009DC002875D04528F6D046281A
:100C2000F4D047281AD19DE118E0632835D0642814
:100C300079D0652812D195E1702873D008DC672837
:100C4000F1D069286FD06E280DD06F2806D1B5E09D
:100C500073282CD0752875D0782874D05A461799E7
:100C600090476D1C75E1C4F30250022809D0032897
:100C70000DD0D9F8001004280DD00D6009F1040939
:100C800067E1D9F80010EA17C1E90052F6E7D9F890
:100C900000100D80F2E70D70F0E719F8041B8DF8D5
:100CA000001000208DF80100EA46012003E059F809
:100CB00004AB4FF0FF3061074FF0000102D40DE0AC
:100CC00008F101018846B9420FDA8045F8DB1AF8CD
:100CD00008100029F4D108E008F10101884681429A
:100CE000FADB1AF808100029F6D105985B46A0EB4C
:100CF000080721463846179A00F094FA284400EB7A
:100D0000080507E04DE029E10DE01AF8010B5A460D
:100D100017999047B8F10108F7D25B46214638464B
:100D2000179A13E142E00A220092C4F302524FF0F4
:100D3000000A022A08D059F804CB032A4FEAEC71C2
:100D40000AD00DE029E02AE009F1070121F00702AD
:100D5000F2E802C1914609E00FFA8CFC4FEAEC710F
:100D6000042A03D14FFA8CFC4FEAEC71002907DA10
:100D70000A460021DCF1000C61EB02012D2202E0A9
:100D8000220504D52B228DF80420012203E0E2077E
:100D900001D02022F7E7904659E00A2102E0102214
:100DA0000DE010214FF0000A00910BE010224FF0EF
:100DB000000A44F004040827009203E008224FF0E0
:100DC000000A0092C4F30252022A05D059F804CB5B
:100DD0000021032A08D009E009F1070121F00702E8
:100DE000F2E802C1914605E01FFA8CFC042A01D109
:100DF0000CF0FF0C4FF00008220728D5702806D011
:100E0000009B83F0100353EA0A0305D00EE0402252
:100E10008DF80420012208E05CEA010206D03022AD
:100E20008DF804208DF8050002229046009B83F087
:100E3000080353EA0A030AD15CEA010201D16207FE
:100E400005D530228DF804204FF001087F1E582868
:100E500004D034A003900EA802900DE036A0F9E76C
:100E600053466046009ADFF7D3F984460398825CC4
:100E70000298401E029002705CEA0100F0D10298D4
:100E800006A9081A00F1200A600702D524F480346C
:100E900000E00127574502DDA7EB0A0000E0002033
:100EA00000EB0A01009005984144401A0590E003C8
:100EB00006D45B462146179A059800F0B3F905441D
:100EC000002706E001A85A46C05D179990476D1C9F
:100ED0007F1C4745F6DBE0030CD55B462146179A9D
:100EE000059800F09FF9054404E030205A46179910
:100EF00090476D1C0099481E00900029F5DC08E021
:100F0000029802995A460078491C02911799904715
:100F10006D1CBAF10001AAF1010AF1DC65E10000E3
:100F200009280100303132333435363738396162BF
:100F30006364656600000000303132333435363783
:100F400038394142434445460000000000F058F95A
:100F50000544761C307800287FF4ECAD19B02846A3
:100F6000BDE8F08F620700D4062709F1070222F0DE
:100F7000070CFCE80223E14603F000485FEA080C96
:100F800002D00FF2702C0DE05FEA045C02D50FF284
:100F9000682C07E05FEAC47C02D00FF2602C01E00D
:100FA000AFF2700C4FF0FF3823F00043CDF850C083
:100FB00065280CD006DC452809D046281DD04728D6
:100FC0003DD13DE0662818D067287ED138E0002169
:100FD000112F01DB112000E0781CCDE9000106A9EA
:100FE0000EA8FFF7DDFCDDE90F010E9A0391002149
:100FF000009207F1010A04914DE04FF00040009784
:10100000CDE9011006A90EA8FFF7CAFCDDE90F0221
:1010100003920E9B11990022DDF80CA0009304921C
:1010200011B9791C00EB010AB7EB0A0004D4C0F136
:10103000FF3007F1010A0490AAEB0700019044E099
:10104000012F00DA01270021112F01DD112000E01E
:101050003846CDE9000106A90EA8FFF7A1FCDDE99D
:101060000F010E9A0391002104910092BA462107C4
:101070000CD40399514500DA8A46BAF1010F05DD17
:10108000009AAAF10101515C302908D0B84202DA75
:1010900010F1040F06DA0121CDE9011015E0AAF1E3
:1010A0000101E9E7002805DC049901440491AAEB59
:1010B000000102E0411C514500DD8A460499401AB6
:1010C000401C01904FF000400290200704D401988A
:1010D000504501DBCDF8048000208DF84F000298C8
:1010E0000DF14F07B0F1004F25D02B200E90029844
:1010F0004FF0020800280CDA404202902D200E909A
:1011000007E00A210298DFF71FFB3031029007F851
:10111000011DB8F10001A8F10108F2DC02980028D5
:10112000EFD1791E0E980870307800F0200040F062
:10113000450007F8020D12A8C01B00F1070814981B
:10114000007800B1012000EB0A01019801EBE07189
:1011500005984144401A401E0590E00306D45B46C2
:101160002146179A059800F05DF805441498007818
:1011700018B15A46179990476D1CE00324D55B4679
:101180002146179A059800F04DF805441CE0049894
:10119000002807DBDDE90301884203DD0098405C9D
:1011A000179901E0179930205A469047049805F1A5
:1011B0000105401C04900198401E019004D12E208E
:1011C0005A46179990476D1CBAF10001AAF1010A1D
:1011D000DDDC05E017F8010B5A46179990476D1CA6
:1011E000B8F10001A8F10108F4DC5B462146179A2A
:1011F0000598ABE62D0000002B0000002000000049
:101200002DE9F041044600251E461746880404D403
:1012100005E039462020B0476D1C641EF9D52846EC
:10122000BDE8F0812DE9F041044600251E469046B8
:10123000C80301D5302700E02027880404D505E045
:1012400041463846B0476D1C641EF9D52846BDE8B6
:10125000F0810A68531C0B601070704782B0CDE9B2
:10126000000121F0004001909DED000B02B051EC17
:10127000100B704710B500EE100A2DED028BB1EE89
:10128000C08A18EE100A20F00040C0F1FF40C00FE5
:101290000AD010EE100A20F00040C0F1FF40C00F4D
:1012A00004BF0120FFF776FB18EE100ABDEC028B9D
:1012B00010BD0000000000004C5555555555A53F88
:1012C0007751C1166CC156BF9015CB19A001FA3EDB
:1012D000AD529C804F7E92BEC4B1B4BD9EEE213E05
:1012E000D43888BEE9FAA8BD00004054FB21F93F7C
:1012F0003163621A61B4D03D0000601A61B4D03D20
:101300007370032E8A19A33B0000002E8A19A33B99
:10131000C14920259A837B390000000000000000AD
:101320006E83F9A22915444ED15727FCC0DD34F550
:10133000999562DB4190433CAB6351FE61C5BBDED6
:101340003A6E24B7E0D24D42EA2E49061C92D109EA
:101350001CEB1DFE3EA729B1F53582E88444BB2E67
:1013600026709CE9417E5FB439D69139F4395383B4
:101370008B5F849C3B28F9BDFF97F81F0F9805DE13
:101380008B112FEF1F6D0A5ACF7E366DB709CB2711
:10139000663F464F2DEA5F9EC7BA27757BF1E5EBA6
:1013A000F739073DEA92528AB15FFB6B085D8D1FEA
:1013B00046300356000000006E83F9A22915444E02
:1013C000D15727FCC0DD34F5999562DB4190433C51
:1013D000AB6351FE00000000A6F810111111813F0F
:1013E000D561C119A0012ABF7DFEB157E31DC73EDB
:1013F000EB9C2B8AE6E55ABE7CD5CF5A3AD9E53D1F
:101400000A180208190E0008FDFF00000000000085
:10141000000200001318020865160008FDFF000016
:1014200000000000000100001A180208DD23000877
:10143000FDFF00000000000000040000EB170208A0
:10144000ED2B0008FDFF000000000000000200007E
:10145000DF17020865320008FDFF000000000000F1
:10146000000100000318020859410008FDFF0000B8
:101470000000000000040000DB170208B1EE0008C5
:10148000FDFF00000000000000040000D01702086B
:10149000DDFC0008FDFF000000000000000100006E
:1014A0000E18020859340108FDFF0000000000007A
:1014B0000002000022180208CD3C0108FDFF0000D8
:1014C0000000000000040000D8170208E9650108C8
:1014D000FDFF00000000000000010000F7170208F7
:1014E000B141010800000000000000008000000081
:1014F00000000000000000000102030406070809C4
:101500000000000001020304005EBCE2613FDD83D5
:10151000C29C7E20A3FD1F419DC3217FFCA2401ED3
:101520005F01E3BD3E6082DC237D9FC1421CFEA0C3
:10153000E1BF5D0380DE3C62BEE0025CDF81633DB3
:101540007C22C09E1D43A1FF4618FAA427799BC5A3
:1015500084DA3866E5BB5907DB856739BAE4065893
:101560001947A5FB7826C49A653BD987045AB8E683
:10157000A7F91B45C6987A24F8A6441A99C7257B73
:101580003A6486D85B05E7B98CD2306EEDB3510F63
:101590004E10F2AC2F7193CD114FADF3702ECC9253
:1015A000D38D6F31B2EC0E50AFF1134DCE90722C43
:1015B0006D33D18F0C52B0EE326C8ED0530DEFB133
:1015C000F0AE4C1291CF2D73CA947628ABF5174923
:1015D0000856B4EA6937D58B5709EBB536688AD413
:1015E00095CB2977F4AA4816E9B7550B88D6346A03
:1015F0002B7597C94A14F6A8742AC896154BA9F7F3
:10160000B6E80A54D7896B35005EBCE2613FDD83E2
:10161000C29C7E20A3FD1F419DC3217FFCA2401ED2
:101620005F01E3BD3E6082DC237D9FC1421CFEA0C2
:10163000E1BF5D0380DE3C62BEE0025CDF81633DB2
:101640007C22C09E1D43A1FF4618FAA427799BC5A2
:1016500084DA3866E5BB5907DB856739BAE4065892
:101660001947A5FB7826C49A653BD987045AB8E682
:10167000A7F91B45C6987A24F8A6441A99C7257B72
:101680003A6486D85B05E7B98CD2306EEDB3510F62
:101690004E10F2AC2F7193CD114FADF3702ECC9252
:1016A000D38D6F31B2EC0E50AFF1134DCE90722C42
:1016B0006D33D18F0C52B0EE326C8ED0530DEFB132
:1016C000F0AE4C1291CF2D73CA947628ABF5174922
:1016D0000856B4EA6937D58B5709EBB536688AD412
:1016E00095CB2977F4AA4816E9B7550B88D6346A02
:1016F0002B7597C94A14F6A8742AC896154BA9F7F2
:10170000B6E80A54D7896B350001020304050607C1
:10171000080C1014182030400000803F000000002A
:1017200000000000000000000000000000000000B9
:10173000000000000000803F0000000000000000EA
:101740000000000000000000000000000000000099
:101750000000803F000000000000000000000000CA
:101760000000000000000000000000000000803FBA
:101770000000000000000000000000000000000069
:1017800000000000000000000000803F000000009A
:101790000000000000000000000000000000000049
:1017A000000000000000803F08040204080101015D
:1017B000010101030701000001000200040006000E
:1017C00008000A000C00100020004000800000010A
:1017D0004B65795F4C454400554900494E530045DF
:1017E00072726F7248616E646C6500436F6D6D75E7
:1017F0006E69636174650064656661756C745461DB
:10180000736B0047696D62616C0041696D00526FD6
:10181000626F0042757A7A6572004368617373691A
:10182000730053686F6F7400564F464100503A255D
:1018300030322E316600593A2530322E316600257D
:101840006300503A2B302E3100593A2B302E3100A4
:101850003200330034003500575553545F524D0069
:101860004B617761736869726F0043444320496E2E
:10187000746572666163650043444320436F6E661E
:1018800069670053544D6963726F656C6563747268
:101890006F6E6963730053544D333220566972740E
:1018A00075616C20436F6D506F72740049444C45F4
:1018B00000000000891112239B322446AD57366583
:1018C000BF74488CC19D5AAFD3BE6CCAE5DB7EE9BC
:1018D000F7F88110080193331A22A5562C47B775E3
:1018E0003E64C99C408DDBBF52AEEDDA64CBFFF99C
:1018F00076E802218B30100299132667AF763444C4
:10190000BD554AADC3BC588ED19F6EEBE7FA7CC87B
:10191000F5D983310A2091121803A7772E66B554A2
:101920003C45CBBD42ACD99E508FEFFB66EAFDD85B
:1019300074C904428D5316619F702004A915322783
:10194000BB364CCEC5DF5EEDD7FC6888E1997AAB3B
:10195000F3BA85520C4397711E60A1142805B33762
:101960003A26CDDE44CFDFFD56ECE9986089FBBB1B
:1019700072AA06638F7214409D512225AB34300643
:10198000B9174EEFC7FE5CCCD5DD6AA9E3B8788AFB
:10199000F19B87730E6295501C41A3352A24B11622
:1019A0003807CFFF46EEDDDC54CDEBB962A8F99ADB
:1019B000708B088481951AA793B62CC2A5D33EE1FB
:1019C000B7F04008C919522BDB3A644EED5F766DD3
:1019D000FF7C899400859BB712A6ADD224C3BFF1CA
:1019E00036E0C1184809D33B5A2AE55E6C4FF77DB3
:1019F0007E6C0AA583B4188691972EE3A7F23CC0AB
:101A0000B5D14229CB38500AD91B666FEF7E744C92
:101A1000FD5D8BB502A499961087AFF326E2BDD089
:101A200034C1C3394A28D11A580BE77F6E6EF55C72
:101A30007C4D0CC685D71EE597F42880A1913AA36A
:101A4000B3B2444ACD5B5669DF78600CE91D722F52
:101A5000FB3E8DD604C79FF516E4A9902081BBB349
:101A600032A2C55A4C4BD7795E68E11C680DF33F32
:101A70007A2E0EE787F61CC495D52AA1A3B038822A
:101A8000B193466BCF7A5448DD59622DEB3C700E12
:101A9000F91F8FF706E69DD414C5ABB122A0B99209
:101AA0003083C77B4E6AD5585C49E33D6A2CF11EF2
:101AB000780F0000891112239B322446AD573665FA
:101AC000BF74488CC19D5AAFD3BE6CCAE5DB7EE9BA
:101AD000F7F88110080193331A22A5562C47B775E1
:101AE0003E64C99C408DDBBF52AEEDDA64CBFFF99A
:101AF00076E802218B30100299132667AF763444C2
:101B0000BD554AADC3BC588ED19F6EEBE7FA7CC879
:101B1000F5D983310A2091121803A7772E66B554A0
:101B20003C45CBBD42ACD99E508FEFFB66EAFDD859
:101B300074C904428D5316619F702004A915322781
:101B4000BB364CCEC5DF5EEDD7FC6888E1997AAB39
:101B5000F3BA85520C4397711E60A1142805B33760
:101B60003A26CDDE44CFDFFD56ECE9986089FBBB19
:101B700072AA06638F7214409D512225AB34300641
:101B8000B9174EEFC7FE5CCCD5DD6AA9E3B8788AF9
:101B9000F19B87730E6295501C41A3352A24B11620
:101BA0003807CFFF46EEDDDC54CDEBB962A8F99AD9
:101BB000708B088481951AA793B62CC2A5D33EE1F9
:101BC000B7F04008C919522BDB3A644EED5F766DD1
:101BD000FF7C899400859BB712A6ADD224C3BFF1C8
:101BE00036E0C1184809D33B5A2AE55E6C4FF77DB1
:101BF0007E6C0AA583B4188691972EE3A7F23CC0A9
:101C0000B5D14229CB38500AD91B666FEF7E744C90
:101C1000FD5D8BB502A499961087AFF326E2BDD087
:101C200034C1C3394A28D11A580BE77F6E6EF55C70
:101C30007C4D0CC685D71EE597F42880A1913AA368
:101C4000B3B2444ACD5B5669DF78600CE91D722F50
:101C5000FB3E8DD604C79FF516E4A9902081BBB347
:101C600032A2C55A4C4BD7795E68E11C680DF33F30
:101C70007A2E0EE787F61CC495D52AA1A3B0388228
:101C8000B193466BCF7A5448DD59622DEB3C700E10
:101C9000F91F8FF706E69DD414C5ABB122A0B99207
:101CA0003083C77B4E6AD5585C49E33D6A2CF11EF0
:101CB000780F0000D81C020800000020500500002A
:101CC000840A0008F01E020850050020D8400100D8
:101CD0008409020800000000014220099A9919BFF6
:101CE0003333B33F100B3333EB3A58A08B3AE47ADB
:101CF000222027A041CDCC80421A20042350411835
:101D00000C34C28D740108C9760108E5041E0D77F4
:101D10000108E9041EB172010879104115FFFF1096
:101D20002708081250C347CDCCCC3D0409531C11E1
:101D30000B1AC8421C6194A0400103A834C213ECE2
:101D400028D22014401C461C409C46D03A41041323
:101D500024F4400D697501081D7401087D7801089F
:101D60001AA90C1E01730108C504C11A39281A21C9
:101D7000041A51042A090413024313020125C03234
:101D800009041B01020B1305241610010524011080
:101D9000090104240202052406170107058203082D
:101DA000151009040133020A2E0705010240072A13
:101DB000810711093744113A02441907111A121701
:101DC0001302021E40830440574D240203012B0AD4
:101DD000061A111A400B112B0907640A3B04A813B9
:101DE000511C1B084D0413F11B1B0885081AB50470
:101DF000071A040309041A0383807F2B20418821DA
:101E000023BE4303A8A0C113EC084220559A991998
:101E10003F14401C460410409C4649DCA11E58015A
:101E200001202B0412EF1C01200D081AFE081A1CB9
:101E3000081A95081A86041AA4041AE0041AD10490
:101E40001AB3041A68042A770C19241A49042A5967
:101E5000101908180A470401201B03012039041A2D
:101E600048041A57041A66041A75041EA3020120B6
:101E700094041A85041A76041A67041AA2181A938D
:101E8000041AC10C1A2A081AB1041ACF041ADE0463
:101E90002AEF8819041AC00C1AB2201A835C1ABFE0
:101EA000041AFB041E37050120DF141A0D041A1C46
:101EB000041A2B041A3A041A49041A0B2029E03296
:101EC000101AAA01157D04017C100F0240AB0341DA
:101ED00001055308065804070F160810810911164A
:101EE0000A15800B1605000C18010D0000000000FB
:04000005080001D915
:00000001FF
